-- MySQL dump 10.13  Distrib 5.7.16, for osx10.11 (x86_64)
--
-- Host: localhost    Database: scdpromis
-- ------------------------------------------------------
-- Server version	5.7.16

/*!40101 SET @OLD_CHARACTER_SET_CLIENT=@@CHARACTER_SET_CLIENT */;
/*!40101 SET @OLD_CHARACTER_SET_RESULTS=@@CHARACTER_SET_RESULTS */;
/*!40101 SET @OLD_COLLATION_CONNECTION=@@COLLATION_CONNECTION */;
/*!40101 SET NAMES utf8 */;
/*!40103 SET @OLD_TIME_ZONE=@@TIME_ZONE */;
/*!40103 SET TIME_ZONE='+00:00' */;
/*!40014 SET @OLD_UNIQUE_CHECKS=@@UNIQUE_CHECKS, UNIQUE_CHECKS=0 */;
/*!40014 SET @OLD_FOREIGN_KEY_CHECKS=@@FOREIGN_KEY_CHECKS, FOREIGN_KEY_CHECKS=0 */;
/*!40101 SET @OLD_SQL_MODE=@@SQL_MODE, SQL_MODE='NO_AUTO_VALUE_ON_ZERO' */;
/*!40111 SET @OLD_SQL_NOTES=@@SQL_NOTES, SQL_NOTES=0 */;

--
-- Table structure for table `activity`
--

DROP TABLE IF EXISTS `activity`;
/*!40101 SET @saved_cs_client     = @@character_set_client */;
/*!40101 SET character_set_client = utf8 */;
CREATE TABLE `activity` (
  `ActivityId` char(36) NOT NULL,
  `ActivityName` varchar(256) NOT NULL,
  `ActivityType` varchar(256) NOT NULL,
  `Description` varchar(256) DEFAULT NULL,
  `canonicalOrder` varchar(45) DEFAULT NULL,
  `metadata` varchar(256) DEFAULT NULL,
  PRIMARY KEY (`ActivityId`)
) ENGINE=InnoDB DEFAULT CHARSET=utf8;
/*!40101 SET character_set_client = @saved_cs_client */;

--
-- Dumping data for table `activity`
--

LOCK TABLES `activity` WRITE;
/*!40000 ALTER TABLE `activity` DISABLE KEYS */;
INSERT INTO `activity` VALUES ('CA1','Container Activity','Parent Activity','parent activity containing the sub activity sequence','INTERLEAVE_ORDER',NULL),('CA2','Container Activity','Sub Parent Activity','activity containing survey template and game reminder','INTERLEAVE_ORDER','{\"defaulttime\": {\"duration\": \"48\",\"units\": \"hrs\"},\"mandatoryblocks\": [\"PI\", \"PR_PainInt\", \"PR_Anxiety\", \"PR_Fatigue\", \"PR_PhysFuncMob\", \"CAT\"],\"typeoFActivity\":\"Weekly\"}'),('CA2_WITHOUT_PI','Container Activity','Sub Parent Activity','activity containing survey template and game reminder','INTERLEAVE_ORDER','{\"defaulttime\": {\"duration\": \"48\",\"units\": \"hrs\"},\"mandatoryblocks\": [\"PR_PainInt\", \"PR_Anxiety\", \"PR_Fatigue\", \"PR_PhysFuncMob\", \"CAT\"],\"typeoFActivity\":\"Weekly\"}'),('CA3','Container Activity','Parent Activity','Parent activty for daily survey questions ','INTERLEAVE_ORDER','{\"defaulttime\": {\"duration\": \"24\",\"units\": \"hrs\"},\"mandatoryblocks\": [\"PI\", \"MA\"],\"typeoFActivity\":\"Daily\"}'),('CA3_WITHOUT_PI','Container Activity','Parent Activity','Parent activty for daily survey questions ','INTERLEAVE_ORDER','{\"defaulttime\": {\"duration\": \"24\",\"units\": \"hrs\"},\"mandatoryblocks\": [\"MA\"],\"typeoFActivity\":\"Daily\"}'),('CA4','demo activity','demo activity','question for demo activity survey','INTERLEAVE_ORDER','\"mandatory\": [\"PI\",\"PR_PainInt\",\"PR_Anxiety\"]'),('CAT','Computer Adaptive Testing','Computer Adaptive','questions for adaptive testing',NULL,NULL),('MA','Medical Adherence','survey template','activity related to asking medical adherence questions','','{\"defaulttime\": {\"duration\": \"24\",\"units\": \"hrs\"},\"mandatoryblocks\": [\"MA\"],\"typeoFActivity\":\"Daily\"}'),('PI_DAILY','Daily Pain Intensity','Pain Intensity','question for pain intensity on body pain',NULL,NULL),('PI_WEEKLY','Weekly Pain Intensity','Pain Intensity','question for pain intensity on body pain',NULL,NULL),('PR_24SQ','Promis Survey Template','aggregated survey template','aggregative questions from the four survey template','RANDOM',NULL),('PR_2SQ','demo survey block','demo survey block','question for 2 survey block','RANDOM',NULL),('PR_4SQ','Daily Survey Template','aggregated survey template','aggregative questions from the four survey template','RANDOM',NULL),('PR_Adaptive','Adaptive Questions','Adaptive','Additional Adaptive questions for the survey',NULL,NULL),('PR_Anxiety','Anxiety','survey template','question for anxiety on the survey block','RANDOM',NULL),('PR_Fatigue','Fatigue','survey template','question for fatigue on the survey block','RANDOM',NULL),('PR_PainInt','Pain Interference','survey template','question for pain interference on the survey block','RANDOM',NULL),('PR_PhysFuncMob','Physical Function','survey template','question for physical function on the survey block','RANDOM',NULL);
/*!40000 ALTER TABLE `activity` ENABLE KEYS */;
UNLOCK TABLES;

--
-- Table structure for table `activity_badges`
--

DROP TABLE IF EXISTS `activity_badges`;
/*!40101 SET @saved_cs_client     = @@character_set_client */;
/*!40101 SET character_set_client = utf8 */;
CREATE TABLE `activity_badges` (
  `Id` int(11) NOT NULL AUTO_INCREMENT,
  `ActivityType` enum('Weekly','Daily') NOT NULL,
  `ActivityCount` int(11) NOT NULL,
  `BadgeIdFK` int(11) NOT NULL,
  PRIMARY KEY (`Id`),
  KEY `BadgeIdFK3_idx` (`BadgeIdFK`),
  CONSTRAINT `BadgeIdFK3` FOREIGN KEY (`BadgeIdFK`) REFERENCES `badges` (`Id`) ON DELETE NO ACTION ON UPDATE NO ACTION
) ENGINE=InnoDB AUTO_INCREMENT=9 DEFAULT CHARSET=utf8;
/*!40101 SET character_set_client = @saved_cs_client */;

--
-- Dumping data for table `activity_badges`
--

LOCK TABLES `activity_badges` WRITE;
/*!40000 ALTER TABLE `activity_badges` DISABLE KEYS */;
INSERT INTO `activity_badges` VALUES (1,'Weekly',1,1),(2,'Weekly',2,1),(3,'Weekly',3,2),(4,'Weekly',5,3),(5,'Daily',1,4),(6,'Daily',2,4),(7,'Daily',3,5),(8,'Daily',5,6);
/*!40000 ALTER TABLE `activity_badges` ENABLE KEYS */;
UNLOCK TABLES;

--
-- Table structure for table `activity_instance`
--

DROP TABLE IF EXISTS `activity_instance`;
/*!40101 SET @saved_cs_client     = @@character_set_client */;
/*!40101 SET character_set_client = utf8 */;
CREATE TABLE `activity_instance` (
  `ActivityInstanceId` int(11) NOT NULL AUTO_INCREMENT,
  `StartTime` datetime NOT NULL,
  `EndTime` datetime NOT NULL,
  `UserSubmissionTime` datetime DEFAULT NULL,
  `ActualSubmissionTime` datetime DEFAULT NULL,
  `State` varchar(256) NOT NULL,
  `PatientPinFK` varchar(5) NOT NULL,
  `Sequence` varchar(2048) NOT NULL,
  `CreatedAt` datetime NOT NULL,
  `UpdatedAt` datetime DEFAULT NULL,
  `DeletedAt` datetime DEFAULT NULL,
  `activityTitle` varchar(45) NOT NULL,
  `description` varchar(100) NOT NULL,
  PRIMARY KEY (`ActivityInstanceId`),
  KEY `PatientPinFK` (`PatientPinFK`),
  CONSTRAINT `activity_instance_ibfk_1` FOREIGN KEY (`PatientPinFK`) REFERENCES `patients` (`PatientPin`) ON UPDATE CASCADE
) ENGINE=InnoDB AUTO_INCREMENT=5130 DEFAULT CHARSET=utf8;
/*!40101 SET character_set_client = @saved_cs_client */;

--
-- Dumping data for table `activity_instance`
--

LOCK TABLES `activity_instance` WRITE;
/*!40000 ALTER TABLE `activity_instance` DISABLE KEYS */;
INSERT INTO `activity_instance` VALUES (1479,'2016-12-16 06:59:07','2016-12-17 23:59:00','2016-12-16 07:14:46','2016-12-16 07:14:48','completed','2001','{\"sequence\":[\"PI_WEEKLY\",\"PR_Anxiety\",\"PR_Fatigue\",\"PR_PainInt\",\"PR_PhysFuncMob\",\"CAT\"],\"parentactivity\":\"CA2\"}','2016-12-16 06:58:07',NULL,NULL,'Sickle Cell Weekly Survey','Weekly Survey To be completed for Sickle Cell disease patients'),(1480,'2016-12-16 06:59:13','2016-12-17 04:59:00','2016-12-16 07:12:32','2016-12-16 07:12:33','completed','2001','{\"sequence\":[\"PI_DAILY\",\"MA\"],\"parentactivity\":\"CA3\"}','2016-12-16 06:58:14',NULL,NULL,'Sickle Cell Daily Survey','Daily Survey To be completed for Sickle Cell disease patients'),(1485,'2016-12-16 07:00:45','2016-12-17 23:59:00','2016-12-16 07:20:38','2016-12-16 07:20:38','completed','4001','{\"sequence\":[\"PI_WEEKLY\",\"PR_PainInt\",\"PR_Fatigue\",\"PR_Anxiety\",\"PR_PhysFuncMob\",\"CAT\"],\"parentactivity\":\"CA2\"}','2016-12-16 06:59:45',NULL,NULL,'Sickle Cell Weekly Survey','Weekly Survey To be completed for Sickle Cell disease patients'),(1486,'2016-12-16 07:00:48','2016-12-17 23:59:00','2016-12-16 07:57:20','2016-12-16 07:57:20','completed','4001','{\"sequence\":[\"PI_WEEKLY\",\"PR_PainInt\",\"PR_PhysFuncMob\",\"PR_Anxiety\",\"PR_Fatigue\",\"CAT\"],\"parentactivity\":\"CA2\"}','2016-12-16 06:59:48',NULL,NULL,'Sickle Cell Weekly Survey','Weekly Survey To be completed for Sickle Cell disease patients'),(1487,'2016-12-16 07:00:52','2016-12-17 04:59:00','2016-12-16 07:56:34','2016-12-16 07:56:35','completed','4001','{\"sequence\":[\"PI_DAILY\",\"MA\"],\"parentactivity\":\"CA3\"}','2016-12-16 06:59:52',NULL,NULL,'Sickle Cell Daily Survey','Daily Survey To be completed for Sickle Cell disease patients'),(1488,'2016-12-16 07:00:54','2016-12-17 04:59:00','2016-12-16 07:55:57','2016-12-16 07:55:58','completed','4001','{\"sequence\":[\"PI_DAILY\",\"MA\"],\"parentactivity\":\"CA3\"}','2016-12-16 06:59:54',NULL,NULL,'Sickle Cell Daily Survey','Daily Survey To be completed for Sickle Cell disease patients'),(1489,'2016-12-16 05:01:00','2016-12-17 04:59:00',NULL,NULL,'expired','4001','{\"sequence\":[\"PI_DAILY\",\"MA\"],\"parentactivity\":\"CA3\"}','2016-12-16 06:59:59',NULL,NULL,'Sickle Cell Daily Survey','Daily Survey To be completed for Sickle Cell disease patients'),(1490,'2016-12-16 07:24:02','2016-12-17 04:59:00','2016-12-16 07:24:31','2016-12-16 07:24:32','completed','2001','{\"sequence\":[\"PI_DAILY\",\"MA\"],\"parentactivity\":\"CA3\"}','2016-12-16 07:23:02',NULL,NULL,'Sickle Cell Daily Survey','Daily Survey To be completed for Sickle Cell disease patients'),(1586,'2016-12-18 05:09:24','2016-12-20 04:59:00',NULL,NULL,'expired','2001','{\"sequence\":[\"PI_WEEKLY\",\"PR_Fatigue\",\"PR_Anxiety\",\"PR_PainInt\",\"PR_PhysFuncMob\",\"CAT\"],\"parentactivity\":\"CA2\"}','2016-12-18 05:08:24',NULL,NULL,'Sickle Cell Weekly Survey','Weekly Survey To be completed for Sickle Cell disease patients'),(1587,'2016-12-18 05:09:28','2016-12-19 04:59:00',NULL,NULL,'expired','2001','{\"sequence\":[\"PI_DAILY\",\"MA\"],\"parentactivity\":\"CA3\"}','2016-12-18 05:08:28',NULL,NULL,'Sickle Cell Daily Survey','Daily Survey To be completed for Sickle Cell disease patients'),(1588,'2016-12-18 05:09:36','2016-12-19 04:59:00',NULL,NULL,'expired','3001','{\"sequence\":[\"PI_DAILY\",\"MA\"],\"parentactivity\":\"CA3\"}','2016-12-18 05:08:36',NULL,NULL,'Sickle Cell Daily Survey','Daily Survey To be completed for Sickle Cell disease patients'),(1589,'2016-12-18 05:09:40','2016-12-20 04:59:00',NULL,NULL,'expired','3001','{\"sequence\":[\"PI_WEEKLY\",\"PR_PhysFuncMob\",\"PR_Anxiety\",\"PR_PainInt\",\"PR_Fatigue\",\"CAT\"],\"parentactivity\":\"CA2\"}','2016-12-18 05:08:40',NULL,NULL,'Sickle Cell Weekly Survey','Weekly Survey To be completed for Sickle Cell disease patients'),(1590,'2016-12-18 05:09:45','2016-12-20 04:59:00',NULL,NULL,'expired','4001','{\"sequence\":[\"PI_WEEKLY\",\"PR_PhysFuncMob\",\"PR_Anxiety\",\"PR_PainInt\",\"PR_Fatigue\",\"CAT\"],\"parentactivity\":\"CA2\"}','2016-12-18 05:08:45',NULL,NULL,'Sickle Cell Weekly Survey','Weekly Survey To be completed for Sickle Cell disease patients'),(1591,'2016-12-18 05:09:49','2016-12-19 04:59:00',NULL,NULL,'expired','4001','{\"sequence\":[\"PI_DAILY\",\"MA\"],\"parentactivity\":\"CA3\"}','2016-12-18 05:08:49',NULL,NULL,'Sickle Cell Daily Survey','Daily Survey To be completed for Sickle Cell disease patients'),(2074,'2017-01-19 17:53:27','2017-01-20 04:59:00','2017-01-19 18:09:45','2017-01-19 18:09:45','completed','4001','{\"sequence\":[\"PI_DAILY\",\"MA\"],\"parentactivity\":\"CA3\"}','2017-01-19 17:52:27',NULL,NULL,'Sickle Cell Daily Survey','Daily Survey To be completed for Sickle Cell disease patients'),(2075,'2017-01-19 22:02:48','2017-01-21 04:59:00','2017-01-19 22:04:05','2017-01-19 22:04:06','completed','4001','{\"sequence\":[\"PI_WEEKLY\",\"PR_PhysFuncMob\",\"PR_Anxiety\",\"PR_Fatigue\",\"PR_PainInt\",\"CAT\"],\"parentactivity\":\"CA2\"}','2017-01-19 22:01:48',NULL,NULL,'Sickle Cell Weekly Survey','Weekly Survey To be completed for Sickle Cell disease patients'),(2076,'2017-01-19 22:14:39','2017-01-20 04:59:00',NULL,NULL,'expired','4001','{\"sequence\":[\"PI_DAILY\",\"MA\"],\"parentactivity\":\"CA3\"}','2017-01-19 22:13:39',NULL,NULL,'Sickle Cell Daily Survey','Daily Survey To be completed for Sickle Cell disease patients'),(2077,'2017-01-23 17:33:26','2017-01-24 04:59:00',NULL,NULL,'expired','4001','{\"sequence\":[\"PI_DAILY\",\"MA\"],\"parentactivity\":\"CA3\"}','2017-01-23 17:32:26',NULL,NULL,'Sickle Cell Daily Survey','Daily Survey To be completed for Sickle Cell disease patients'),(2120,'2017-02-04 17:08:17','2017-02-05 04:59:00',NULL,NULL,'expired','4001','{\"sequence\":[\"PI_DAILY\",\"MA\"],\"parentactivity\":\"CA3\"}','2017-02-04 17:07:17',NULL,NULL,'Sickle Cell Daily Survey','Daily Survey To be completed for Sickle Cell disease patients'),(2121,'2017-02-04 17:08:19','2017-02-05 04:59:00',NULL,NULL,'expired','4001','{\"sequence\":[\"PI_DAILY\",\"MA\"],\"parentactivity\":\"CA3\"}','2017-02-04 17:07:19',NULL,NULL,'Sickle Cell Daily Survey','Daily Survey To be completed for Sickle Cell disease patients'),(2122,'2017-02-04 17:08:23','2017-02-06 04:59:00',NULL,NULL,'expired','4001','{\"sequence\":[\"PI_WEEKLY\",\"PR_PainInt\",\"PR_PhysFuncMob\",\"PR_Anxiety\",\"PR_Fatigue\",\"CAT\"],\"parentactivity\":\"CA2\"}','2017-02-04 17:07:23',NULL,NULL,'Sickle Cell Weekly Survey','Weekly Survey To be completed for Sickle Cell disease patients'),(2123,'2017-02-04 17:08:24','2017-02-06 04:59:00',NULL,NULL,'expired','4001','{\"sequence\":[\"PI_WEEKLY\",\"PR_Fatigue\",\"PR_PhysFuncMob\",\"PR_PainInt\",\"PR_Anxiety\",\"CAT\"],\"parentactivity\":\"CA2\"}','2017-02-04 17:07:24',NULL,NULL,'Sickle Cell Weekly Survey','Weekly Survey To be completed for Sickle Cell disease patients'),(3384,'2017-04-12 05:01:00','2017-04-13 04:59:00',NULL,NULL,'expired','2001','{\"sequence\":[\"PI_DAILY\",\"MA\"],\"parentactivity\":\"CA3\"}','2017-04-12 15:00:00',NULL,NULL,'Sickle Cell Daily Survey','Daily Survey To be completed for Sickle Cell disease patients'),(3385,'2017-04-13 05:01:00','2017-04-14 04:59:00',NULL,NULL,'expired','2001','{\"sequence\":[\"PI_DAILY\",\"MA\"],\"parentactivity\":\"CA3\"}','2017-04-12 15:00:00',NULL,NULL,'Sickle Cell Daily Survey','Daily Survey To be completed for Sickle Cell disease patients'),(3386,'2017-04-14 05:01:00','2017-04-15 04:59:00',NULL,NULL,'expired','2001','{\"sequence\":[\"PI_DAILY\",\"MA\"],\"parentactivity\":\"CA3\"}','2017-04-12 15:00:00',NULL,NULL,'Sickle Cell Daily Survey','Daily Survey To be completed for Sickle Cell disease patients'),(3387,'2017-04-15 05:01:00','2017-04-16 04:59:00',NULL,NULL,'expired','2001','{\"sequence\":[\"PI_DAILY\",\"MA\"],\"parentactivity\":\"CA3\"}','2017-04-12 15:00:00',NULL,NULL,'Sickle Cell Daily Survey','Daily Survey To be completed for Sickle Cell disease patients'),(3388,'2017-04-16 05:01:00','2017-04-17 04:59:00',NULL,NULL,'expired','2001','{\"sequence\":[\"PI_DAILY\",\"MA\"],\"parentactivity\":\"CA3\"}','2017-04-12 15:00:00',NULL,NULL,'Sickle Cell Daily Survey','Daily Survey To be completed for Sickle Cell disease patients'),(3389,'2017-04-17 05:01:00','2017-04-18 04:59:00',NULL,NULL,'expired','2001','{\"sequence\":[\"PI_DAILY\",\"MA\"],\"parentactivity\":\"CA3\"}','2017-04-12 15:00:00',NULL,NULL,'Sickle Cell Daily Survey','Daily Survey To be completed for Sickle Cell disease patients'),(3390,'2017-04-18 05:01:00','2017-04-19 04:59:00',NULL,NULL,'expired','2001','{\"sequence\":[\"PI_DAILY\",\"MA\"],\"parentactivity\":\"CA3\"}','2017-04-12 15:00:00',NULL,NULL,'Sickle Cell Daily Survey','Daily Survey To be completed for Sickle Cell disease patients'),(3391,'2017-04-19 05:01:00','2017-04-20 04:59:00',NULL,NULL,'expired','2001','{\"sequence\":[\"PI_DAILY\",\"MA\"],\"parentactivity\":\"CA3\"}','2017-04-12 15:00:00',NULL,NULL,'Sickle Cell Daily Survey','Daily Survey To be completed for Sickle Cell disease patients'),(3392,'2017-04-20 05:01:00','2017-04-21 04:59:00',NULL,NULL,'expired','2001','{\"sequence\":[\"PI_DAILY\",\"MA\"],\"parentactivity\":\"CA3\"}','2017-04-12 15:00:00',NULL,NULL,'Sickle Cell Daily Survey','Daily Survey To be completed for Sickle Cell disease patients'),(3393,'2017-04-21 05:01:00','2017-04-22 04:59:00',NULL,NULL,'expired','2001','{\"sequence\":[\"PI_DAILY\",\"MA\"],\"parentactivity\":\"CA3\"}','2017-04-12 15:00:00',NULL,NULL,'Sickle Cell Daily Survey','Daily Survey To be completed for Sickle Cell disease patients'),(3394,'2017-04-22 05:01:00','2017-04-23 04:59:00',NULL,NULL,'expired','2001','{\"sequence\":[\"PI_DAILY\",\"MA\"],\"parentactivity\":\"CA3\"}','2017-04-12 15:00:00',NULL,NULL,'Sickle Cell Daily Survey','Daily Survey To be completed for Sickle Cell disease patients'),(3395,'2017-04-23 05:01:00','2017-04-24 04:59:00',NULL,NULL,'expired','2001','{\"sequence\":[\"PI_DAILY\",\"MA\"],\"parentactivity\":\"CA3\"}','2017-04-12 15:00:00',NULL,NULL,'Sickle Cell Daily Survey','Daily Survey To be completed for Sickle Cell disease patients'),(3396,'2017-04-24 05:01:00','2017-04-25 04:59:00',NULL,NULL,'expired','2001','{\"sequence\":[\"PI_DAILY\",\"MA\"],\"parentactivity\":\"CA3\"}','2017-04-12 15:00:00',NULL,NULL,'Sickle Cell Daily Survey','Daily Survey To be completed for Sickle Cell disease patients'),(3397,'2017-04-25 05:01:00','2017-04-26 04:59:00',NULL,NULL,'expired','2001','{\"sequence\":[\"PI_DAILY\",\"MA\"],\"parentactivity\":\"CA3\"}','2017-04-12 15:00:00',NULL,NULL,'Sickle Cell Daily Survey','Daily Survey To be completed for Sickle Cell disease patients'),(3398,'2017-04-26 05:01:00','2017-04-27 04:59:00',NULL,NULL,'expired','2001','{\"sequence\":[\"PI_DAILY\",\"MA\"],\"parentactivity\":\"CA3\"}','2017-04-12 15:00:00',NULL,NULL,'Sickle Cell Daily Survey','Daily Survey To be completed for Sickle Cell disease patients'),(3399,'2017-04-27 05:01:00','2017-04-28 04:59:00',NULL,NULL,'expired','2001','{\"sequence\":[\"PI_DAILY\",\"MA\"],\"parentactivity\":\"CA3\"}','2017-04-12 15:00:00',NULL,NULL,'Sickle Cell Daily Survey','Daily Survey To be completed for Sickle Cell disease patients'),(3400,'2017-04-28 05:01:00','2017-04-29 04:59:00','2017-04-28 22:31:20','2017-04-28 22:31:20','completed','2001','{\"sequence\":[\"PI_DAILY\",\"MA\"],\"parentactivity\":\"CA3\"}','2017-04-12 15:00:00',NULL,NULL,'Sickle Cell Daily Survey','Daily Survey To be completed for Sickle Cell disease patients'),(3401,'2017-04-29 05:01:00','2017-04-30 04:59:00',NULL,NULL,'expired','2001','{\"sequence\":[\"PI_DAILY\",\"MA\"],\"parentactivity\":\"CA3\"}','2017-04-12 15:00:00',NULL,NULL,'Sickle Cell Daily Survey','Daily Survey To be completed for Sickle Cell disease patients'),(3402,'2017-04-30 05:01:00','2017-05-01 04:59:00',NULL,NULL,'expired','2001','{\"sequence\":[\"PI_DAILY\",\"MA\"],\"parentactivity\":\"CA3\"}','2017-04-12 15:00:00',NULL,NULL,'Sickle Cell Daily Survey','Daily Survey To be completed for Sickle Cell disease patients'),(3403,'2017-05-01 05:01:00','2017-05-02 04:59:00',NULL,NULL,'expired','2001','{\"sequence\":[\"PI_DAILY\",\"MA\"],\"parentactivity\":\"CA3\"}','2017-04-12 15:00:00',NULL,NULL,'Sickle Cell Daily Survey','Daily Survey To be completed for Sickle Cell disease patients'),(3404,'2017-05-02 05:01:00','2017-05-03 04:59:00',NULL,NULL,'expired','2001','{\"sequence\":[\"PI_DAILY\",\"MA\"],\"parentactivity\":\"CA3\"}','2017-04-12 15:00:00',NULL,NULL,'Sickle Cell Daily Survey','Daily Survey To be completed for Sickle Cell disease patients'),(3405,'2017-05-03 05:01:00','2017-05-04 04:59:00',NULL,NULL,'expired','2001','{\"sequence\":[\"PI_DAILY\",\"MA\"],\"parentactivity\":\"CA3\"}','2017-04-12 15:00:00',NULL,NULL,'Sickle Cell Daily Survey','Daily Survey To be completed for Sickle Cell disease patients'),(3406,'2017-05-04 05:01:00','2017-05-05 04:59:00',NULL,NULL,'expired','2001','{\"sequence\":[\"PI_DAILY\",\"MA\"],\"parentactivity\":\"CA3\"}','2017-04-12 15:00:00',NULL,NULL,'Sickle Cell Daily Survey','Daily Survey To be completed for Sickle Cell disease patients'),(3407,'2017-05-05 05:01:00','2017-05-06 04:59:00',NULL,NULL,'expired','2001','{\"sequence\":[\"PI_DAILY\",\"MA\"],\"parentactivity\":\"CA3\"}','2017-04-12 15:00:00',NULL,NULL,'Sickle Cell Daily Survey','Daily Survey To be completed for Sickle Cell disease patients'),(3408,'2017-05-06 05:01:00','2017-05-07 04:59:00',NULL,NULL,'expired','2001','{\"sequence\":[\"PI_DAILY\",\"MA\"],\"parentactivity\":\"CA3\"}','2017-04-12 15:00:00',NULL,NULL,'Sickle Cell Daily Survey','Daily Survey To be completed for Sickle Cell disease patients'),(3409,'2017-05-07 05:01:00','2017-05-08 04:59:00',NULL,NULL,'expired','2001','{\"sequence\":[\"PI_DAILY\",\"MA\"],\"parentactivity\":\"CA3\"}','2017-04-12 15:00:00',NULL,NULL,'Sickle Cell Daily Survey','Daily Survey To be completed for Sickle Cell disease patients'),(3410,'2017-05-08 05:01:00','2017-05-09 04:59:00',NULL,NULL,'expired','2001','{\"sequence\":[\"PI_DAILY\",\"MA\"],\"parentactivity\":\"CA3\"}','2017-04-12 15:00:00',NULL,NULL,'Sickle Cell Daily Survey','Daily Survey To be completed for Sickle Cell disease patients'),(3411,'2017-05-09 05:01:00','2017-05-10 04:59:00',NULL,NULL,'expired','2001','{\"sequence\":[\"PI_DAILY\",\"MA\"],\"parentactivity\":\"CA3\"}','2017-04-12 15:00:00',NULL,NULL,'Sickle Cell Daily Survey','Daily Survey To be completed for Sickle Cell disease patients'),(3412,'2017-05-10 05:01:00','2017-05-11 04:59:00',NULL,NULL,'expired','2001','{\"sequence\":[\"PI_DAILY\",\"MA\"],\"parentactivity\":\"CA3\"}','2017-04-12 15:00:00',NULL,NULL,'Sickle Cell Daily Survey','Daily Survey To be completed for Sickle Cell disease patients'),(3413,'2017-05-11 05:01:00','2017-05-12 04:59:00',NULL,NULL,'expired','2001','{\"sequence\":[\"PI_DAILY\",\"MA\"],\"parentactivity\":\"CA3\"}','2017-04-12 15:00:00',NULL,NULL,'Sickle Cell Daily Survey','Daily Survey To be completed for Sickle Cell disease patients'),(3414,'2017-05-12 05:01:00','2017-05-13 04:59:00',NULL,NULL,'expired','2001','{\"sequence\":[\"PI_DAILY\",\"MA\"],\"parentactivity\":\"CA3\"}','2017-04-12 15:00:00',NULL,NULL,'Sickle Cell Daily Survey','Daily Survey To be completed for Sickle Cell disease patients'),(3415,'2017-05-13 05:01:00','2017-05-14 04:59:00',NULL,NULL,'expired','2001','{\"sequence\":[\"PI_DAILY\",\"MA\"],\"parentactivity\":\"CA3\"}','2017-04-12 15:00:00',NULL,NULL,'Sickle Cell Daily Survey','Daily Survey To be completed for Sickle Cell disease patients'),(3416,'2017-05-14 05:01:00','2017-05-15 04:59:00',NULL,NULL,'expired','2001','{\"sequence\":[\"PI_DAILY\",\"MA\"],\"parentactivity\":\"CA3\"}','2017-04-12 15:00:00',NULL,NULL,'Sickle Cell Daily Survey','Daily Survey To be completed for Sickle Cell disease patients'),(3417,'2017-05-15 05:01:00','2017-05-16 04:59:00',NULL,NULL,'expired','2001','{\"sequence\":[\"PI_DAILY\",\"MA\"],\"parentactivity\":\"CA3\"}','2017-04-12 15:00:00',NULL,NULL,'Sickle Cell Daily Survey','Daily Survey To be completed for Sickle Cell disease patients'),(3418,'2017-05-16 05:01:00','2017-05-17 04:59:00',NULL,NULL,'expired','2001','{\"sequence\":[\"PI_DAILY\",\"MA\"],\"parentactivity\":\"CA3\"}','2017-04-12 15:00:00',NULL,NULL,'Sickle Cell Daily Survey','Daily Survey To be completed for Sickle Cell disease patients'),(3419,'2017-05-17 05:01:00','2017-05-18 04:59:00',NULL,NULL,'expired','2001','{\"sequence\":[\"PI_DAILY\",\"MA\"],\"parentactivity\":\"CA3\"}','2017-04-12 15:00:00',NULL,NULL,'Sickle Cell Daily Survey','Daily Survey To be completed for Sickle Cell disease patients'),(3420,'2017-05-18 05:01:00','2017-05-19 04:59:00',NULL,NULL,'expired','2001','{\"sequence\":[\"PI_DAILY\",\"MA\"],\"parentactivity\":\"CA3\"}','2017-04-12 15:00:00',NULL,NULL,'Sickle Cell Daily Survey','Daily Survey To be completed for Sickle Cell disease patients'),(3421,'2017-05-19 05:01:00','2017-05-20 04:59:00',NULL,NULL,'expired','2001','{\"sequence\":[\"PI_DAILY\",\"MA\"],\"parentactivity\":\"CA3\"}','2017-04-12 15:00:00',NULL,NULL,'Sickle Cell Daily Survey','Daily Survey To be completed for Sickle Cell disease patients'),(3422,'2017-05-20 05:01:00','2017-05-21 04:59:00',NULL,NULL,'expired','2001','{\"sequence\":[\"PI_DAILY\",\"MA\"],\"parentactivity\":\"CA3\"}','2017-04-12 15:00:00',NULL,NULL,'Sickle Cell Daily Survey','Daily Survey To be completed for Sickle Cell disease patients'),(3423,'2017-05-21 05:01:00','2017-05-22 04:59:00',NULL,NULL,'expired','2001','{\"sequence\":[\"PI_DAILY\",\"MA\"],\"parentactivity\":\"CA3\"}','2017-04-12 15:00:00',NULL,NULL,'Sickle Cell Daily Survey','Daily Survey To be completed for Sickle Cell disease patients'),(3424,'2017-05-22 05:01:00','2017-05-23 04:59:00',NULL,NULL,'expired','2001','{\"sequence\":[\"PI_DAILY\",\"MA\"],\"parentactivity\":\"CA3\"}','2017-04-12 15:00:00',NULL,NULL,'Sickle Cell Daily Survey','Daily Survey To be completed for Sickle Cell disease patients'),(3425,'2017-05-23 05:01:00','2017-05-24 04:59:00',NULL,NULL,'expired','2001','{\"sequence\":[\"PI_DAILY\",\"MA\"],\"parentactivity\":\"CA3\"}','2017-04-12 15:00:00',NULL,NULL,'Sickle Cell Daily Survey','Daily Survey To be completed for Sickle Cell disease patients'),(3426,'2017-05-24 05:01:00','2017-05-25 04:59:00',NULL,NULL,'expired','2001','{\"sequence\":[\"PI_DAILY\",\"MA\"],\"parentactivity\":\"CA3\"}','2017-04-12 15:00:00',NULL,NULL,'Sickle Cell Daily Survey','Daily Survey To be completed for Sickle Cell disease patients'),(3427,'2017-05-25 05:01:00','2017-05-26 04:59:00',NULL,NULL,'expired','2001','{\"sequence\":[\"PI_DAILY\",\"MA\"],\"parentactivity\":\"CA3\"}','2017-04-12 15:00:00',NULL,NULL,'Sickle Cell Daily Survey','Daily Survey To be completed for Sickle Cell disease patients'),(3428,'2017-05-26 05:01:00','2017-05-27 04:59:00',NULL,NULL,'pending','2001','{\"sequence\":[\"PI_DAILY\",\"MA\"],\"parentactivity\":\"CA3\"}','2017-04-12 15:00:00',NULL,NULL,'Sickle Cell Daily Survey','Daily Survey To be completed for Sickle Cell disease patients'),(3429,'2017-05-27 05:01:00','2017-05-28 04:59:00',NULL,NULL,'pending','2001','{\"sequence\":[\"PI_DAILY\",\"MA\"],\"parentactivity\":\"CA3\"}','2017-04-12 15:00:00',NULL,NULL,'Sickle Cell Daily Survey','Daily Survey To be completed for Sickle Cell disease patients'),(3430,'2017-05-28 05:01:00','2017-05-29 04:59:00',NULL,NULL,'pending','2001','{\"sequence\":[\"PI_DAILY\",\"MA\"],\"parentactivity\":\"CA3\"}','2017-04-12 15:00:00',NULL,NULL,'Sickle Cell Daily Survey','Daily Survey To be completed for Sickle Cell disease patients'),(3431,'2017-05-29 05:01:00','2017-05-30 04:59:00',NULL,NULL,'pending','2001','{\"sequence\":[\"PI_DAILY\",\"MA\"],\"parentactivity\":\"CA3\"}','2017-04-12 15:00:00',NULL,NULL,'Sickle Cell Daily Survey','Daily Survey To be completed for Sickle Cell disease patients'),(3432,'2017-05-30 05:01:00','2017-05-31 04:59:00',NULL,NULL,'pending','2001','{\"sequence\":[\"PI_DAILY\",\"MA\"],\"parentactivity\":\"CA3\"}','2017-04-12 15:00:00',NULL,NULL,'Sickle Cell Daily Survey','Daily Survey To be completed for Sickle Cell disease patients'),(3433,'2017-05-31 05:01:00','2017-06-01 04:59:00',NULL,NULL,'pending','2001','{\"sequence\":[\"PI_DAILY\",\"MA\"],\"parentactivity\":\"CA3\"}','2017-04-12 15:00:00',NULL,NULL,'Sickle Cell Daily Survey','Daily Survey To be completed for Sickle Cell disease patients'),(3434,'2017-06-01 05:01:00','2017-06-02 04:59:00',NULL,NULL,'pending','2001','{\"sequence\":[\"PI_DAILY\",\"MA\"],\"parentactivity\":\"CA3\"}','2017-04-12 15:00:00',NULL,NULL,'Sickle Cell Daily Survey','Daily Survey To be completed for Sickle Cell disease patients'),(3435,'2017-06-02 05:01:00','2017-06-03 04:59:00',NULL,NULL,'pending','2001','{\"sequence\":[\"PI_DAILY\",\"MA\"],\"parentactivity\":\"CA3\"}','2017-04-12 15:00:00',NULL,NULL,'Sickle Cell Daily Survey','Daily Survey To be completed for Sickle Cell disease patients'),(3436,'2017-06-03 05:01:00','2017-06-04 04:59:00',NULL,NULL,'pending','2001','{\"sequence\":[\"PI_DAILY\",\"MA\"],\"parentactivity\":\"CA3\"}','2017-04-12 15:00:00',NULL,NULL,'Sickle Cell Daily Survey','Daily Survey To be completed for Sickle Cell disease patients'),(3437,'2017-06-04 05:01:00','2017-06-05 04:59:00',NULL,NULL,'pending','2001','{\"sequence\":[\"PI_DAILY\",\"MA\"],\"parentactivity\":\"CA3\"}','2017-04-12 15:00:00',NULL,NULL,'Sickle Cell Daily Survey','Daily Survey To be completed for Sickle Cell disease patients'),(3438,'2017-06-05 05:01:00','2017-06-06 04:59:00',NULL,NULL,'pending','2001','{\"sequence\":[\"PI_DAILY\",\"MA\"],\"parentactivity\":\"CA3\"}','2017-04-12 15:00:00',NULL,NULL,'Sickle Cell Daily Survey','Daily Survey To be completed for Sickle Cell disease patients'),(3439,'2017-06-06 05:01:00','2017-06-07 04:59:00',NULL,NULL,'pending','2001','{\"sequence\":[\"PI_DAILY\",\"MA\"],\"parentactivity\":\"CA3\"}','2017-04-12 15:00:00',NULL,NULL,'Sickle Cell Daily Survey','Daily Survey To be completed for Sickle Cell disease patients'),(3440,'2017-06-07 05:01:00','2017-06-08 04:59:00',NULL,NULL,'pending','2001','{\"sequence\":[\"PI_DAILY\",\"MA\"],\"parentactivity\":\"CA3\"}','2017-04-12 15:00:00',NULL,NULL,'Sickle Cell Daily Survey','Daily Survey To be completed for Sickle Cell disease patients'),(3441,'2017-06-08 05:01:00','2017-06-09 04:59:00',NULL,NULL,'pending','2001','{\"sequence\":[\"PI_DAILY\",\"MA\"],\"parentactivity\":\"CA3\"}','2017-04-12 15:00:00',NULL,NULL,'Sickle Cell Daily Survey','Daily Survey To be completed for Sickle Cell disease patients'),(3442,'2017-06-09 05:01:00','2017-06-10 04:59:00',NULL,NULL,'pending','2001','{\"sequence\":[\"PI_DAILY\",\"MA\"],\"parentactivity\":\"CA3\"}','2017-04-12 15:00:00',NULL,NULL,'Sickle Cell Daily Survey','Daily Survey To be completed for Sickle Cell disease patients'),(3443,'2017-06-10 05:01:00','2017-06-11 04:59:00',NULL,NULL,'pending','2001','{\"sequence\":[\"PI_DAILY\",\"MA\"],\"parentactivity\":\"CA3\"}','2017-04-12 15:00:00',NULL,NULL,'Sickle Cell Daily Survey','Daily Survey To be completed for Sickle Cell disease patients'),(3444,'2017-06-11 05:01:00','2017-06-12 04:59:00',NULL,NULL,'pending','2001','{\"sequence\":[\"PI_DAILY\",\"MA\"],\"parentactivity\":\"CA3\"}','2017-04-12 15:00:00',NULL,NULL,'Sickle Cell Daily Survey','Daily Survey To be completed for Sickle Cell disease patients'),(3445,'2017-06-12 05:01:00','2017-06-13 04:59:00',NULL,NULL,'pending','2001','{\"sequence\":[\"PI_DAILY\",\"MA\"],\"parentactivity\":\"CA3\"}','2017-04-12 15:00:00',NULL,NULL,'Sickle Cell Daily Survey','Daily Survey To be completed for Sickle Cell disease patients'),(3446,'2017-06-13 05:01:00','2017-06-14 04:59:00',NULL,NULL,'pending','2001','{\"sequence\":[\"PI_DAILY\",\"MA\"],\"parentactivity\":\"CA3\"}','2017-04-12 15:00:00',NULL,NULL,'Sickle Cell Daily Survey','Daily Survey To be completed for Sickle Cell disease patients'),(3447,'2017-06-14 05:01:00','2017-06-15 04:59:00',NULL,NULL,'pending','2001','{\"sequence\":[\"PI_DAILY\",\"MA\"],\"parentactivity\":\"CA3\"}','2017-04-12 15:00:00',NULL,NULL,'Sickle Cell Daily Survey','Daily Survey To be completed for Sickle Cell disease patients'),(3448,'2017-06-15 05:01:00','2017-06-16 04:59:00',NULL,NULL,'pending','2001','{\"sequence\":[\"PI_DAILY\",\"MA\"],\"parentactivity\":\"CA3\"}','2017-04-12 15:00:00',NULL,NULL,'Sickle Cell Daily Survey','Daily Survey To be completed for Sickle Cell disease patients'),(3449,'2017-06-16 05:01:00','2017-06-17 04:59:00',NULL,NULL,'pending','2001','{\"sequence\":[\"PI_DAILY\",\"MA\"],\"parentactivity\":\"CA3\"}','2017-04-12 15:00:00',NULL,NULL,'Sickle Cell Daily Survey','Daily Survey To be completed for Sickle Cell disease patients'),(3450,'2017-06-17 05:01:00','2017-06-18 04:59:00',NULL,NULL,'pending','2001','{\"sequence\":[\"PI_DAILY\",\"MA\"],\"parentactivity\":\"CA3\"}','2017-04-12 15:00:00',NULL,NULL,'Sickle Cell Daily Survey','Daily Survey To be completed for Sickle Cell disease patients'),(3451,'2017-06-18 05:01:00','2017-06-19 04:59:00',NULL,NULL,'pending','2001','{\"sequence\":[\"PI_DAILY\",\"MA\"],\"parentactivity\":\"CA3\"}','2017-04-12 15:00:00',NULL,NULL,'Sickle Cell Daily Survey','Daily Survey To be completed for Sickle Cell disease patients'),(3452,'2017-06-19 05:01:00','2017-06-20 04:59:00',NULL,NULL,'pending','2001','{\"sequence\":[\"PI_DAILY\",\"MA\"],\"parentactivity\":\"CA3\"}','2017-04-12 15:00:00',NULL,NULL,'Sickle Cell Daily Survey','Daily Survey To be completed for Sickle Cell disease patients'),(3453,'2017-06-20 05:01:00','2017-06-21 04:59:00',NULL,NULL,'pending','2001','{\"sequence\":[\"PI_DAILY\",\"MA\"],\"parentactivity\":\"CA3\"}','2017-04-12 15:00:00',NULL,NULL,'Sickle Cell Daily Survey','Daily Survey To be completed for Sickle Cell disease patients'),(3454,'2017-06-21 05:01:00','2017-06-22 04:59:00',NULL,NULL,'pending','2001','{\"sequence\":[\"PI_DAILY\",\"MA\"],\"parentactivity\":\"CA3\"}','2017-04-12 15:00:00',NULL,NULL,'Sickle Cell Daily Survey','Daily Survey To be completed for Sickle Cell disease patients'),(3455,'2017-06-22 05:01:00','2017-06-23 04:59:00',NULL,NULL,'pending','2001','{\"sequence\":[\"PI_DAILY\",\"MA\"],\"parentactivity\":\"CA3\"}','2017-04-12 15:00:00',NULL,NULL,'Sickle Cell Daily Survey','Daily Survey To be completed for Sickle Cell disease patients'),(3456,'2017-06-23 05:01:00','2017-06-24 04:59:00',NULL,NULL,'pending','2001','{\"sequence\":[\"PI_DAILY\",\"MA\"],\"parentactivity\":\"CA3\"}','2017-04-12 15:00:00',NULL,NULL,'Sickle Cell Daily Survey','Daily Survey To be completed for Sickle Cell disease patients'),(3457,'2017-06-24 05:01:00','2017-06-25 04:59:00',NULL,NULL,'pending','2001','{\"sequence\":[\"PI_DAILY\",\"MA\"],\"parentactivity\":\"CA3\"}','2017-04-12 15:00:00',NULL,NULL,'Sickle Cell Daily Survey','Daily Survey To be completed for Sickle Cell disease patients'),(3458,'2017-06-25 05:01:00','2017-06-26 04:59:00',NULL,NULL,'pending','2001','{\"sequence\":[\"PI_DAILY\",\"MA\"],\"parentactivity\":\"CA3\"}','2017-04-12 15:00:00',NULL,NULL,'Sickle Cell Daily Survey','Daily Survey To be completed for Sickle Cell disease patients'),(3459,'2017-06-26 05:01:00','2017-06-27 04:59:00',NULL,NULL,'pending','2001','{\"sequence\":[\"PI_DAILY\",\"MA\"],\"parentactivity\":\"CA3\"}','2017-04-12 15:00:00',NULL,NULL,'Sickle Cell Daily Survey','Daily Survey To be completed for Sickle Cell disease patients'),(3460,'2017-06-27 05:01:00','2017-06-28 04:59:00',NULL,NULL,'pending','2001','{\"sequence\":[\"PI_DAILY\",\"MA\"],\"parentactivity\":\"CA3\"}','2017-04-12 15:00:00',NULL,NULL,'Sickle Cell Daily Survey','Daily Survey To be completed for Sickle Cell disease patients'),(3461,'2017-06-28 05:01:00','2017-06-29 04:59:00',NULL,NULL,'pending','2001','{\"sequence\":[\"PI_DAILY\",\"MA\"],\"parentactivity\":\"CA3\"}','2017-04-12 15:00:00',NULL,NULL,'Sickle Cell Daily Survey','Daily Survey To be completed for Sickle Cell disease patients'),(3462,'2017-06-29 05:01:00','2017-06-30 04:59:00',NULL,NULL,'pending','2001','{\"sequence\":[\"PI_DAILY\",\"MA\"],\"parentactivity\":\"CA3\"}','2017-04-12 15:00:00',NULL,NULL,'Sickle Cell Daily Survey','Daily Survey To be completed for Sickle Cell disease patients'),(3463,'2017-06-30 05:01:00','2017-07-01 04:59:00',NULL,NULL,'pending','2001','{\"sequence\":[\"PI_DAILY\",\"MA\"],\"parentactivity\":\"CA3\"}','2017-04-12 15:00:00',NULL,NULL,'Sickle Cell Daily Survey','Daily Survey To be completed for Sickle Cell disease patients'),(3464,'2017-07-01 05:01:00','2017-07-02 04:59:00',NULL,NULL,'pending','2001','{\"sequence\":[\"PI_DAILY\",\"MA\"],\"parentactivity\":\"CA3\"}','2017-04-12 15:00:00',NULL,NULL,'Sickle Cell Daily Survey','Daily Survey To be completed for Sickle Cell disease patients'),(3465,'2017-07-02 05:01:00','2017-07-03 04:59:00',NULL,NULL,'pending','2001','{\"sequence\":[\"PI_DAILY\",\"MA\"],\"parentactivity\":\"CA3\"}','2017-04-12 15:00:00',NULL,NULL,'Sickle Cell Daily Survey','Daily Survey To be completed for Sickle Cell disease patients'),(3466,'2017-07-03 05:01:00','2017-07-04 04:59:00',NULL,NULL,'pending','2001','{\"sequence\":[\"PI_DAILY\",\"MA\"],\"parentactivity\":\"CA3\"}','2017-04-12 15:00:00',NULL,NULL,'Sickle Cell Daily Survey','Daily Survey To be completed for Sickle Cell disease patients'),(3467,'2017-07-04 05:01:00','2017-07-05 04:59:00',NULL,NULL,'pending','2001','{\"sequence\":[\"PI_DAILY\",\"MA\"],\"parentactivity\":\"CA3\"}','2017-04-12 15:00:00',NULL,NULL,'Sickle Cell Daily Survey','Daily Survey To be completed for Sickle Cell disease patients'),(3468,'2017-07-05 05:01:00','2017-07-06 04:59:00',NULL,NULL,'pending','2001','{\"sequence\":[\"PI_DAILY\",\"MA\"],\"parentactivity\":\"CA3\"}','2017-04-12 15:00:00',NULL,NULL,'Sickle Cell Daily Survey','Daily Survey To be completed for Sickle Cell disease patients'),(3469,'2017-07-06 05:01:00','2017-07-07 04:59:00',NULL,NULL,'pending','2001','{\"sequence\":[\"PI_DAILY\",\"MA\"],\"parentactivity\":\"CA3\"}','2017-04-12 15:00:00',NULL,NULL,'Sickle Cell Daily Survey','Daily Survey To be completed for Sickle Cell disease patients'),(3470,'2017-07-07 05:01:00','2017-07-08 04:59:00',NULL,NULL,'pending','2001','{\"sequence\":[\"PI_DAILY\",\"MA\"],\"parentactivity\":\"CA3\"}','2017-04-12 15:00:00',NULL,NULL,'Sickle Cell Daily Survey','Daily Survey To be completed for Sickle Cell disease patients'),(3471,'2017-07-08 05:01:00','2017-07-09 04:59:00',NULL,NULL,'pending','2001','{\"sequence\":[\"PI_DAILY\",\"MA\"],\"parentactivity\":\"CA3\"}','2017-04-12 15:00:00',NULL,NULL,'Sickle Cell Daily Survey','Daily Survey To be completed for Sickle Cell disease patients'),(3472,'2017-07-09 05:01:00','2017-07-10 04:59:00',NULL,NULL,'pending','2001','{\"sequence\":[\"PI_DAILY\",\"MA\"],\"parentactivity\":\"CA3\"}','2017-04-12 15:00:00',NULL,NULL,'Sickle Cell Daily Survey','Daily Survey To be completed for Sickle Cell disease patients'),(3473,'2017-07-10 05:01:00','2017-07-11 04:59:00',NULL,NULL,'pending','2001','{\"sequence\":[\"PI_DAILY\",\"MA\"],\"parentactivity\":\"CA3\"}','2017-04-12 15:00:00',NULL,NULL,'Sickle Cell Daily Survey','Daily Survey To be completed for Sickle Cell disease patients'),(3474,'2017-07-11 05:01:00','2017-07-12 04:59:00',NULL,NULL,'pending','2001','{\"sequence\":[\"PI_DAILY\",\"MA\"],\"parentactivity\":\"CA3\"}','2017-04-12 15:00:00',NULL,NULL,'Sickle Cell Daily Survey','Daily Survey To be completed for Sickle Cell disease patients'),(3475,'2017-07-12 05:01:00','2017-07-13 04:59:00',NULL,NULL,'pending','2001','{\"sequence\":[\"PI_DAILY\",\"MA\"],\"parentactivity\":\"CA3\"}','2017-04-12 15:00:00',NULL,NULL,'Sickle Cell Daily Survey','Daily Survey To be completed for Sickle Cell disease patients'),(3476,'2017-07-13 05:01:00','2017-07-14 04:59:00',NULL,NULL,'pending','2001','{\"sequence\":[\"PI_DAILY\",\"MA\"],\"parentactivity\":\"CA3\"}','2017-04-12 15:00:00',NULL,NULL,'Sickle Cell Daily Survey','Daily Survey To be completed for Sickle Cell disease patients'),(3477,'2017-07-14 05:01:00','2017-07-15 04:59:00',NULL,NULL,'pending','2001','{\"sequence\":[\"PI_DAILY\",\"MA\"],\"parentactivity\":\"CA3\"}','2017-04-12 15:00:00',NULL,NULL,'Sickle Cell Daily Survey','Daily Survey To be completed for Sickle Cell disease patients'),(3478,'2017-07-15 05:01:00','2017-07-16 04:59:00',NULL,NULL,'pending','2001','{\"sequence\":[\"PI_DAILY\",\"MA\"],\"parentactivity\":\"CA3\"}','2017-04-12 15:00:00',NULL,NULL,'Sickle Cell Daily Survey','Daily Survey To be completed for Sickle Cell disease patients'),(3479,'2017-07-16 05:01:00','2017-07-17 04:59:00',NULL,NULL,'pending','2001','{\"sequence\":[\"PI_DAILY\",\"MA\"],\"parentactivity\":\"CA3\"}','2017-04-12 15:00:00',NULL,NULL,'Sickle Cell Daily Survey','Daily Survey To be completed for Sickle Cell disease patients'),(3480,'2017-07-17 05:01:00','2017-07-18 04:59:00',NULL,NULL,'pending','2001','{\"sequence\":[\"PI_DAILY\",\"MA\"],\"parentactivity\":\"CA3\"}','2017-04-12 15:00:00',NULL,NULL,'Sickle Cell Daily Survey','Daily Survey To be completed for Sickle Cell disease patients'),(3481,'2017-07-18 05:01:00','2017-07-19 04:59:00',NULL,NULL,'pending','2001','{\"sequence\":[\"PI_DAILY\",\"MA\"],\"parentactivity\":\"CA3\"}','2017-04-12 15:00:00',NULL,NULL,'Sickle Cell Daily Survey','Daily Survey To be completed for Sickle Cell disease patients'),(3482,'2017-07-19 05:01:00','2017-07-20 04:59:00',NULL,NULL,'pending','2001','{\"sequence\":[\"PI_DAILY\",\"MA\"],\"parentactivity\":\"CA3\"}','2017-04-12 15:00:00',NULL,NULL,'Sickle Cell Daily Survey','Daily Survey To be completed for Sickle Cell disease patients'),(3483,'2017-07-20 05:01:00','2017-07-21 04:59:00',NULL,NULL,'pending','2001','{\"sequence\":[\"PI_DAILY\",\"MA\"],\"parentactivity\":\"CA3\"}','2017-04-12 15:00:00',NULL,NULL,'Sickle Cell Daily Survey','Daily Survey To be completed for Sickle Cell disease patients'),(3484,'2017-07-21 05:01:00','2017-07-22 04:59:00',NULL,NULL,'pending','2001','{\"sequence\":[\"PI_DAILY\",\"MA\"],\"parentactivity\":\"CA3\"}','2017-04-12 15:00:00',NULL,NULL,'Sickle Cell Daily Survey','Daily Survey To be completed for Sickle Cell disease patients'),(3485,'2017-07-22 05:01:00','2017-07-23 04:59:00',NULL,NULL,'pending','2001','{\"sequence\":[\"PI_DAILY\",\"MA\"],\"parentactivity\":\"CA3\"}','2017-04-12 15:00:00',NULL,NULL,'Sickle Cell Daily Survey','Daily Survey To be completed for Sickle Cell disease patients'),(3486,'2017-07-23 05:01:00','2017-07-24 04:59:00',NULL,NULL,'pending','2001','{\"sequence\":[\"PI_DAILY\",\"MA\"],\"parentactivity\":\"CA3\"}','2017-04-12 15:00:00',NULL,NULL,'Sickle Cell Daily Survey','Daily Survey To be completed for Sickle Cell disease patients'),(3487,'2017-07-24 05:01:00','2017-07-25 04:59:00',NULL,NULL,'pending','2001','{\"sequence\":[\"PI_DAILY\",\"MA\"],\"parentactivity\":\"CA3\"}','2017-04-12 15:00:00',NULL,NULL,'Sickle Cell Daily Survey','Daily Survey To be completed for Sickle Cell disease patients'),(3488,'2017-07-25 05:01:00','2017-07-26 04:59:00',NULL,NULL,'pending','2001','{\"sequence\":[\"PI_DAILY\",\"MA\"],\"parentactivity\":\"CA3\"}','2017-04-12 15:00:00',NULL,NULL,'Sickle Cell Daily Survey','Daily Survey To be completed for Sickle Cell disease patients'),(3489,'2017-07-26 05:01:00','2017-07-27 04:59:00',NULL,NULL,'pending','2001','{\"sequence\":[\"PI_DAILY\",\"MA\"],\"parentactivity\":\"CA3\"}','2017-04-12 15:00:00',NULL,NULL,'Sickle Cell Daily Survey','Daily Survey To be completed for Sickle Cell disease patients'),(3490,'2017-07-27 05:01:00','2017-07-28 04:59:00',NULL,NULL,'pending','2001','{\"sequence\":[\"PI_DAILY\",\"MA\"],\"parentactivity\":\"CA3\"}','2017-04-12 15:00:00',NULL,NULL,'Sickle Cell Daily Survey','Daily Survey To be completed for Sickle Cell disease patients'),(3491,'2017-07-28 05:01:00','2017-07-29 04:59:00',NULL,NULL,'pending','2001','{\"sequence\":[\"PI_DAILY\",\"MA\"],\"parentactivity\":\"CA3\"}','2017-04-12 15:00:00',NULL,NULL,'Sickle Cell Daily Survey','Daily Survey To be completed for Sickle Cell disease patients'),(3492,'2017-07-29 05:01:00','2017-07-30 04:59:00',NULL,NULL,'pending','2001','{\"sequence\":[\"PI_DAILY\",\"MA\"],\"parentactivity\":\"CA3\"}','2017-04-12 15:00:00',NULL,NULL,'Sickle Cell Daily Survey','Daily Survey To be completed for Sickle Cell disease patients'),(3493,'2017-07-30 05:01:00','2017-07-31 04:59:00',NULL,NULL,'pending','2001','{\"sequence\":[\"PI_DAILY\",\"MA\"],\"parentactivity\":\"CA3\"}','2017-04-12 15:00:00',NULL,NULL,'Sickle Cell Daily Survey','Daily Survey To be completed for Sickle Cell disease patients'),(3494,'2017-07-31 05:01:00','2017-08-01 04:59:00',NULL,NULL,'pending','2001','{\"sequence\":[\"PI_DAILY\",\"MA\"],\"parentactivity\":\"CA3\"}','2017-04-12 15:00:00',NULL,NULL,'Sickle Cell Daily Survey','Daily Survey To be completed for Sickle Cell disease patients'),(3495,'2017-08-01 05:01:00','2017-08-02 04:59:00',NULL,NULL,'pending','2001','{\"sequence\":[\"PI_DAILY\",\"MA\"],\"parentactivity\":\"CA3\"}','2017-04-12 15:00:00',NULL,NULL,'Sickle Cell Daily Survey','Daily Survey To be completed for Sickle Cell disease patients'),(3496,'2017-08-02 05:01:00','2017-08-03 04:59:00',NULL,NULL,'pending','2001','{\"sequence\":[\"PI_DAILY\",\"MA\"],\"parentactivity\":\"CA3\"}','2017-04-12 15:00:00',NULL,NULL,'Sickle Cell Daily Survey','Daily Survey To be completed for Sickle Cell disease patients'),(3497,'2017-08-03 05:01:00','2017-08-04 04:59:00',NULL,NULL,'pending','2001','{\"sequence\":[\"PI_DAILY\",\"MA\"],\"parentactivity\":\"CA3\"}','2017-04-12 15:00:00',NULL,NULL,'Sickle Cell Daily Survey','Daily Survey To be completed for Sickle Cell disease patients'),(3498,'2017-08-04 05:01:00','2017-08-05 04:59:00',NULL,NULL,'pending','2001','{\"sequence\":[\"PI_DAILY\",\"MA\"],\"parentactivity\":\"CA3\"}','2017-04-12 15:00:00',NULL,NULL,'Sickle Cell Daily Survey','Daily Survey To be completed for Sickle Cell disease patients'),(3499,'2017-08-05 05:01:00','2017-08-06 04:59:00',NULL,NULL,'pending','2001','{\"sequence\":[\"PI_DAILY\",\"MA\"],\"parentactivity\":\"CA3\"}','2017-04-12 15:00:00',NULL,NULL,'Sickle Cell Daily Survey','Daily Survey To be completed for Sickle Cell disease patients'),(3500,'2017-08-06 05:01:00','2017-08-07 04:59:00',NULL,NULL,'pending','2001','{\"sequence\":[\"PI_DAILY\",\"MA\"],\"parentactivity\":\"CA3\"}','2017-04-12 15:00:00',NULL,NULL,'Sickle Cell Daily Survey','Daily Survey To be completed for Sickle Cell disease patients'),(3501,'2017-08-07 05:01:00','2017-08-08 04:59:00',NULL,NULL,'pending','2001','{\"sequence\":[\"PI_DAILY\",\"MA\"],\"parentactivity\":\"CA3\"}','2017-04-12 15:00:00',NULL,NULL,'Sickle Cell Daily Survey','Daily Survey To be completed for Sickle Cell disease patients'),(3502,'2017-08-08 05:01:00','2017-08-09 04:59:00',NULL,NULL,'pending','2001','{\"sequence\":[\"PI_DAILY\",\"MA\"],\"parentactivity\":\"CA3\"}','2017-04-12 15:00:00',NULL,NULL,'Sickle Cell Daily Survey','Daily Survey To be completed for Sickle Cell disease patients'),(3503,'2017-08-09 05:01:00','2017-08-10 04:59:00',NULL,NULL,'pending','2001','{\"sequence\":[\"PI_DAILY\",\"MA\"],\"parentactivity\":\"CA3\"}','2017-04-12 15:00:00',NULL,NULL,'Sickle Cell Daily Survey','Daily Survey To be completed for Sickle Cell disease patients'),(3504,'2017-08-10 05:01:00','2017-08-11 04:59:00',NULL,NULL,'pending','2001','{\"sequence\":[\"PI_DAILY\",\"MA\"],\"parentactivity\":\"CA3\"}','2017-04-12 15:00:00',NULL,NULL,'Sickle Cell Daily Survey','Daily Survey To be completed for Sickle Cell disease patients'),(3505,'2017-08-11 05:01:00','2017-08-12 04:59:00',NULL,NULL,'pending','2001','{\"sequence\":[\"PI_DAILY\",\"MA\"],\"parentactivity\":\"CA3\"}','2017-04-12 15:00:00',NULL,NULL,'Sickle Cell Daily Survey','Daily Survey To be completed for Sickle Cell disease patients'),(3506,'2017-08-12 05:01:00','2017-08-13 04:59:00',NULL,NULL,'pending','2001','{\"sequence\":[\"PI_DAILY\",\"MA\"],\"parentactivity\":\"CA3\"}','2017-04-12 15:00:00',NULL,NULL,'Sickle Cell Daily Survey','Daily Survey To be completed for Sickle Cell disease patients'),(3507,'2017-08-13 05:01:00','2017-08-14 04:59:00',NULL,NULL,'pending','2001','{\"sequence\":[\"PI_DAILY\",\"MA\"],\"parentactivity\":\"CA3\"}','2017-04-12 15:00:00',NULL,NULL,'Sickle Cell Daily Survey','Daily Survey To be completed for Sickle Cell disease patients'),(3508,'2017-08-14 05:01:00','2017-08-15 04:59:00',NULL,NULL,'pending','2001','{\"sequence\":[\"PI_DAILY\",\"MA\"],\"parentactivity\":\"CA3\"}','2017-04-12 15:00:00',NULL,NULL,'Sickle Cell Daily Survey','Daily Survey To be completed for Sickle Cell disease patients'),(3509,'2017-08-15 05:01:00','2017-08-16 04:59:00',NULL,NULL,'pending','2001','{\"sequence\":[\"PI_DAILY\",\"MA\"],\"parentactivity\":\"CA3\"}','2017-04-12 15:00:00',NULL,NULL,'Sickle Cell Daily Survey','Daily Survey To be completed for Sickle Cell disease patients'),(3510,'2017-08-16 05:01:00','2017-08-17 04:59:00',NULL,NULL,'pending','2001','{\"sequence\":[\"PI_DAILY\",\"MA\"],\"parentactivity\":\"CA3\"}','2017-04-12 15:00:00',NULL,NULL,'Sickle Cell Daily Survey','Daily Survey To be completed for Sickle Cell disease patients'),(3511,'2017-08-17 05:01:00','2017-08-18 04:59:00',NULL,NULL,'pending','2001','{\"sequence\":[\"PI_DAILY\",\"MA\"],\"parentactivity\":\"CA3\"}','2017-04-12 15:00:00',NULL,NULL,'Sickle Cell Daily Survey','Daily Survey To be completed for Sickle Cell disease patients'),(3512,'2017-08-18 05:01:00','2017-08-19 04:59:00',NULL,NULL,'pending','2001','{\"sequence\":[\"PI_DAILY\",\"MA\"],\"parentactivity\":\"CA3\"}','2017-04-12 15:00:00',NULL,NULL,'Sickle Cell Daily Survey','Daily Survey To be completed for Sickle Cell disease patients'),(3513,'2017-08-19 05:01:00','2017-08-20 04:59:00',NULL,NULL,'pending','2001','{\"sequence\":[\"PI_DAILY\",\"MA\"],\"parentactivity\":\"CA3\"}','2017-04-12 15:00:00',NULL,NULL,'Sickle Cell Daily Survey','Daily Survey To be completed for Sickle Cell disease patients'),(3514,'2017-08-20 05:01:00','2017-08-21 04:59:00',NULL,NULL,'pending','2001','{\"sequence\":[\"PI_DAILY\",\"MA\"],\"parentactivity\":\"CA3\"}','2017-04-12 15:00:00',NULL,NULL,'Sickle Cell Daily Survey','Daily Survey To be completed for Sickle Cell disease patients'),(3515,'2017-08-21 05:01:00','2017-08-22 04:59:00',NULL,NULL,'pending','2001','{\"sequence\":[\"PI_DAILY\",\"MA\"],\"parentactivity\":\"CA3\"}','2017-04-12 15:00:00',NULL,NULL,'Sickle Cell Daily Survey','Daily Survey To be completed for Sickle Cell disease patients'),(3516,'2017-08-22 05:01:00','2017-08-23 04:59:00',NULL,NULL,'pending','2001','{\"sequence\":[\"PI_DAILY\",\"MA\"],\"parentactivity\":\"CA3\"}','2017-04-12 15:00:00',NULL,NULL,'Sickle Cell Daily Survey','Daily Survey To be completed for Sickle Cell disease patients'),(3517,'2017-08-23 05:01:00','2017-08-24 04:59:00',NULL,NULL,'pending','2001','{\"sequence\":[\"PI_DAILY\",\"MA\"],\"parentactivity\":\"CA3\"}','2017-04-12 15:00:00',NULL,NULL,'Sickle Cell Daily Survey','Daily Survey To be completed for Sickle Cell disease patients'),(3518,'2017-08-24 05:01:00','2017-08-25 04:59:00',NULL,NULL,'pending','2001','{\"sequence\":[\"PI_DAILY\",\"MA\"],\"parentactivity\":\"CA3\"}','2017-04-12 15:00:00',NULL,NULL,'Sickle Cell Daily Survey','Daily Survey To be completed for Sickle Cell disease patients'),(3519,'2017-08-25 05:01:00','2017-08-26 04:59:00',NULL,NULL,'pending','2001','{\"sequence\":[\"PI_DAILY\",\"MA\"],\"parentactivity\":\"CA3\"}','2017-04-12 15:00:00',NULL,NULL,'Sickle Cell Daily Survey','Daily Survey To be completed for Sickle Cell disease patients'),(3520,'2017-08-26 05:01:00','2017-08-27 04:59:00',NULL,NULL,'pending','2001','{\"sequence\":[\"PI_DAILY\",\"MA\"],\"parentactivity\":\"CA3\"}','2017-04-12 15:00:00',NULL,NULL,'Sickle Cell Daily Survey','Daily Survey To be completed for Sickle Cell disease patients'),(3521,'2017-08-27 05:01:00','2017-08-28 04:59:00',NULL,NULL,'pending','2001','{\"sequence\":[\"PI_DAILY\",\"MA\"],\"parentactivity\":\"CA3\"}','2017-04-12 15:00:00',NULL,NULL,'Sickle Cell Daily Survey','Daily Survey To be completed for Sickle Cell disease patients'),(3522,'2017-08-28 05:01:00','2017-08-29 04:59:00',NULL,NULL,'pending','2001','{\"sequence\":[\"PI_DAILY\",\"MA\"],\"parentactivity\":\"CA3\"}','2017-04-12 15:00:00',NULL,NULL,'Sickle Cell Daily Survey','Daily Survey To be completed for Sickle Cell disease patients'),(3523,'2017-08-29 05:01:00','2017-08-30 04:59:00',NULL,NULL,'pending','2001','{\"sequence\":[\"PI_DAILY\",\"MA\"],\"parentactivity\":\"CA3\"}','2017-04-12 15:00:00',NULL,NULL,'Sickle Cell Daily Survey','Daily Survey To be completed for Sickle Cell disease patients'),(3524,'2017-08-30 05:01:00','2017-08-31 04:59:00',NULL,NULL,'pending','2001','{\"sequence\":[\"PI_DAILY\",\"MA\"],\"parentactivity\":\"CA3\"}','2017-04-12 15:00:00',NULL,NULL,'Sickle Cell Daily Survey','Daily Survey To be completed for Sickle Cell disease patients'),(3525,'2017-08-31 05:01:00','2017-09-01 04:59:00',NULL,NULL,'pending','2001','{\"sequence\":[\"PI_DAILY\",\"MA\"],\"parentactivity\":\"CA3\"}','2017-04-12 15:00:00',NULL,NULL,'Sickle Cell Daily Survey','Daily Survey To be completed for Sickle Cell disease patients'),(3526,'2017-09-01 05:01:00','2017-09-02 04:59:00',NULL,NULL,'pending','2001','{\"sequence\":[\"PI_DAILY\",\"MA\"],\"parentactivity\":\"CA3\"}','2017-04-12 15:00:00',NULL,NULL,'Sickle Cell Daily Survey','Daily Survey To be completed for Sickle Cell disease patients'),(3527,'2017-09-02 05:01:00','2017-09-03 04:59:00',NULL,NULL,'pending','2001','{\"sequence\":[\"PI_DAILY\",\"MA\"],\"parentactivity\":\"CA3\"}','2017-04-12 15:00:00',NULL,NULL,'Sickle Cell Daily Survey','Daily Survey To be completed for Sickle Cell disease patients'),(3528,'2017-09-03 05:01:00','2017-09-04 04:59:00',NULL,NULL,'pending','2001','{\"sequence\":[\"PI_DAILY\",\"MA\"],\"parentactivity\":\"CA3\"}','2017-04-12 15:00:00',NULL,NULL,'Sickle Cell Daily Survey','Daily Survey To be completed for Sickle Cell disease patients'),(3529,'2017-09-04 05:01:00','2017-09-05 04:59:00',NULL,NULL,'pending','2001','{\"sequence\":[\"PI_DAILY\",\"MA\"],\"parentactivity\":\"CA3\"}','2017-04-12 15:00:00',NULL,NULL,'Sickle Cell Daily Survey','Daily Survey To be completed for Sickle Cell disease patients'),(3530,'2017-09-05 05:01:00','2017-09-06 04:59:00',NULL,NULL,'pending','2001','{\"sequence\":[\"PI_DAILY\",\"MA\"],\"parentactivity\":\"CA3\"}','2017-04-12 15:00:00',NULL,NULL,'Sickle Cell Daily Survey','Daily Survey To be completed for Sickle Cell disease patients'),(3531,'2017-09-06 05:01:00','2017-09-07 04:59:00',NULL,NULL,'pending','2001','{\"sequence\":[\"PI_DAILY\",\"MA\"],\"parentactivity\":\"CA3\"}','2017-04-12 15:00:00',NULL,NULL,'Sickle Cell Daily Survey','Daily Survey To be completed for Sickle Cell disease patients'),(3532,'2017-09-07 05:01:00','2017-09-08 04:59:00',NULL,NULL,'pending','2001','{\"sequence\":[\"PI_DAILY\",\"MA\"],\"parentactivity\":\"CA3\"}','2017-04-12 15:00:00',NULL,NULL,'Sickle Cell Daily Survey','Daily Survey To be completed for Sickle Cell disease patients'),(3533,'2017-09-08 05:01:00','2017-09-09 04:59:00',NULL,NULL,'pending','2001','{\"sequence\":[\"PI_DAILY\",\"MA\"],\"parentactivity\":\"CA3\"}','2017-04-12 15:00:00',NULL,NULL,'Sickle Cell Daily Survey','Daily Survey To be completed for Sickle Cell disease patients'),(3534,'2017-09-09 05:01:00','2017-09-10 04:59:00',NULL,NULL,'pending','2001','{\"sequence\":[\"PI_DAILY\",\"MA\"],\"parentactivity\":\"CA3\"}','2017-04-12 15:00:00',NULL,NULL,'Sickle Cell Daily Survey','Daily Survey To be completed for Sickle Cell disease patients'),(3535,'2017-09-10 05:01:00','2017-09-11 04:59:00',NULL,NULL,'pending','2001','{\"sequence\":[\"PI_DAILY\",\"MA\"],\"parentactivity\":\"CA3\"}','2017-04-12 15:00:00',NULL,NULL,'Sickle Cell Daily Survey','Daily Survey To be completed for Sickle Cell disease patients'),(3536,'2017-09-11 05:01:00','2017-09-12 04:59:00',NULL,NULL,'pending','2001','{\"sequence\":[\"PI_DAILY\",\"MA\"],\"parentactivity\":\"CA3\"}','2017-04-12 15:00:00',NULL,NULL,'Sickle Cell Daily Survey','Daily Survey To be completed for Sickle Cell disease patients'),(3537,'2017-09-12 05:01:00','2017-09-13 04:59:00',NULL,NULL,'pending','2001','{\"sequence\":[\"PI_DAILY\",\"MA\"],\"parentactivity\":\"CA3\"}','2017-04-12 15:00:00',NULL,NULL,'Sickle Cell Daily Survey','Daily Survey To be completed for Sickle Cell disease patients'),(3538,'2017-09-13 05:01:00','2017-09-14 04:59:00',NULL,NULL,'pending','2001','{\"sequence\":[\"PI_DAILY\",\"MA\"],\"parentactivity\":\"CA3\"}','2017-04-12 15:00:00',NULL,NULL,'Sickle Cell Daily Survey','Daily Survey To be completed for Sickle Cell disease patients'),(3539,'2017-09-14 05:01:00','2017-09-15 04:59:00',NULL,NULL,'pending','2001','{\"sequence\":[\"PI_DAILY\",\"MA\"],\"parentactivity\":\"CA3\"}','2017-04-12 15:00:00',NULL,NULL,'Sickle Cell Daily Survey','Daily Survey To be completed for Sickle Cell disease patients'),(3540,'2017-09-15 05:01:00','2017-09-16 04:59:00',NULL,NULL,'pending','2001','{\"sequence\":[\"PI_DAILY\",\"MA\"],\"parentactivity\":\"CA3\"}','2017-04-12 15:00:00',NULL,NULL,'Sickle Cell Daily Survey','Daily Survey To be completed for Sickle Cell disease patients'),(3541,'2017-09-16 05:01:00','2017-09-17 04:59:00',NULL,NULL,'pending','2001','{\"sequence\":[\"PI_DAILY\",\"MA\"],\"parentactivity\":\"CA3\"}','2017-04-12 15:00:00',NULL,NULL,'Sickle Cell Daily Survey','Daily Survey To be completed for Sickle Cell disease patients'),(3542,'2017-09-17 05:01:00','2017-09-18 04:59:00',NULL,NULL,'pending','2001','{\"sequence\":[\"PI_DAILY\",\"MA\"],\"parentactivity\":\"CA3\"}','2017-04-12 15:00:00',NULL,NULL,'Sickle Cell Daily Survey','Daily Survey To be completed for Sickle Cell disease patients'),(3543,'2017-09-18 05:01:00','2017-09-19 04:59:00',NULL,NULL,'pending','2001','{\"sequence\":[\"PI_DAILY\",\"MA\"],\"parentactivity\":\"CA3\"}','2017-04-12 15:00:00',NULL,NULL,'Sickle Cell Daily Survey','Daily Survey To be completed for Sickle Cell disease patients'),(3544,'2017-09-19 05:01:00','2017-09-20 04:59:00',NULL,NULL,'pending','2001','{\"sequence\":[\"PI_DAILY\",\"MA\"],\"parentactivity\":\"CA3\"}','2017-04-12 15:00:00',NULL,NULL,'Sickle Cell Daily Survey','Daily Survey To be completed for Sickle Cell disease patients'),(3545,'2017-09-20 05:01:00','2017-09-21 04:59:00',NULL,NULL,'pending','2001','{\"sequence\":[\"PI_DAILY\",\"MA\"],\"parentactivity\":\"CA3\"}','2017-04-12 15:00:00',NULL,NULL,'Sickle Cell Daily Survey','Daily Survey To be completed for Sickle Cell disease patients'),(3546,'2017-09-21 05:01:00','2017-09-22 04:59:00',NULL,NULL,'pending','2001','{\"sequence\":[\"PI_DAILY\",\"MA\"],\"parentactivity\":\"CA3\"}','2017-04-12 15:00:00',NULL,NULL,'Sickle Cell Daily Survey','Daily Survey To be completed for Sickle Cell disease patients'),(3547,'2017-09-22 05:01:00','2017-09-23 04:59:00',NULL,NULL,'pending','2001','{\"sequence\":[\"PI_DAILY\",\"MA\"],\"parentactivity\":\"CA3\"}','2017-04-12 15:00:00',NULL,NULL,'Sickle Cell Daily Survey','Daily Survey To be completed for Sickle Cell disease patients'),(3548,'2017-09-23 05:01:00','2017-09-24 04:59:00',NULL,NULL,'pending','2001','{\"sequence\":[\"PI_DAILY\",\"MA\"],\"parentactivity\":\"CA3\"}','2017-04-12 15:00:00',NULL,NULL,'Sickle Cell Daily Survey','Daily Survey To be completed for Sickle Cell disease patients'),(3549,'2017-09-24 05:01:00','2017-09-25 04:59:00',NULL,NULL,'pending','2001','{\"sequence\":[\"PI_DAILY\",\"MA\"],\"parentactivity\":\"CA3\"}','2017-04-12 15:00:00',NULL,NULL,'Sickle Cell Daily Survey','Daily Survey To be completed for Sickle Cell disease patients'),(3550,'2017-09-25 05:01:00','2017-09-26 04:59:00',NULL,NULL,'pending','2001','{\"sequence\":[\"PI_DAILY\",\"MA\"],\"parentactivity\":\"CA3\"}','2017-04-12 15:00:00',NULL,NULL,'Sickle Cell Daily Survey','Daily Survey To be completed for Sickle Cell disease patients'),(3551,'2017-09-26 05:01:00','2017-09-27 04:59:00',NULL,NULL,'pending','2001','{\"sequence\":[\"PI_DAILY\",\"MA\"],\"parentactivity\":\"CA3\"}','2017-04-12 15:00:00',NULL,NULL,'Sickle Cell Daily Survey','Daily Survey To be completed for Sickle Cell disease patients'),(3552,'2017-09-27 05:01:00','2017-09-28 04:59:00',NULL,NULL,'pending','2001','{\"sequence\":[\"PI_DAILY\",\"MA\"],\"parentactivity\":\"CA3\"}','2017-04-12 15:00:00',NULL,NULL,'Sickle Cell Daily Survey','Daily Survey To be completed for Sickle Cell disease patients'),(3553,'2017-09-28 05:01:00','2017-09-29 04:59:00',NULL,NULL,'pending','2001','{\"sequence\":[\"PI_DAILY\",\"MA\"],\"parentactivity\":\"CA3\"}','2017-04-12 15:00:00',NULL,NULL,'Sickle Cell Daily Survey','Daily Survey To be completed for Sickle Cell disease patients'),(3554,'2017-09-29 05:01:00','2017-09-30 04:59:00',NULL,NULL,'pending','2001','{\"sequence\":[\"PI_DAILY\",\"MA\"],\"parentactivity\":\"CA3\"}','2017-04-12 15:00:00',NULL,NULL,'Sickle Cell Daily Survey','Daily Survey To be completed for Sickle Cell disease patients'),(3555,'2017-09-30 05:01:00','2017-10-01 04:59:00',NULL,NULL,'pending','2001','{\"sequence\":[\"PI_DAILY\",\"MA\"],\"parentactivity\":\"CA3\"}','2017-04-12 15:00:00',NULL,NULL,'Sickle Cell Daily Survey','Daily Survey To be completed for Sickle Cell disease patients'),(3556,'2017-10-01 05:01:00','2017-10-02 04:59:00',NULL,NULL,'pending','2001','{\"sequence\":[\"PI_DAILY\",\"MA\"],\"parentactivity\":\"CA3\"}','2017-04-12 15:00:00',NULL,NULL,'Sickle Cell Daily Survey','Daily Survey To be completed for Sickle Cell disease patients'),(3557,'2017-10-02 05:01:00','2017-10-03 04:59:00',NULL,NULL,'pending','2001','{\"sequence\":[\"PI_DAILY\",\"MA\"],\"parentactivity\":\"CA3\"}','2017-04-12 15:00:00',NULL,NULL,'Sickle Cell Daily Survey','Daily Survey To be completed for Sickle Cell disease patients'),(3558,'2017-10-03 05:01:00','2017-10-04 04:59:00',NULL,NULL,'pending','2001','{\"sequence\":[\"PI_DAILY\",\"MA\"],\"parentactivity\":\"CA3\"}','2017-04-12 15:00:00',NULL,NULL,'Sickle Cell Daily Survey','Daily Survey To be completed for Sickle Cell disease patients'),(3559,'2017-10-04 05:01:00','2017-10-05 04:59:00',NULL,NULL,'pending','2001','{\"sequence\":[\"PI_DAILY\",\"MA\"],\"parentactivity\":\"CA3\"}','2017-04-12 15:00:00',NULL,NULL,'Sickle Cell Daily Survey','Daily Survey To be completed for Sickle Cell disease patients'),(3560,'2017-10-05 05:01:00','2017-10-06 04:59:00',NULL,NULL,'pending','2001','{\"sequence\":[\"PI_DAILY\",\"MA\"],\"parentactivity\":\"CA3\"}','2017-04-12 15:00:00',NULL,NULL,'Sickle Cell Daily Survey','Daily Survey To be completed for Sickle Cell disease patients'),(3561,'2017-10-06 05:01:00','2017-10-07 04:59:00',NULL,NULL,'pending','2001','{\"sequence\":[\"PI_DAILY\",\"MA\"],\"parentactivity\":\"CA3\"}','2017-04-12 15:00:00',NULL,NULL,'Sickle Cell Daily Survey','Daily Survey To be completed for Sickle Cell disease patients'),(3562,'2017-10-07 05:01:00','2017-10-08 04:59:00',NULL,NULL,'pending','2001','{\"sequence\":[\"PI_DAILY\",\"MA\"],\"parentactivity\":\"CA3\"}','2017-04-12 15:00:00',NULL,NULL,'Sickle Cell Daily Survey','Daily Survey To be completed for Sickle Cell disease patients'),(3563,'2017-10-08 05:01:00','2017-10-09 04:59:00',NULL,NULL,'pending','2001','{\"sequence\":[\"PI_DAILY\",\"MA\"],\"parentactivity\":\"CA3\"}','2017-04-12 15:00:00',NULL,NULL,'Sickle Cell Daily Survey','Daily Survey To be completed for Sickle Cell disease patients'),(3564,'2017-10-09 05:01:00','2017-10-10 04:59:00',NULL,NULL,'pending','2001','{\"sequence\":[\"PI_DAILY\",\"MA\"],\"parentactivity\":\"CA3\"}','2017-04-12 15:00:00',NULL,NULL,'Sickle Cell Daily Survey','Daily Survey To be completed for Sickle Cell disease patients'),(3565,'2017-10-10 05:01:00','2017-10-11 04:59:00',NULL,NULL,'pending','2001','{\"sequence\":[\"PI_DAILY\",\"MA\"],\"parentactivity\":\"CA3\"}','2017-04-12 15:00:00',NULL,NULL,'Sickle Cell Daily Survey','Daily Survey To be completed for Sickle Cell disease patients'),(3566,'2017-10-11 05:01:00','2017-10-12 04:59:00',NULL,NULL,'pending','2001','{\"sequence\":[\"PI_DAILY\",\"MA\"],\"parentactivity\":\"CA3\"}','2017-04-12 15:00:00',NULL,NULL,'Sickle Cell Daily Survey','Daily Survey To be completed for Sickle Cell disease patients'),(3567,'2017-10-12 05:01:00','2017-10-13 04:59:00',NULL,NULL,'pending','2001','{\"sequence\":[\"PI_DAILY\",\"MA\"],\"parentactivity\":\"CA3\"}','2017-04-12 15:00:00',NULL,NULL,'Sickle Cell Daily Survey','Daily Survey To be completed for Sickle Cell disease patients'),(3568,'2017-10-13 05:01:00','2017-10-14 04:59:00',NULL,NULL,'pending','2001','{\"sequence\":[\"PI_DAILY\",\"MA\"],\"parentactivity\":\"CA3\"}','2017-04-12 15:00:00',NULL,NULL,'Sickle Cell Daily Survey','Daily Survey To be completed for Sickle Cell disease patients'),(3569,'2017-10-14 05:01:00','2017-10-15 04:59:00',NULL,NULL,'pending','2001','{\"sequence\":[\"PI_DAILY\",\"MA\"],\"parentactivity\":\"CA3\"}','2017-04-12 15:00:00',NULL,NULL,'Sickle Cell Daily Survey','Daily Survey To be completed for Sickle Cell disease patients'),(3570,'2017-10-15 05:01:00','2017-10-16 04:59:00',NULL,NULL,'pending','2001','{\"sequence\":[\"PI_DAILY\",\"MA\"],\"parentactivity\":\"CA3\"}','2017-04-12 15:00:00',NULL,NULL,'Sickle Cell Daily Survey','Daily Survey To be completed for Sickle Cell disease patients'),(3571,'2017-10-16 05:01:00','2017-10-17 04:59:00',NULL,NULL,'pending','2001','{\"sequence\":[\"PI_DAILY\",\"MA\"],\"parentactivity\":\"CA3\"}','2017-04-12 15:00:00',NULL,NULL,'Sickle Cell Daily Survey','Daily Survey To be completed for Sickle Cell disease patients'),(3572,'2017-10-17 05:01:00','2017-10-18 04:59:00',NULL,NULL,'pending','2001','{\"sequence\":[\"PI_DAILY\",\"MA\"],\"parentactivity\":\"CA3\"}','2017-04-12 15:00:00',NULL,NULL,'Sickle Cell Daily Survey','Daily Survey To be completed for Sickle Cell disease patients'),(3573,'2017-10-18 05:01:00','2017-10-19 04:59:00',NULL,NULL,'pending','2001','{\"sequence\":[\"PI_DAILY\",\"MA\"],\"parentactivity\":\"CA3\"}','2017-04-12 15:00:00',NULL,NULL,'Sickle Cell Daily Survey','Daily Survey To be completed for Sickle Cell disease patients'),(3574,'2017-10-19 05:01:00','2017-10-20 04:59:00',NULL,NULL,'pending','2001','{\"sequence\":[\"PI_DAILY\",\"MA\"],\"parentactivity\":\"CA3\"}','2017-04-12 15:00:00',NULL,NULL,'Sickle Cell Daily Survey','Daily Survey To be completed for Sickle Cell disease patients'),(3575,'2017-10-20 05:01:00','2017-10-21 04:59:00',NULL,NULL,'pending','2001','{\"sequence\":[\"PI_DAILY\",\"MA\"],\"parentactivity\":\"CA3\"}','2017-04-12 15:00:00',NULL,NULL,'Sickle Cell Daily Survey','Daily Survey To be completed for Sickle Cell disease patients'),(3576,'2017-10-21 05:01:00','2017-10-22 04:59:00',NULL,NULL,'pending','2001','{\"sequence\":[\"PI_DAILY\",\"MA\"],\"parentactivity\":\"CA3\"}','2017-04-12 15:00:00',NULL,NULL,'Sickle Cell Daily Survey','Daily Survey To be completed for Sickle Cell disease patients'),(3577,'2017-10-22 05:01:00','2017-10-23 04:59:00',NULL,NULL,'pending','2001','{\"sequence\":[\"PI_DAILY\",\"MA\"],\"parentactivity\":\"CA3\"}','2017-04-12 15:00:00',NULL,NULL,'Sickle Cell Daily Survey','Daily Survey To be completed for Sickle Cell disease patients'),(3578,'2017-10-23 05:01:00','2017-10-24 04:59:00',NULL,NULL,'pending','2001','{\"sequence\":[\"PI_DAILY\",\"MA\"],\"parentactivity\":\"CA3\"}','2017-04-12 15:00:00',NULL,NULL,'Sickle Cell Daily Survey','Daily Survey To be completed for Sickle Cell disease patients'),(3579,'2017-10-24 05:01:00','2017-10-25 04:59:00',NULL,NULL,'pending','2001','{\"sequence\":[\"PI_DAILY\",\"MA\"],\"parentactivity\":\"CA3\"}','2017-04-12 15:00:00',NULL,NULL,'Sickle Cell Daily Survey','Daily Survey To be completed for Sickle Cell disease patients'),(3580,'2017-10-25 05:01:00','2017-10-26 04:59:00',NULL,NULL,'pending','2001','{\"sequence\":[\"PI_DAILY\",\"MA\"],\"parentactivity\":\"CA3\"}','2017-04-12 15:00:00',NULL,NULL,'Sickle Cell Daily Survey','Daily Survey To be completed for Sickle Cell disease patients'),(3581,'2017-10-26 05:01:00','2017-10-27 04:59:00',NULL,NULL,'pending','2001','{\"sequence\":[\"PI_DAILY\",\"MA\"],\"parentactivity\":\"CA3\"}','2017-04-12 15:00:00',NULL,NULL,'Sickle Cell Daily Survey','Daily Survey To be completed for Sickle Cell disease patients'),(3582,'2017-10-27 05:01:00','2017-10-28 04:59:00',NULL,NULL,'pending','2001','{\"sequence\":[\"PI_DAILY\",\"MA\"],\"parentactivity\":\"CA3\"}','2017-04-12 15:00:00',NULL,NULL,'Sickle Cell Daily Survey','Daily Survey To be completed for Sickle Cell disease patients'),(3583,'2017-10-28 05:01:00','2017-10-29 04:59:00',NULL,NULL,'pending','2001','{\"sequence\":[\"PI_DAILY\",\"MA\"],\"parentactivity\":\"CA3\"}','2017-04-12 15:00:00',NULL,NULL,'Sickle Cell Daily Survey','Daily Survey To be completed for Sickle Cell disease patients'),(3584,'2017-10-29 05:01:00','2017-10-30 04:59:00',NULL,NULL,'pending','2001','{\"sequence\":[\"PI_DAILY\",\"MA\"],\"parentactivity\":\"CA3\"}','2017-04-12 15:00:00',NULL,NULL,'Sickle Cell Daily Survey','Daily Survey To be completed for Sickle Cell disease patients'),(3585,'2017-10-30 05:01:00','2017-10-31 04:59:00',NULL,NULL,'pending','2001','{\"sequence\":[\"PI_DAILY\",\"MA\"],\"parentactivity\":\"CA3\"}','2017-04-12 15:00:00',NULL,NULL,'Sickle Cell Daily Survey','Daily Survey To be completed for Sickle Cell disease patients'),(3586,'2017-10-31 05:01:00','2017-11-01 04:59:00',NULL,NULL,'pending','2001','{\"sequence\":[\"PI_DAILY\",\"MA\"],\"parentactivity\":\"CA3\"}','2017-04-12 15:00:00',NULL,NULL,'Sickle Cell Daily Survey','Daily Survey To be completed for Sickle Cell disease patients'),(3587,'2017-11-01 05:01:00','2017-11-02 04:59:00',NULL,NULL,'pending','2001','{\"sequence\":[\"PI_DAILY\",\"MA\"],\"parentactivity\":\"CA3\"}','2017-04-12 15:00:00',NULL,NULL,'Sickle Cell Daily Survey','Daily Survey To be completed for Sickle Cell disease patients'),(3588,'2017-11-02 05:01:00','2017-11-03 04:59:00',NULL,NULL,'pending','2001','{\"sequence\":[\"PI_DAILY\",\"MA\"],\"parentactivity\":\"CA3\"}','2017-04-12 15:00:00',NULL,NULL,'Sickle Cell Daily Survey','Daily Survey To be completed for Sickle Cell disease patients'),(3589,'2017-11-03 05:01:00','2017-11-04 04:59:00',NULL,NULL,'pending','2001','{\"sequence\":[\"PI_DAILY\",\"MA\"],\"parentactivity\":\"CA3\"}','2017-04-12 15:00:00',NULL,NULL,'Sickle Cell Daily Survey','Daily Survey To be completed for Sickle Cell disease patients'),(3590,'2017-11-04 05:01:00','2017-11-05 04:59:00',NULL,NULL,'pending','2001','{\"sequence\":[\"PI_DAILY\",\"MA\"],\"parentactivity\":\"CA3\"}','2017-04-12 15:00:00',NULL,NULL,'Sickle Cell Daily Survey','Daily Survey To be completed for Sickle Cell disease patients'),(3591,'2017-11-05 05:01:00','2017-11-06 04:59:00',NULL,NULL,'pending','2001','{\"sequence\":[\"PI_DAILY\",\"MA\"],\"parentactivity\":\"CA3\"}','2017-04-12 15:00:00',NULL,NULL,'Sickle Cell Daily Survey','Daily Survey To be completed for Sickle Cell disease patients'),(3592,'2017-11-06 05:01:00','2017-11-07 04:59:00',NULL,NULL,'pending','2001','{\"sequence\":[\"PI_DAILY\",\"MA\"],\"parentactivity\":\"CA3\"}','2017-04-12 15:00:00',NULL,NULL,'Sickle Cell Daily Survey','Daily Survey To be completed for Sickle Cell disease patients'),(3593,'2017-11-07 05:01:00','2017-11-08 04:59:00',NULL,NULL,'pending','2001','{\"sequence\":[\"PI_DAILY\",\"MA\"],\"parentactivity\":\"CA3\"}','2017-04-12 15:00:00',NULL,NULL,'Sickle Cell Daily Survey','Daily Survey To be completed for Sickle Cell disease patients'),(3594,'2017-11-08 05:01:00','2017-11-09 04:59:00',NULL,NULL,'pending','2001','{\"sequence\":[\"PI_DAILY\",\"MA\"],\"parentactivity\":\"CA3\"}','2017-04-12 15:00:00',NULL,NULL,'Sickle Cell Daily Survey','Daily Survey To be completed for Sickle Cell disease patients'),(3595,'2017-11-09 05:01:00','2017-11-10 04:59:00',NULL,NULL,'pending','2001','{\"sequence\":[\"PI_DAILY\",\"MA\"],\"parentactivity\":\"CA3\"}','2017-04-12 15:00:00',NULL,NULL,'Sickle Cell Daily Survey','Daily Survey To be completed for Sickle Cell disease patients'),(3596,'2017-11-10 05:01:00','2017-11-11 04:59:00',NULL,NULL,'pending','2001','{\"sequence\":[\"PI_DAILY\",\"MA\"],\"parentactivity\":\"CA3\"}','2017-04-12 15:00:00',NULL,NULL,'Sickle Cell Daily Survey','Daily Survey To be completed for Sickle Cell disease patients'),(3597,'2017-11-11 05:01:00','2017-11-12 04:59:00',NULL,NULL,'pending','2001','{\"sequence\":[\"PI_DAILY\",\"MA\"],\"parentactivity\":\"CA3\"}','2017-04-12 15:00:00',NULL,NULL,'Sickle Cell Daily Survey','Daily Survey To be completed for Sickle Cell disease patients'),(3598,'2017-11-12 05:01:00','2017-11-13 04:59:00',NULL,NULL,'pending','2001','{\"sequence\":[\"PI_DAILY\",\"MA\"],\"parentactivity\":\"CA3\"}','2017-04-12 15:00:00',NULL,NULL,'Sickle Cell Daily Survey','Daily Survey To be completed for Sickle Cell disease patients'),(3599,'2017-11-13 05:01:00','2017-11-14 04:59:00',NULL,NULL,'pending','2001','{\"sequence\":[\"PI_DAILY\",\"MA\"],\"parentactivity\":\"CA3\"}','2017-04-12 15:00:00',NULL,NULL,'Sickle Cell Daily Survey','Daily Survey To be completed for Sickle Cell disease patients'),(3600,'2017-11-14 05:01:00','2017-11-15 04:59:00',NULL,NULL,'pending','2001','{\"sequence\":[\"PI_DAILY\",\"MA\"],\"parentactivity\":\"CA3\"}','2017-04-12 15:00:00',NULL,NULL,'Sickle Cell Daily Survey','Daily Survey To be completed for Sickle Cell disease patients'),(3601,'2017-11-15 05:01:00','2017-11-16 04:59:00',NULL,NULL,'pending','2001','{\"sequence\":[\"PI_DAILY\",\"MA\"],\"parentactivity\":\"CA3\"}','2017-04-12 15:00:00',NULL,NULL,'Sickle Cell Daily Survey','Daily Survey To be completed for Sickle Cell disease patients'),(3602,'2017-11-16 05:01:00','2017-11-17 04:59:00',NULL,NULL,'pending','2001','{\"sequence\":[\"PI_DAILY\",\"MA\"],\"parentactivity\":\"CA3\"}','2017-04-12 15:00:00',NULL,NULL,'Sickle Cell Daily Survey','Daily Survey To be completed for Sickle Cell disease patients'),(3603,'2017-11-17 05:01:00','2017-11-18 04:59:00',NULL,NULL,'pending','2001','{\"sequence\":[\"PI_DAILY\",\"MA\"],\"parentactivity\":\"CA3\"}','2017-04-12 15:00:00',NULL,NULL,'Sickle Cell Daily Survey','Daily Survey To be completed for Sickle Cell disease patients'),(3604,'2017-11-18 05:01:00','2017-11-19 04:59:00',NULL,NULL,'pending','2001','{\"sequence\":[\"PI_DAILY\",\"MA\"],\"parentactivity\":\"CA3\"}','2017-04-12 15:00:00',NULL,NULL,'Sickle Cell Daily Survey','Daily Survey To be completed for Sickle Cell disease patients'),(3605,'2017-11-19 05:01:00','2017-11-20 04:59:00',NULL,NULL,'pending','2001','{\"sequence\":[\"PI_DAILY\",\"MA\"],\"parentactivity\":\"CA3\"}','2017-04-12 15:00:00',NULL,NULL,'Sickle Cell Daily Survey','Daily Survey To be completed for Sickle Cell disease patients'),(3606,'2017-11-20 05:01:00','2017-11-21 04:59:00',NULL,NULL,'pending','2001','{\"sequence\":[\"PI_DAILY\",\"MA\"],\"parentactivity\":\"CA3\"}','2017-04-12 15:00:00',NULL,NULL,'Sickle Cell Daily Survey','Daily Survey To be completed for Sickle Cell disease patients'),(3607,'2017-11-21 05:01:00','2017-11-22 04:59:00',NULL,NULL,'pending','2001','{\"sequence\":[\"PI_DAILY\",\"MA\"],\"parentactivity\":\"CA3\"}','2017-04-12 15:00:00',NULL,NULL,'Sickle Cell Daily Survey','Daily Survey To be completed for Sickle Cell disease patients'),(3608,'2017-11-22 05:01:00','2017-11-23 04:59:00',NULL,NULL,'pending','2001','{\"sequence\":[\"PI_DAILY\",\"MA\"],\"parentactivity\":\"CA3\"}','2017-04-12 15:00:00',NULL,NULL,'Sickle Cell Daily Survey','Daily Survey To be completed for Sickle Cell disease patients'),(3609,'2017-11-23 05:01:00','2017-11-24 04:59:00',NULL,NULL,'pending','2001','{\"sequence\":[\"PI_DAILY\",\"MA\"],\"parentactivity\":\"CA3\"}','2017-04-12 15:00:00',NULL,NULL,'Sickle Cell Daily Survey','Daily Survey To be completed for Sickle Cell disease patients'),(3610,'2017-11-24 05:01:00','2017-11-25 04:59:00',NULL,NULL,'pending','2001','{\"sequence\":[\"PI_DAILY\",\"MA\"],\"parentactivity\":\"CA3\"}','2017-04-12 15:00:00',NULL,NULL,'Sickle Cell Daily Survey','Daily Survey To be completed for Sickle Cell disease patients'),(3611,'2017-11-25 05:01:00','2017-11-26 04:59:00',NULL,NULL,'pending','2001','{\"sequence\":[\"PI_DAILY\",\"MA\"],\"parentactivity\":\"CA3\"}','2017-04-12 15:00:00',NULL,NULL,'Sickle Cell Daily Survey','Daily Survey To be completed for Sickle Cell disease patients'),(3612,'2017-11-26 05:01:00','2017-11-27 04:59:00',NULL,NULL,'pending','2001','{\"sequence\":[\"PI_DAILY\",\"MA\"],\"parentactivity\":\"CA3\"}','2017-04-12 15:00:00',NULL,NULL,'Sickle Cell Daily Survey','Daily Survey To be completed for Sickle Cell disease patients'),(3613,'2017-11-27 05:01:00','2017-11-28 04:59:00',NULL,NULL,'pending','2001','{\"sequence\":[\"PI_DAILY\",\"MA\"],\"parentactivity\":\"CA3\"}','2017-04-12 15:00:00',NULL,NULL,'Sickle Cell Daily Survey','Daily Survey To be completed for Sickle Cell disease patients'),(3614,'2017-11-28 05:01:00','2017-11-29 04:59:00',NULL,NULL,'pending','2001','{\"sequence\":[\"PI_DAILY\",\"MA\"],\"parentactivity\":\"CA3\"}','2017-04-12 15:00:00',NULL,NULL,'Sickle Cell Daily Survey','Daily Survey To be completed for Sickle Cell disease patients'),(3615,'2017-11-29 05:01:00','2017-11-30 04:59:00',NULL,NULL,'pending','2001','{\"sequence\":[\"PI_DAILY\",\"MA\"],\"parentactivity\":\"CA3\"}','2017-04-12 15:00:00',NULL,NULL,'Sickle Cell Daily Survey','Daily Survey To be completed for Sickle Cell disease patients'),(3616,'2017-11-30 05:01:00','2017-12-01 04:59:00',NULL,NULL,'pending','2001','{\"sequence\":[\"PI_DAILY\",\"MA\"],\"parentactivity\":\"CA3\"}','2017-04-12 15:00:00',NULL,NULL,'Sickle Cell Daily Survey','Daily Survey To be completed for Sickle Cell disease patients'),(3617,'2017-12-01 05:01:00','2017-12-02 04:59:00',NULL,NULL,'pending','2001','{\"sequence\":[\"PI_DAILY\",\"MA\"],\"parentactivity\":\"CA3\"}','2017-04-12 15:00:00',NULL,NULL,'Sickle Cell Daily Survey','Daily Survey To be completed for Sickle Cell disease patients'),(3618,'2017-12-02 05:01:00','2017-12-03 04:59:00',NULL,NULL,'pending','2001','{\"sequence\":[\"PI_DAILY\",\"MA\"],\"parentactivity\":\"CA3\"}','2017-04-12 15:00:00',NULL,NULL,'Sickle Cell Daily Survey','Daily Survey To be completed for Sickle Cell disease patients'),(3619,'2017-12-03 05:01:00','2017-12-04 04:59:00',NULL,NULL,'pending','2001','{\"sequence\":[\"PI_DAILY\",\"MA\"],\"parentactivity\":\"CA3\"}','2017-04-12 15:00:00',NULL,NULL,'Sickle Cell Daily Survey','Daily Survey To be completed for Sickle Cell disease patients'),(3620,'2017-12-04 05:01:00','2017-12-05 04:59:00',NULL,NULL,'pending','2001','{\"sequence\":[\"PI_DAILY\",\"MA\"],\"parentactivity\":\"CA3\"}','2017-04-12 15:00:00',NULL,NULL,'Sickle Cell Daily Survey','Daily Survey To be completed for Sickle Cell disease patients'),(3621,'2017-12-05 05:01:00','2017-12-06 04:59:00',NULL,NULL,'pending','2001','{\"sequence\":[\"PI_DAILY\",\"MA\"],\"parentactivity\":\"CA3\"}','2017-04-12 15:00:00',NULL,NULL,'Sickle Cell Daily Survey','Daily Survey To be completed for Sickle Cell disease patients'),(3622,'2017-12-06 05:01:00','2017-12-07 04:59:00',NULL,NULL,'pending','2001','{\"sequence\":[\"PI_DAILY\",\"MA\"],\"parentactivity\":\"CA3\"}','2017-04-12 15:00:00',NULL,NULL,'Sickle Cell Daily Survey','Daily Survey To be completed for Sickle Cell disease patients'),(3623,'2017-12-07 05:01:00','2017-12-08 04:59:00',NULL,NULL,'pending','2001','{\"sequence\":[\"PI_DAILY\",\"MA\"],\"parentactivity\":\"CA3\"}','2017-04-12 15:00:00',NULL,NULL,'Sickle Cell Daily Survey','Daily Survey To be completed for Sickle Cell disease patients'),(3624,'2017-12-08 05:01:00','2017-12-09 04:59:00',NULL,NULL,'pending','2001','{\"sequence\":[\"PI_DAILY\",\"MA\"],\"parentactivity\":\"CA3\"}','2017-04-12 15:00:00',NULL,NULL,'Sickle Cell Daily Survey','Daily Survey To be completed for Sickle Cell disease patients'),(3625,'2017-12-09 05:01:00','2017-12-10 04:59:00',NULL,NULL,'pending','2001','{\"sequence\":[\"PI_DAILY\",\"MA\"],\"parentactivity\":\"CA3\"}','2017-04-12 15:00:00',NULL,NULL,'Sickle Cell Daily Survey','Daily Survey To be completed for Sickle Cell disease patients'),(3626,'2017-12-10 05:01:00','2017-12-11 04:59:00',NULL,NULL,'pending','2001','{\"sequence\":[\"PI_DAILY\",\"MA\"],\"parentactivity\":\"CA3\"}','2017-04-12 15:00:00',NULL,NULL,'Sickle Cell Daily Survey','Daily Survey To be completed for Sickle Cell disease patients'),(3627,'2017-12-11 05:01:00','2017-12-12 04:59:00',NULL,NULL,'pending','2001','{\"sequence\":[\"PI_DAILY\",\"MA\"],\"parentactivity\":\"CA3\"}','2017-04-12 15:00:00',NULL,NULL,'Sickle Cell Daily Survey','Daily Survey To be completed for Sickle Cell disease patients'),(3628,'2017-12-12 05:01:00','2017-12-13 04:59:00',NULL,NULL,'pending','2001','{\"sequence\":[\"PI_DAILY\",\"MA\"],\"parentactivity\":\"CA3\"}','2017-04-12 15:00:00',NULL,NULL,'Sickle Cell Daily Survey','Daily Survey To be completed for Sickle Cell disease patients'),(3629,'2017-12-13 05:01:00','2017-12-14 04:59:00',NULL,NULL,'pending','2001','{\"sequence\":[\"PI_DAILY\",\"MA\"],\"parentactivity\":\"CA3\"}','2017-04-12 15:00:00',NULL,NULL,'Sickle Cell Daily Survey','Daily Survey To be completed for Sickle Cell disease patients'),(3630,'2017-12-14 05:01:00','2017-12-15 04:59:00',NULL,NULL,'pending','2001','{\"sequence\":[\"PI_DAILY\",\"MA\"],\"parentactivity\":\"CA3\"}','2017-04-12 15:00:00',NULL,NULL,'Sickle Cell Daily Survey','Daily Survey To be completed for Sickle Cell disease patients'),(3631,'2017-12-15 05:01:00','2017-12-16 04:59:00',NULL,NULL,'pending','2001','{\"sequence\":[\"PI_DAILY\",\"MA\"],\"parentactivity\":\"CA3\"}','2017-04-12 15:00:00',NULL,NULL,'Sickle Cell Daily Survey','Daily Survey To be completed for Sickle Cell disease patients'),(3632,'2017-12-16 05:01:00','2017-12-17 04:59:00',NULL,NULL,'pending','2001','{\"sequence\":[\"PI_DAILY\",\"MA\"],\"parentactivity\":\"CA3\"}','2017-04-12 15:00:00',NULL,NULL,'Sickle Cell Daily Survey','Daily Survey To be completed for Sickle Cell disease patients'),(3633,'2017-12-17 05:01:00','2017-12-18 04:59:00',NULL,NULL,'pending','2001','{\"sequence\":[\"PI_DAILY\",\"MA\"],\"parentactivity\":\"CA3\"}','2017-04-12 15:00:00',NULL,NULL,'Sickle Cell Daily Survey','Daily Survey To be completed for Sickle Cell disease patients'),(3634,'2017-12-18 05:01:00','2017-12-19 04:59:00',NULL,NULL,'pending','2001','{\"sequence\":[\"PI_DAILY\",\"MA\"],\"parentactivity\":\"CA3\"}','2017-04-12 15:00:00',NULL,NULL,'Sickle Cell Daily Survey','Daily Survey To be completed for Sickle Cell disease patients'),(3635,'2017-12-19 05:01:00','2017-12-20 04:59:00',NULL,NULL,'pending','2001','{\"sequence\":[\"PI_DAILY\",\"MA\"],\"parentactivity\":\"CA3\"}','2017-04-12 15:00:00',NULL,NULL,'Sickle Cell Daily Survey','Daily Survey To be completed for Sickle Cell disease patients'),(3636,'2017-12-20 05:01:00','2017-12-21 04:59:00',NULL,NULL,'pending','2001','{\"sequence\":[\"PI_DAILY\",\"MA\"],\"parentactivity\":\"CA3\"}','2017-04-12 15:00:00',NULL,NULL,'Sickle Cell Daily Survey','Daily Survey To be completed for Sickle Cell disease patients'),(3637,'2017-12-21 05:01:00','2017-12-22 04:59:00',NULL,NULL,'pending','2001','{\"sequence\":[\"PI_DAILY\",\"MA\"],\"parentactivity\":\"CA3\"}','2017-04-12 15:00:00',NULL,NULL,'Sickle Cell Daily Survey','Daily Survey To be completed for Sickle Cell disease patients'),(3638,'2017-12-22 05:01:00','2017-12-23 04:59:00',NULL,NULL,'pending','2001','{\"sequence\":[\"PI_DAILY\",\"MA\"],\"parentactivity\":\"CA3\"}','2017-04-12 15:00:00',NULL,NULL,'Sickle Cell Daily Survey','Daily Survey To be completed for Sickle Cell disease patients'),(3639,'2017-12-23 05:01:00','2017-12-24 04:59:00',NULL,NULL,'pending','2001','{\"sequence\":[\"PI_DAILY\",\"MA\"],\"parentactivity\":\"CA3\"}','2017-04-12 15:00:00',NULL,NULL,'Sickle Cell Daily Survey','Daily Survey To be completed for Sickle Cell disease patients'),(3640,'2017-12-24 05:01:00','2017-12-25 04:59:00',NULL,NULL,'pending','2001','{\"sequence\":[\"PI_DAILY\",\"MA\"],\"parentactivity\":\"CA3\"}','2017-04-12 15:00:00',NULL,NULL,'Sickle Cell Daily Survey','Daily Survey To be completed for Sickle Cell disease patients'),(3641,'2017-12-25 05:01:00','2017-12-26 04:59:00',NULL,NULL,'pending','2001','{\"sequence\":[\"PI_DAILY\",\"MA\"],\"parentactivity\":\"CA3\"}','2017-04-12 15:00:00',NULL,NULL,'Sickle Cell Daily Survey','Daily Survey To be completed for Sickle Cell disease patients'),(3642,'2017-12-26 05:01:00','2017-12-27 04:59:00',NULL,NULL,'pending','2001','{\"sequence\":[\"PI_DAILY\",\"MA\"],\"parentactivity\":\"CA3\"}','2017-04-12 15:00:00',NULL,NULL,'Sickle Cell Daily Survey','Daily Survey To be completed for Sickle Cell disease patients'),(3643,'2017-12-27 05:01:00','2017-12-28 04:59:00',NULL,NULL,'pending','2001','{\"sequence\":[\"PI_DAILY\",\"MA\"],\"parentactivity\":\"CA3\"}','2017-04-12 15:00:00',NULL,NULL,'Sickle Cell Daily Survey','Daily Survey To be completed for Sickle Cell disease patients'),(3644,'2017-12-28 05:01:00','2017-12-29 04:59:00',NULL,NULL,'pending','2001','{\"sequence\":[\"PI_DAILY\",\"MA\"],\"parentactivity\":\"CA3\"}','2017-04-12 15:00:00',NULL,NULL,'Sickle Cell Daily Survey','Daily Survey To be completed for Sickle Cell disease patients'),(3645,'2017-12-29 05:01:00','2017-12-30 04:59:00',NULL,NULL,'pending','2001','{\"sequence\":[\"PI_DAILY\",\"MA\"],\"parentactivity\":\"CA3\"}','2017-04-12 15:00:00',NULL,NULL,'Sickle Cell Daily Survey','Daily Survey To be completed for Sickle Cell disease patients'),(3646,'2017-12-30 05:01:00','2017-12-31 04:59:00',NULL,NULL,'pending','2001','{\"sequence\":[\"PI_DAILY\",\"MA\"],\"parentactivity\":\"CA3\"}','2017-04-12 15:00:00',NULL,NULL,'Sickle Cell Daily Survey','Daily Survey To be completed for Sickle Cell disease patients'),(3647,'2017-12-31 05:01:00','2018-01-01 04:59:00',NULL,NULL,'pending','2001','{\"sequence\":[\"PI_DAILY\",\"MA\"],\"parentactivity\":\"CA3\"}','2017-04-12 15:00:00',NULL,NULL,'Sickle Cell Daily Survey','Daily Survey To be completed for Sickle Cell disease patients'),(3648,'2017-04-12 05:01:00','2017-04-13 04:59:00',NULL,NULL,'expired','3001','{\"sequence\":[\"PI_DAILY\",\"MA\"],\"parentactivity\":\"CA3\"}','2017-04-12 15:00:00',NULL,NULL,'Sickle Cell Daily Survey','Daily Survey To be completed for Sickle Cell disease patients'),(3649,'2017-04-13 05:01:00','2017-04-14 04:59:00',NULL,NULL,'expired','3001','{\"sequence\":[\"PI_DAILY\",\"MA\"],\"parentactivity\":\"CA3\"}','2017-04-12 15:00:00',NULL,NULL,'Sickle Cell Daily Survey','Daily Survey To be completed for Sickle Cell disease patients'),(3650,'2017-04-14 05:01:00','2017-04-15 04:59:00',NULL,NULL,'expired','3001','{\"sequence\":[\"PI_DAILY\",\"MA\"],\"parentactivity\":\"CA3\"}','2017-04-12 15:00:00',NULL,NULL,'Sickle Cell Daily Survey','Daily Survey To be completed for Sickle Cell disease patients'),(3651,'2017-04-15 05:01:00','2017-04-16 04:59:00',NULL,NULL,'expired','3001','{\"sequence\":[\"PI_DAILY\",\"MA\"],\"parentactivity\":\"CA3\"}','2017-04-12 15:00:00',NULL,NULL,'Sickle Cell Daily Survey','Daily Survey To be completed for Sickle Cell disease patients'),(3652,'2017-04-16 05:01:00','2017-04-17 04:59:00',NULL,NULL,'expired','3001','{\"sequence\":[\"PI_DAILY\",\"MA\"],\"parentactivity\":\"CA3\"}','2017-04-12 15:00:00',NULL,NULL,'Sickle Cell Daily Survey','Daily Survey To be completed for Sickle Cell disease patients'),(3653,'2017-04-17 05:01:00','2017-04-18 04:59:00',NULL,NULL,'expired','3001','{\"sequence\":[\"PI_DAILY\",\"MA\"],\"parentactivity\":\"CA3\"}','2017-04-12 15:00:00',NULL,NULL,'Sickle Cell Daily Survey','Daily Survey To be completed for Sickle Cell disease patients'),(3654,'2017-04-18 05:01:00','2017-04-19 04:59:00',NULL,NULL,'expired','3001','{\"sequence\":[\"PI_DAILY\",\"MA\"],\"parentactivity\":\"CA3\"}','2017-04-12 15:00:00',NULL,NULL,'Sickle Cell Daily Survey','Daily Survey To be completed for Sickle Cell disease patients'),(3655,'2017-04-19 05:01:00','2017-04-20 04:59:00',NULL,NULL,'expired','3001','{\"sequence\":[\"PI_DAILY\",\"MA\"],\"parentactivity\":\"CA3\"}','2017-04-12 15:00:00',NULL,NULL,'Sickle Cell Daily Survey','Daily Survey To be completed for Sickle Cell disease patients'),(3656,'2017-04-20 05:01:00','2017-04-21 04:59:00',NULL,NULL,'expired','3001','{\"sequence\":[\"PI_DAILY\",\"MA\"],\"parentactivity\":\"CA3\"}','2017-04-12 15:00:00',NULL,NULL,'Sickle Cell Daily Survey','Daily Survey To be completed for Sickle Cell disease patients'),(3657,'2017-04-21 05:01:00','2017-04-22 04:59:00',NULL,NULL,'expired','3001','{\"sequence\":[\"PI_DAILY\",\"MA\"],\"parentactivity\":\"CA3\"}','2017-04-12 15:00:00',NULL,NULL,'Sickle Cell Daily Survey','Daily Survey To be completed for Sickle Cell disease patients'),(3658,'2017-04-22 05:01:00','2017-04-23 04:59:00',NULL,NULL,'expired','3001','{\"sequence\":[\"PI_DAILY\",\"MA\"],\"parentactivity\":\"CA3\"}','2017-04-12 15:00:00',NULL,NULL,'Sickle Cell Daily Survey','Daily Survey To be completed for Sickle Cell disease patients'),(3659,'2017-04-23 05:01:00','2017-04-24 04:59:00',NULL,NULL,'expired','3001','{\"sequence\":[\"PI_DAILY\",\"MA\"],\"parentactivity\":\"CA3\"}','2017-04-12 15:00:00',NULL,NULL,'Sickle Cell Daily Survey','Daily Survey To be completed for Sickle Cell disease patients'),(3660,'2017-04-24 05:01:00','2017-04-25 04:59:00',NULL,NULL,'expired','3001','{\"sequence\":[\"PI_DAILY\",\"MA\"],\"parentactivity\":\"CA3\"}','2017-04-12 15:00:00',NULL,NULL,'Sickle Cell Daily Survey','Daily Survey To be completed for Sickle Cell disease patients'),(3661,'2017-04-25 05:01:00','2017-04-26 04:59:00',NULL,NULL,'expired','3001','{\"sequence\":[\"PI_DAILY\",\"MA\"],\"parentactivity\":\"CA3\"}','2017-04-12 15:00:00',NULL,NULL,'Sickle Cell Daily Survey','Daily Survey To be completed for Sickle Cell disease patients'),(3662,'2017-04-26 05:01:00','2017-04-27 04:59:00',NULL,NULL,'expired','3001','{\"sequence\":[\"PI_DAILY\",\"MA\"],\"parentactivity\":\"CA3\"}','2017-04-12 15:00:00',NULL,NULL,'Sickle Cell Daily Survey','Daily Survey To be completed for Sickle Cell disease patients'),(3663,'2017-04-27 05:01:00','2017-04-28 04:59:00',NULL,NULL,'expired','3001','{\"sequence\":[\"PI_DAILY\",\"MA\"],\"parentactivity\":\"CA3\"}','2017-04-12 15:00:00',NULL,NULL,'Sickle Cell Daily Survey','Daily Survey To be completed for Sickle Cell disease patients'),(3664,'2017-04-28 05:01:00','2017-04-29 04:59:00',NULL,NULL,'expired','3001','{\"sequence\":[\"PI_DAILY\",\"MA\"],\"parentactivity\":\"CA3\"}','2017-04-12 15:00:00',NULL,NULL,'Sickle Cell Daily Survey','Daily Survey To be completed for Sickle Cell disease patients'),(3665,'2017-04-29 05:01:00','2017-04-30 04:59:00',NULL,NULL,'expired','3001','{\"sequence\":[\"PI_DAILY\",\"MA\"],\"parentactivity\":\"CA3\"}','2017-04-12 15:00:00',NULL,NULL,'Sickle Cell Daily Survey','Daily Survey To be completed for Sickle Cell disease patients'),(3666,'2017-04-30 05:01:00','2017-05-01 04:59:00',NULL,NULL,'expired','3001','{\"sequence\":[\"PI_DAILY\",\"MA\"],\"parentactivity\":\"CA3\"}','2017-04-12 15:00:00',NULL,NULL,'Sickle Cell Daily Survey','Daily Survey To be completed for Sickle Cell disease patients'),(3667,'2017-05-01 05:01:00','2017-05-02 04:59:00',NULL,NULL,'expired','3001','{\"sequence\":[\"PI_DAILY\",\"MA\"],\"parentactivity\":\"CA3\"}','2017-04-12 15:00:00',NULL,NULL,'Sickle Cell Daily Survey','Daily Survey To be completed for Sickle Cell disease patients'),(3668,'2017-05-02 05:01:00','2017-05-03 04:59:00',NULL,NULL,'expired','3001','{\"sequence\":[\"PI_DAILY\",\"MA\"],\"parentactivity\":\"CA3\"}','2017-04-12 15:00:00',NULL,NULL,'Sickle Cell Daily Survey','Daily Survey To be completed for Sickle Cell disease patients'),(3669,'2017-05-03 05:01:00','2017-05-04 04:59:00',NULL,NULL,'expired','3001','{\"sequence\":[\"PI_DAILY\",\"MA\"],\"parentactivity\":\"CA3\"}','2017-04-12 15:00:00',NULL,NULL,'Sickle Cell Daily Survey','Daily Survey To be completed for Sickle Cell disease patients'),(3670,'2017-05-04 05:01:00','2017-05-05 04:59:00',NULL,NULL,'expired','3001','{\"sequence\":[\"PI_DAILY\",\"MA\"],\"parentactivity\":\"CA3\"}','2017-04-12 15:00:00',NULL,NULL,'Sickle Cell Daily Survey','Daily Survey To be completed for Sickle Cell disease patients'),(3671,'2017-05-05 05:01:00','2017-05-06 04:59:00',NULL,NULL,'expired','3001','{\"sequence\":[\"PI_DAILY\",\"MA\"],\"parentactivity\":\"CA3\"}','2017-04-12 15:00:00',NULL,NULL,'Sickle Cell Daily Survey','Daily Survey To be completed for Sickle Cell disease patients'),(3672,'2017-05-06 05:01:00','2017-05-07 04:59:00',NULL,NULL,'expired','3001','{\"sequence\":[\"PI_DAILY\",\"MA\"],\"parentactivity\":\"CA3\"}','2017-04-12 15:00:00',NULL,NULL,'Sickle Cell Daily Survey','Daily Survey To be completed for Sickle Cell disease patients'),(3673,'2017-05-07 05:01:00','2017-05-08 04:59:00',NULL,NULL,'expired','3001','{\"sequence\":[\"PI_DAILY\",\"MA\"],\"parentactivity\":\"CA3\"}','2017-04-12 15:00:00',NULL,NULL,'Sickle Cell Daily Survey','Daily Survey To be completed for Sickle Cell disease patients'),(3674,'2017-05-08 05:01:00','2017-05-09 04:59:00',NULL,NULL,'expired','3001','{\"sequence\":[\"PI_DAILY\",\"MA\"],\"parentactivity\":\"CA3\"}','2017-04-12 15:00:00',NULL,NULL,'Sickle Cell Daily Survey','Daily Survey To be completed for Sickle Cell disease patients'),(3675,'2017-05-09 05:01:00','2017-05-10 04:59:00',NULL,NULL,'expired','3001','{\"sequence\":[\"PI_DAILY\",\"MA\"],\"parentactivity\":\"CA3\"}','2017-04-12 15:00:00',NULL,NULL,'Sickle Cell Daily Survey','Daily Survey To be completed for Sickle Cell disease patients'),(3676,'2017-05-10 05:01:00','2017-05-11 04:59:00',NULL,NULL,'expired','3001','{\"sequence\":[\"PI_DAILY\",\"MA\"],\"parentactivity\":\"CA3\"}','2017-04-12 15:00:00',NULL,NULL,'Sickle Cell Daily Survey','Daily Survey To be completed for Sickle Cell disease patients'),(3677,'2017-05-11 05:01:00','2017-05-12 04:59:00',NULL,NULL,'expired','3001','{\"sequence\":[\"PI_DAILY\",\"MA\"],\"parentactivity\":\"CA3\"}','2017-04-12 15:00:00',NULL,NULL,'Sickle Cell Daily Survey','Daily Survey To be completed for Sickle Cell disease patients'),(3678,'2017-05-12 05:01:00','2017-05-13 04:59:00',NULL,NULL,'expired','3001','{\"sequence\":[\"PI_DAILY\",\"MA\"],\"parentactivity\":\"CA3\"}','2017-04-12 15:00:00',NULL,NULL,'Sickle Cell Daily Survey','Daily Survey To be completed for Sickle Cell disease patients'),(3679,'2017-05-13 05:01:00','2017-05-14 04:59:00',NULL,NULL,'expired','3001','{\"sequence\":[\"PI_DAILY\",\"MA\"],\"parentactivity\":\"CA3\"}','2017-04-12 15:00:00',NULL,NULL,'Sickle Cell Daily Survey','Daily Survey To be completed for Sickle Cell disease patients'),(3680,'2017-05-14 05:01:00','2017-05-15 04:59:00',NULL,NULL,'expired','3001','{\"sequence\":[\"PI_DAILY\",\"MA\"],\"parentactivity\":\"CA3\"}','2017-04-12 15:00:00',NULL,NULL,'Sickle Cell Daily Survey','Daily Survey To be completed for Sickle Cell disease patients'),(3681,'2017-05-15 05:01:00','2017-05-16 04:59:00',NULL,NULL,'expired','3001','{\"sequence\":[\"PI_DAILY\",\"MA\"],\"parentactivity\":\"CA3\"}','2017-04-12 15:00:00',NULL,NULL,'Sickle Cell Daily Survey','Daily Survey To be completed for Sickle Cell disease patients'),(3682,'2017-05-16 05:01:00','2017-05-17 04:59:00',NULL,NULL,'expired','3001','{\"sequence\":[\"PI_DAILY\",\"MA\"],\"parentactivity\":\"CA3\"}','2017-04-12 15:00:00',NULL,NULL,'Sickle Cell Daily Survey','Daily Survey To be completed for Sickle Cell disease patients'),(3683,'2017-05-17 05:01:00','2017-05-18 04:59:00',NULL,NULL,'expired','3001','{\"sequence\":[\"PI_DAILY\",\"MA\"],\"parentactivity\":\"CA3\"}','2017-04-12 15:00:00',NULL,NULL,'Sickle Cell Daily Survey','Daily Survey To be completed for Sickle Cell disease patients'),(3684,'2017-05-18 05:01:00','2017-05-19 04:59:00',NULL,NULL,'expired','3001','{\"sequence\":[\"PI_DAILY\",\"MA\"],\"parentactivity\":\"CA3\"}','2017-04-12 15:00:00',NULL,NULL,'Sickle Cell Daily Survey','Daily Survey To be completed for Sickle Cell disease patients'),(3685,'2017-05-19 05:01:00','2017-05-20 04:59:00',NULL,NULL,'expired','3001','{\"sequence\":[\"PI_DAILY\",\"MA\"],\"parentactivity\":\"CA3\"}','2017-04-12 15:00:00',NULL,NULL,'Sickle Cell Daily Survey','Daily Survey To be completed for Sickle Cell disease patients'),(3686,'2017-05-20 05:01:00','2017-05-21 04:59:00',NULL,NULL,'expired','3001','{\"sequence\":[\"PI_DAILY\",\"MA\"],\"parentactivity\":\"CA3\"}','2017-04-12 15:00:00',NULL,NULL,'Sickle Cell Daily Survey','Daily Survey To be completed for Sickle Cell disease patients'),(3687,'2017-05-21 05:01:00','2017-05-22 04:59:00',NULL,NULL,'expired','3001','{\"sequence\":[\"PI_DAILY\",\"MA\"],\"parentactivity\":\"CA3\"}','2017-04-12 15:00:00',NULL,NULL,'Sickle Cell Daily Survey','Daily Survey To be completed for Sickle Cell disease patients'),(3688,'2017-05-22 05:01:00','2017-05-23 04:59:00',NULL,NULL,'expired','3001','{\"sequence\":[\"PI_DAILY\",\"MA\"],\"parentactivity\":\"CA3\"}','2017-04-12 15:00:00',NULL,NULL,'Sickle Cell Daily Survey','Daily Survey To be completed for Sickle Cell disease patients'),(3689,'2017-05-23 05:01:00','2017-05-24 04:59:00',NULL,NULL,'expired','3001','{\"sequence\":[\"PI_DAILY\",\"MA\"],\"parentactivity\":\"CA3\"}','2017-04-12 15:00:00',NULL,NULL,'Sickle Cell Daily Survey','Daily Survey To be completed for Sickle Cell disease patients'),(3690,'2017-05-24 05:01:00','2017-05-25 04:59:00',NULL,NULL,'expired','3001','{\"sequence\":[\"PI_DAILY\",\"MA\"],\"parentactivity\":\"CA3\"}','2017-04-12 15:00:00',NULL,NULL,'Sickle Cell Daily Survey','Daily Survey To be completed for Sickle Cell disease patients'),(3691,'2017-05-25 05:01:00','2017-05-26 04:59:00',NULL,NULL,'expired','3001','{\"sequence\":[\"PI_DAILY\",\"MA\"],\"parentactivity\":\"CA3\"}','2017-04-12 15:00:00',NULL,NULL,'Sickle Cell Daily Survey','Daily Survey To be completed for Sickle Cell disease patients'),(3692,'2017-05-26 05:01:00','2017-05-27 04:59:00',NULL,NULL,'pending','3001','{\"sequence\":[\"PI_DAILY\",\"MA\"],\"parentactivity\":\"CA3\"}','2017-04-12 15:00:00',NULL,NULL,'Sickle Cell Daily Survey','Daily Survey To be completed for Sickle Cell disease patients'),(3693,'2017-05-27 05:01:00','2017-05-28 04:59:00',NULL,NULL,'pending','3001','{\"sequence\":[\"PI_DAILY\",\"MA\"],\"parentactivity\":\"CA3\"}','2017-04-12 15:00:00',NULL,NULL,'Sickle Cell Daily Survey','Daily Survey To be completed for Sickle Cell disease patients'),(3694,'2017-05-28 05:01:00','2017-05-29 04:59:00',NULL,NULL,'pending','3001','{\"sequence\":[\"PI_DAILY\",\"MA\"],\"parentactivity\":\"CA3\"}','2017-04-12 15:00:00',NULL,NULL,'Sickle Cell Daily Survey','Daily Survey To be completed for Sickle Cell disease patients'),(3695,'2017-05-29 05:01:00','2017-05-30 04:59:00',NULL,NULL,'pending','3001','{\"sequence\":[\"PI_DAILY\",\"MA\"],\"parentactivity\":\"CA3\"}','2017-04-12 15:00:00',NULL,NULL,'Sickle Cell Daily Survey','Daily Survey To be completed for Sickle Cell disease patients'),(3696,'2017-05-30 05:01:00','2017-05-31 04:59:00',NULL,NULL,'pending','3001','{\"sequence\":[\"PI_DAILY\",\"MA\"],\"parentactivity\":\"CA3\"}','2017-04-12 15:00:00',NULL,NULL,'Sickle Cell Daily Survey','Daily Survey To be completed for Sickle Cell disease patients'),(3697,'2017-05-31 05:01:00','2017-06-01 04:59:00',NULL,NULL,'pending','3001','{\"sequence\":[\"PI_DAILY\",\"MA\"],\"parentactivity\":\"CA3\"}','2017-04-12 15:00:00',NULL,NULL,'Sickle Cell Daily Survey','Daily Survey To be completed for Sickle Cell disease patients'),(3698,'2017-06-01 05:01:00','2017-06-02 04:59:00',NULL,NULL,'pending','3001','{\"sequence\":[\"PI_DAILY\",\"MA\"],\"parentactivity\":\"CA3\"}','2017-04-12 15:00:00',NULL,NULL,'Sickle Cell Daily Survey','Daily Survey To be completed for Sickle Cell disease patients'),(3699,'2017-06-02 05:01:00','2017-06-03 04:59:00',NULL,NULL,'pending','3001','{\"sequence\":[\"PI_DAILY\",\"MA\"],\"parentactivity\":\"CA3\"}','2017-04-12 15:00:00',NULL,NULL,'Sickle Cell Daily Survey','Daily Survey To be completed for Sickle Cell disease patients'),(3700,'2017-06-03 05:01:00','2017-06-04 04:59:00',NULL,NULL,'pending','3001','{\"sequence\":[\"PI_DAILY\",\"MA\"],\"parentactivity\":\"CA3\"}','2017-04-12 15:00:00',NULL,NULL,'Sickle Cell Daily Survey','Daily Survey To be completed for Sickle Cell disease patients'),(3701,'2017-06-04 05:01:00','2017-06-05 04:59:00',NULL,NULL,'pending','3001','{\"sequence\":[\"PI_DAILY\",\"MA\"],\"parentactivity\":\"CA3\"}','2017-04-12 15:00:00',NULL,NULL,'Sickle Cell Daily Survey','Daily Survey To be completed for Sickle Cell disease patients'),(3702,'2017-06-05 05:01:00','2017-06-06 04:59:00',NULL,NULL,'pending','3001','{\"sequence\":[\"PI_DAILY\",\"MA\"],\"parentactivity\":\"CA3\"}','2017-04-12 15:00:00',NULL,NULL,'Sickle Cell Daily Survey','Daily Survey To be completed for Sickle Cell disease patients'),(3703,'2017-06-06 05:01:00','2017-06-07 04:59:00',NULL,NULL,'pending','3001','{\"sequence\":[\"PI_DAILY\",\"MA\"],\"parentactivity\":\"CA3\"}','2017-04-12 15:00:00',NULL,NULL,'Sickle Cell Daily Survey','Daily Survey To be completed for Sickle Cell disease patients'),(3704,'2017-06-07 05:01:00','2017-06-08 04:59:00',NULL,NULL,'pending','3001','{\"sequence\":[\"PI_DAILY\",\"MA\"],\"parentactivity\":\"CA3\"}','2017-04-12 15:00:00',NULL,NULL,'Sickle Cell Daily Survey','Daily Survey To be completed for Sickle Cell disease patients'),(3705,'2017-06-08 05:01:00','2017-06-09 04:59:00',NULL,NULL,'pending','3001','{\"sequence\":[\"PI_DAILY\",\"MA\"],\"parentactivity\":\"CA3\"}','2017-04-12 15:00:00',NULL,NULL,'Sickle Cell Daily Survey','Daily Survey To be completed for Sickle Cell disease patients'),(3706,'2017-06-09 05:01:00','2017-06-10 04:59:00',NULL,NULL,'pending','3001','{\"sequence\":[\"PI_DAILY\",\"MA\"],\"parentactivity\":\"CA3\"}','2017-04-12 15:00:00',NULL,NULL,'Sickle Cell Daily Survey','Daily Survey To be completed for Sickle Cell disease patients'),(3707,'2017-06-10 05:01:00','2017-06-11 04:59:00',NULL,NULL,'pending','3001','{\"sequence\":[\"PI_DAILY\",\"MA\"],\"parentactivity\":\"CA3\"}','2017-04-12 15:00:00',NULL,NULL,'Sickle Cell Daily Survey','Daily Survey To be completed for Sickle Cell disease patients'),(3708,'2017-06-11 05:01:00','2017-06-12 04:59:00',NULL,NULL,'pending','3001','{\"sequence\":[\"PI_DAILY\",\"MA\"],\"parentactivity\":\"CA3\"}','2017-04-12 15:00:00',NULL,NULL,'Sickle Cell Daily Survey','Daily Survey To be completed for Sickle Cell disease patients'),(3709,'2017-06-12 05:01:00','2017-06-13 04:59:00',NULL,NULL,'pending','3001','{\"sequence\":[\"PI_DAILY\",\"MA\"],\"parentactivity\":\"CA3\"}','2017-04-12 15:00:00',NULL,NULL,'Sickle Cell Daily Survey','Daily Survey To be completed for Sickle Cell disease patients'),(3710,'2017-06-13 05:01:00','2017-06-14 04:59:00',NULL,NULL,'pending','3001','{\"sequence\":[\"PI_DAILY\",\"MA\"],\"parentactivity\":\"CA3\"}','2017-04-12 15:00:00',NULL,NULL,'Sickle Cell Daily Survey','Daily Survey To be completed for Sickle Cell disease patients'),(3711,'2017-06-14 05:01:00','2017-06-15 04:59:00',NULL,NULL,'pending','3001','{\"sequence\":[\"PI_DAILY\",\"MA\"],\"parentactivity\":\"CA3\"}','2017-04-12 15:00:00',NULL,NULL,'Sickle Cell Daily Survey','Daily Survey To be completed for Sickle Cell disease patients'),(3712,'2017-06-15 05:01:00','2017-06-16 04:59:00',NULL,NULL,'pending','3001','{\"sequence\":[\"PI_DAILY\",\"MA\"],\"parentactivity\":\"CA3\"}','2017-04-12 15:00:00',NULL,NULL,'Sickle Cell Daily Survey','Daily Survey To be completed for Sickle Cell disease patients'),(3713,'2017-06-16 05:01:00','2017-06-17 04:59:00',NULL,NULL,'pending','3001','{\"sequence\":[\"PI_DAILY\",\"MA\"],\"parentactivity\":\"CA3\"}','2017-04-12 15:00:00',NULL,NULL,'Sickle Cell Daily Survey','Daily Survey To be completed for Sickle Cell disease patients'),(3714,'2017-06-17 05:01:00','2017-06-18 04:59:00',NULL,NULL,'pending','3001','{\"sequence\":[\"PI_DAILY\",\"MA\"],\"parentactivity\":\"CA3\"}','2017-04-12 15:00:00',NULL,NULL,'Sickle Cell Daily Survey','Daily Survey To be completed for Sickle Cell disease patients'),(3715,'2017-06-18 05:01:00','2017-06-19 04:59:00',NULL,NULL,'pending','3001','{\"sequence\":[\"PI_DAILY\",\"MA\"],\"parentactivity\":\"CA3\"}','2017-04-12 15:00:00',NULL,NULL,'Sickle Cell Daily Survey','Daily Survey To be completed for Sickle Cell disease patients'),(3716,'2017-06-19 05:01:00','2017-06-20 04:59:00',NULL,NULL,'pending','3001','{\"sequence\":[\"PI_DAILY\",\"MA\"],\"parentactivity\":\"CA3\"}','2017-04-12 15:00:00',NULL,NULL,'Sickle Cell Daily Survey','Daily Survey To be completed for Sickle Cell disease patients'),(3717,'2017-06-20 05:01:00','2017-06-21 04:59:00',NULL,NULL,'pending','3001','{\"sequence\":[\"PI_DAILY\",\"MA\"],\"parentactivity\":\"CA3\"}','2017-04-12 15:00:00',NULL,NULL,'Sickle Cell Daily Survey','Daily Survey To be completed for Sickle Cell disease patients'),(3718,'2017-06-21 05:01:00','2017-06-22 04:59:00',NULL,NULL,'pending','3001','{\"sequence\":[\"PI_DAILY\",\"MA\"],\"parentactivity\":\"CA3\"}','2017-04-12 15:00:00',NULL,NULL,'Sickle Cell Daily Survey','Daily Survey To be completed for Sickle Cell disease patients'),(3719,'2017-06-22 05:01:00','2017-06-23 04:59:00',NULL,NULL,'pending','3001','{\"sequence\":[\"PI_DAILY\",\"MA\"],\"parentactivity\":\"CA3\"}','2017-04-12 15:00:00',NULL,NULL,'Sickle Cell Daily Survey','Daily Survey To be completed for Sickle Cell disease patients'),(3720,'2017-06-23 05:01:00','2017-06-24 04:59:00',NULL,NULL,'pending','3001','{\"sequence\":[\"PI_DAILY\",\"MA\"],\"parentactivity\":\"CA3\"}','2017-04-12 15:00:00',NULL,NULL,'Sickle Cell Daily Survey','Daily Survey To be completed for Sickle Cell disease patients'),(3721,'2017-06-24 05:01:00','2017-06-25 04:59:00',NULL,NULL,'pending','3001','{\"sequence\":[\"PI_DAILY\",\"MA\"],\"parentactivity\":\"CA3\"}','2017-04-12 15:00:00',NULL,NULL,'Sickle Cell Daily Survey','Daily Survey To be completed for Sickle Cell disease patients'),(3722,'2017-06-25 05:01:00','2017-06-26 04:59:00',NULL,NULL,'pending','3001','{\"sequence\":[\"PI_DAILY\",\"MA\"],\"parentactivity\":\"CA3\"}','2017-04-12 15:00:00',NULL,NULL,'Sickle Cell Daily Survey','Daily Survey To be completed for Sickle Cell disease patients'),(3723,'2017-06-26 05:01:00','2017-06-27 04:59:00',NULL,NULL,'pending','3001','{\"sequence\":[\"PI_DAILY\",\"MA\"],\"parentactivity\":\"CA3\"}','2017-04-12 15:00:00',NULL,NULL,'Sickle Cell Daily Survey','Daily Survey To be completed for Sickle Cell disease patients'),(3724,'2017-06-27 05:01:00','2017-06-28 04:59:00',NULL,NULL,'pending','3001','{\"sequence\":[\"PI_DAILY\",\"MA\"],\"parentactivity\":\"CA3\"}','2017-04-12 15:00:00',NULL,NULL,'Sickle Cell Daily Survey','Daily Survey To be completed for Sickle Cell disease patients'),(3725,'2017-06-28 05:01:00','2017-06-29 04:59:00',NULL,NULL,'pending','3001','{\"sequence\":[\"PI_DAILY\",\"MA\"],\"parentactivity\":\"CA3\"}','2017-04-12 15:00:00',NULL,NULL,'Sickle Cell Daily Survey','Daily Survey To be completed for Sickle Cell disease patients'),(3726,'2017-06-29 05:01:00','2017-06-30 04:59:00',NULL,NULL,'pending','3001','{\"sequence\":[\"PI_DAILY\",\"MA\"],\"parentactivity\":\"CA3\"}','2017-04-12 15:00:00',NULL,NULL,'Sickle Cell Daily Survey','Daily Survey To be completed for Sickle Cell disease patients'),(3727,'2017-06-30 05:01:00','2017-07-01 04:59:00',NULL,NULL,'pending','3001','{\"sequence\":[\"PI_DAILY\",\"MA\"],\"parentactivity\":\"CA3\"}','2017-04-12 15:00:00',NULL,NULL,'Sickle Cell Daily Survey','Daily Survey To be completed for Sickle Cell disease patients'),(3728,'2017-07-01 05:01:00','2017-07-02 04:59:00',NULL,NULL,'pending','3001','{\"sequence\":[\"PI_DAILY\",\"MA\"],\"parentactivity\":\"CA3\"}','2017-04-12 15:00:00',NULL,NULL,'Sickle Cell Daily Survey','Daily Survey To be completed for Sickle Cell disease patients'),(3729,'2017-07-02 05:01:00','2017-07-03 04:59:00',NULL,NULL,'pending','3001','{\"sequence\":[\"PI_DAILY\",\"MA\"],\"parentactivity\":\"CA3\"}','2017-04-12 15:00:00',NULL,NULL,'Sickle Cell Daily Survey','Daily Survey To be completed for Sickle Cell disease patients'),(3730,'2017-07-03 05:01:00','2017-07-04 04:59:00',NULL,NULL,'pending','3001','{\"sequence\":[\"PI_DAILY\",\"MA\"],\"parentactivity\":\"CA3\"}','2017-04-12 15:00:00',NULL,NULL,'Sickle Cell Daily Survey','Daily Survey To be completed for Sickle Cell disease patients'),(3731,'2017-07-04 05:01:00','2017-07-05 04:59:00',NULL,NULL,'pending','3001','{\"sequence\":[\"PI_DAILY\",\"MA\"],\"parentactivity\":\"CA3\"}','2017-04-12 15:00:00',NULL,NULL,'Sickle Cell Daily Survey','Daily Survey To be completed for Sickle Cell disease patients'),(3732,'2017-07-05 05:01:00','2017-07-06 04:59:00',NULL,NULL,'pending','3001','{\"sequence\":[\"PI_DAILY\",\"MA\"],\"parentactivity\":\"CA3\"}','2017-04-12 15:00:00',NULL,NULL,'Sickle Cell Daily Survey','Daily Survey To be completed for Sickle Cell disease patients'),(3733,'2017-07-06 05:01:00','2017-07-07 04:59:00',NULL,NULL,'pending','3001','{\"sequence\":[\"PI_DAILY\",\"MA\"],\"parentactivity\":\"CA3\"}','2017-04-12 15:00:00',NULL,NULL,'Sickle Cell Daily Survey','Daily Survey To be completed for Sickle Cell disease patients'),(3734,'2017-07-07 05:01:00','2017-07-08 04:59:00',NULL,NULL,'pending','3001','{\"sequence\":[\"PI_DAILY\",\"MA\"],\"parentactivity\":\"CA3\"}','2017-04-12 15:00:00',NULL,NULL,'Sickle Cell Daily Survey','Daily Survey To be completed for Sickle Cell disease patients'),(3735,'2017-07-08 05:01:00','2017-07-09 04:59:00',NULL,NULL,'pending','3001','{\"sequence\":[\"PI_DAILY\",\"MA\"],\"parentactivity\":\"CA3\"}','2017-04-12 15:00:00',NULL,NULL,'Sickle Cell Daily Survey','Daily Survey To be completed for Sickle Cell disease patients'),(3736,'2017-07-09 05:01:00','2017-07-10 04:59:00',NULL,NULL,'pending','3001','{\"sequence\":[\"PI_DAILY\",\"MA\"],\"parentactivity\":\"CA3\"}','2017-04-12 15:00:00',NULL,NULL,'Sickle Cell Daily Survey','Daily Survey To be completed for Sickle Cell disease patients'),(3737,'2017-07-10 05:01:00','2017-07-11 04:59:00',NULL,NULL,'pending','3001','{\"sequence\":[\"PI_DAILY\",\"MA\"],\"parentactivity\":\"CA3\"}','2017-04-12 15:00:00',NULL,NULL,'Sickle Cell Daily Survey','Daily Survey To be completed for Sickle Cell disease patients'),(3738,'2017-07-11 05:01:00','2017-07-12 04:59:00',NULL,NULL,'pending','3001','{\"sequence\":[\"PI_DAILY\",\"MA\"],\"parentactivity\":\"CA3\"}','2017-04-12 15:00:00',NULL,NULL,'Sickle Cell Daily Survey','Daily Survey To be completed for Sickle Cell disease patients'),(3739,'2017-07-12 05:01:00','2017-07-13 04:59:00',NULL,NULL,'pending','3001','{\"sequence\":[\"PI_DAILY\",\"MA\"],\"parentactivity\":\"CA3\"}','2017-04-12 15:00:00',NULL,NULL,'Sickle Cell Daily Survey','Daily Survey To be completed for Sickle Cell disease patients'),(3740,'2017-07-13 05:01:00','2017-07-14 04:59:00',NULL,NULL,'pending','3001','{\"sequence\":[\"PI_DAILY\",\"MA\"],\"parentactivity\":\"CA3\"}','2017-04-12 15:00:00',NULL,NULL,'Sickle Cell Daily Survey','Daily Survey To be completed for Sickle Cell disease patients'),(3741,'2017-07-14 05:01:00','2017-07-15 04:59:00',NULL,NULL,'pending','3001','{\"sequence\":[\"PI_DAILY\",\"MA\"],\"parentactivity\":\"CA3\"}','2017-04-12 15:00:00',NULL,NULL,'Sickle Cell Daily Survey','Daily Survey To be completed for Sickle Cell disease patients'),(3742,'2017-07-15 05:01:00','2017-07-16 04:59:00',NULL,NULL,'pending','3001','{\"sequence\":[\"PI_DAILY\",\"MA\"],\"parentactivity\":\"CA3\"}','2017-04-12 15:00:00',NULL,NULL,'Sickle Cell Daily Survey','Daily Survey To be completed for Sickle Cell disease patients'),(3743,'2017-07-16 05:01:00','2017-07-17 04:59:00',NULL,NULL,'pending','3001','{\"sequence\":[\"PI_DAILY\",\"MA\"],\"parentactivity\":\"CA3\"}','2017-04-12 15:00:00',NULL,NULL,'Sickle Cell Daily Survey','Daily Survey To be completed for Sickle Cell disease patients'),(3744,'2017-07-17 05:01:00','2017-07-18 04:59:00',NULL,NULL,'pending','3001','{\"sequence\":[\"PI_DAILY\",\"MA\"],\"parentactivity\":\"CA3\"}','2017-04-12 15:00:00',NULL,NULL,'Sickle Cell Daily Survey','Daily Survey To be completed for Sickle Cell disease patients'),(3745,'2017-07-18 05:01:00','2017-07-19 04:59:00',NULL,NULL,'pending','3001','{\"sequence\":[\"PI_DAILY\",\"MA\"],\"parentactivity\":\"CA3\"}','2017-04-12 15:00:00',NULL,NULL,'Sickle Cell Daily Survey','Daily Survey To be completed for Sickle Cell disease patients'),(3746,'2017-07-19 05:01:00','2017-07-20 04:59:00',NULL,NULL,'pending','3001','{\"sequence\":[\"PI_DAILY\",\"MA\"],\"parentactivity\":\"CA3\"}','2017-04-12 15:00:00',NULL,NULL,'Sickle Cell Daily Survey','Daily Survey To be completed for Sickle Cell disease patients'),(3747,'2017-07-20 05:01:00','2017-07-21 04:59:00',NULL,NULL,'pending','3001','{\"sequence\":[\"PI_DAILY\",\"MA\"],\"parentactivity\":\"CA3\"}','2017-04-12 15:00:00',NULL,NULL,'Sickle Cell Daily Survey','Daily Survey To be completed for Sickle Cell disease patients'),(3748,'2017-07-21 05:01:00','2017-07-22 04:59:00',NULL,NULL,'pending','3001','{\"sequence\":[\"PI_DAILY\",\"MA\"],\"parentactivity\":\"CA3\"}','2017-04-12 15:00:00',NULL,NULL,'Sickle Cell Daily Survey','Daily Survey To be completed for Sickle Cell disease patients'),(3749,'2017-07-22 05:01:00','2017-07-23 04:59:00',NULL,NULL,'pending','3001','{\"sequence\":[\"PI_DAILY\",\"MA\"],\"parentactivity\":\"CA3\"}','2017-04-12 15:00:00',NULL,NULL,'Sickle Cell Daily Survey','Daily Survey To be completed for Sickle Cell disease patients'),(3750,'2017-07-23 05:01:00','2017-07-24 04:59:00',NULL,NULL,'pending','3001','{\"sequence\":[\"PI_DAILY\",\"MA\"],\"parentactivity\":\"CA3\"}','2017-04-12 15:00:00',NULL,NULL,'Sickle Cell Daily Survey','Daily Survey To be completed for Sickle Cell disease patients'),(3751,'2017-07-24 05:01:00','2017-07-25 04:59:00',NULL,NULL,'pending','3001','{\"sequence\":[\"PI_DAILY\",\"MA\"],\"parentactivity\":\"CA3\"}','2017-04-12 15:00:00',NULL,NULL,'Sickle Cell Daily Survey','Daily Survey To be completed for Sickle Cell disease patients'),(3752,'2017-07-25 05:01:00','2017-07-26 04:59:00',NULL,NULL,'pending','3001','{\"sequence\":[\"PI_DAILY\",\"MA\"],\"parentactivity\":\"CA3\"}','2017-04-12 15:00:00',NULL,NULL,'Sickle Cell Daily Survey','Daily Survey To be completed for Sickle Cell disease patients'),(3753,'2017-07-26 05:01:00','2017-07-27 04:59:00',NULL,NULL,'pending','3001','{\"sequence\":[\"PI_DAILY\",\"MA\"],\"parentactivity\":\"CA3\"}','2017-04-12 15:00:00',NULL,NULL,'Sickle Cell Daily Survey','Daily Survey To be completed for Sickle Cell disease patients'),(3754,'2017-07-27 05:01:00','2017-07-28 04:59:00',NULL,NULL,'pending','3001','{\"sequence\":[\"PI_DAILY\",\"MA\"],\"parentactivity\":\"CA3\"}','2017-04-12 15:00:00',NULL,NULL,'Sickle Cell Daily Survey','Daily Survey To be completed for Sickle Cell disease patients'),(3755,'2017-07-28 05:01:00','2017-07-29 04:59:00',NULL,NULL,'pending','3001','{\"sequence\":[\"PI_DAILY\",\"MA\"],\"parentactivity\":\"CA3\"}','2017-04-12 15:00:00',NULL,NULL,'Sickle Cell Daily Survey','Daily Survey To be completed for Sickle Cell disease patients'),(3756,'2017-07-29 05:01:00','2017-07-30 04:59:00',NULL,NULL,'pending','3001','{\"sequence\":[\"PI_DAILY\",\"MA\"],\"parentactivity\":\"CA3\"}','2017-04-12 15:00:00',NULL,NULL,'Sickle Cell Daily Survey','Daily Survey To be completed for Sickle Cell disease patients'),(3757,'2017-07-30 05:01:00','2017-07-31 04:59:00',NULL,NULL,'pending','3001','{\"sequence\":[\"PI_DAILY\",\"MA\"],\"parentactivity\":\"CA3\"}','2017-04-12 15:00:00',NULL,NULL,'Sickle Cell Daily Survey','Daily Survey To be completed for Sickle Cell disease patients'),(3758,'2017-07-31 05:01:00','2017-08-01 04:59:00',NULL,NULL,'pending','3001','{\"sequence\":[\"PI_DAILY\",\"MA\"],\"parentactivity\":\"CA3\"}','2017-04-12 15:00:00',NULL,NULL,'Sickle Cell Daily Survey','Daily Survey To be completed for Sickle Cell disease patients'),(3759,'2017-08-01 05:01:00','2017-08-02 04:59:00',NULL,NULL,'pending','3001','{\"sequence\":[\"PI_DAILY\",\"MA\"],\"parentactivity\":\"CA3\"}','2017-04-12 15:00:00',NULL,NULL,'Sickle Cell Daily Survey','Daily Survey To be completed for Sickle Cell disease patients'),(3760,'2017-08-02 05:01:00','2017-08-03 04:59:00',NULL,NULL,'pending','3001','{\"sequence\":[\"PI_DAILY\",\"MA\"],\"parentactivity\":\"CA3\"}','2017-04-12 15:00:00',NULL,NULL,'Sickle Cell Daily Survey','Daily Survey To be completed for Sickle Cell disease patients'),(3761,'2017-08-03 05:01:00','2017-08-04 04:59:00',NULL,NULL,'pending','3001','{\"sequence\":[\"PI_DAILY\",\"MA\"],\"parentactivity\":\"CA3\"}','2017-04-12 15:00:00',NULL,NULL,'Sickle Cell Daily Survey','Daily Survey To be completed for Sickle Cell disease patients'),(3762,'2017-08-04 05:01:00','2017-08-05 04:59:00',NULL,NULL,'pending','3001','{\"sequence\":[\"PI_DAILY\",\"MA\"],\"parentactivity\":\"CA3\"}','2017-04-12 15:00:00',NULL,NULL,'Sickle Cell Daily Survey','Daily Survey To be completed for Sickle Cell disease patients'),(3763,'2017-08-05 05:01:00','2017-08-06 04:59:00',NULL,NULL,'pending','3001','{\"sequence\":[\"PI_DAILY\",\"MA\"],\"parentactivity\":\"CA3\"}','2017-04-12 15:00:00',NULL,NULL,'Sickle Cell Daily Survey','Daily Survey To be completed for Sickle Cell disease patients'),(3764,'2017-08-06 05:01:00','2017-08-07 04:59:00',NULL,NULL,'pending','3001','{\"sequence\":[\"PI_DAILY\",\"MA\"],\"parentactivity\":\"CA3\"}','2017-04-12 15:00:00',NULL,NULL,'Sickle Cell Daily Survey','Daily Survey To be completed for Sickle Cell disease patients'),(3765,'2017-08-07 05:01:00','2017-08-08 04:59:00',NULL,NULL,'pending','3001','{\"sequence\":[\"PI_DAILY\",\"MA\"],\"parentactivity\":\"CA3\"}','2017-04-12 15:00:00',NULL,NULL,'Sickle Cell Daily Survey','Daily Survey To be completed for Sickle Cell disease patients'),(3766,'2017-08-08 05:01:00','2017-08-09 04:59:00',NULL,NULL,'pending','3001','{\"sequence\":[\"PI_DAILY\",\"MA\"],\"parentactivity\":\"CA3\"}','2017-04-12 15:00:00',NULL,NULL,'Sickle Cell Daily Survey','Daily Survey To be completed for Sickle Cell disease patients'),(3767,'2017-08-09 05:01:00','2017-08-10 04:59:00',NULL,NULL,'pending','3001','{\"sequence\":[\"PI_DAILY\",\"MA\"],\"parentactivity\":\"CA3\"}','2017-04-12 15:00:00',NULL,NULL,'Sickle Cell Daily Survey','Daily Survey To be completed for Sickle Cell disease patients'),(3768,'2017-08-10 05:01:00','2017-08-11 04:59:00',NULL,NULL,'pending','3001','{\"sequence\":[\"PI_DAILY\",\"MA\"],\"parentactivity\":\"CA3\"}','2017-04-12 15:00:00',NULL,NULL,'Sickle Cell Daily Survey','Daily Survey To be completed for Sickle Cell disease patients'),(3769,'2017-08-11 05:01:00','2017-08-12 04:59:00',NULL,NULL,'pending','3001','{\"sequence\":[\"PI_DAILY\",\"MA\"],\"parentactivity\":\"CA3\"}','2017-04-12 15:00:00',NULL,NULL,'Sickle Cell Daily Survey','Daily Survey To be completed for Sickle Cell disease patients'),(3770,'2017-08-12 05:01:00','2017-08-13 04:59:00',NULL,NULL,'pending','3001','{\"sequence\":[\"PI_DAILY\",\"MA\"],\"parentactivity\":\"CA3\"}','2017-04-12 15:00:00',NULL,NULL,'Sickle Cell Daily Survey','Daily Survey To be completed for Sickle Cell disease patients'),(3771,'2017-08-13 05:01:00','2017-08-14 04:59:00',NULL,NULL,'pending','3001','{\"sequence\":[\"PI_DAILY\",\"MA\"],\"parentactivity\":\"CA3\"}','2017-04-12 15:00:00',NULL,NULL,'Sickle Cell Daily Survey','Daily Survey To be completed for Sickle Cell disease patients'),(3772,'2017-08-14 05:01:00','2017-08-15 04:59:00',NULL,NULL,'pending','3001','{\"sequence\":[\"PI_DAILY\",\"MA\"],\"parentactivity\":\"CA3\"}','2017-04-12 15:00:00',NULL,NULL,'Sickle Cell Daily Survey','Daily Survey To be completed for Sickle Cell disease patients'),(3773,'2017-08-15 05:01:00','2017-08-16 04:59:00',NULL,NULL,'pending','3001','{\"sequence\":[\"PI_DAILY\",\"MA\"],\"parentactivity\":\"CA3\"}','2017-04-12 15:00:00',NULL,NULL,'Sickle Cell Daily Survey','Daily Survey To be completed for Sickle Cell disease patients'),(3774,'2017-08-16 05:01:00','2017-08-17 04:59:00',NULL,NULL,'pending','3001','{\"sequence\":[\"PI_DAILY\",\"MA\"],\"parentactivity\":\"CA3\"}','2017-04-12 15:00:00',NULL,NULL,'Sickle Cell Daily Survey','Daily Survey To be completed for Sickle Cell disease patients'),(3775,'2017-08-17 05:01:00','2017-08-18 04:59:00',NULL,NULL,'pending','3001','{\"sequence\":[\"PI_DAILY\",\"MA\"],\"parentactivity\":\"CA3\"}','2017-04-12 15:00:00',NULL,NULL,'Sickle Cell Daily Survey','Daily Survey To be completed for Sickle Cell disease patients'),(3776,'2017-08-18 05:01:00','2017-08-19 04:59:00',NULL,NULL,'pending','3001','{\"sequence\":[\"PI_DAILY\",\"MA\"],\"parentactivity\":\"CA3\"}','2017-04-12 15:00:00',NULL,NULL,'Sickle Cell Daily Survey','Daily Survey To be completed for Sickle Cell disease patients'),(3777,'2017-08-19 05:01:00','2017-08-20 04:59:00',NULL,NULL,'pending','3001','{\"sequence\":[\"PI_DAILY\",\"MA\"],\"parentactivity\":\"CA3\"}','2017-04-12 15:00:00',NULL,NULL,'Sickle Cell Daily Survey','Daily Survey To be completed for Sickle Cell disease patients'),(3778,'2017-08-20 05:01:00','2017-08-21 04:59:00',NULL,NULL,'pending','3001','{\"sequence\":[\"PI_DAILY\",\"MA\"],\"parentactivity\":\"CA3\"}','2017-04-12 15:00:00',NULL,NULL,'Sickle Cell Daily Survey','Daily Survey To be completed for Sickle Cell disease patients'),(3779,'2017-08-21 05:01:00','2017-08-22 04:59:00',NULL,NULL,'pending','3001','{\"sequence\":[\"PI_DAILY\",\"MA\"],\"parentactivity\":\"CA3\"}','2017-04-12 15:00:00',NULL,NULL,'Sickle Cell Daily Survey','Daily Survey To be completed for Sickle Cell disease patients'),(3780,'2017-08-22 05:01:00','2017-08-23 04:59:00',NULL,NULL,'pending','3001','{\"sequence\":[\"PI_DAILY\",\"MA\"],\"parentactivity\":\"CA3\"}','2017-04-12 15:00:00',NULL,NULL,'Sickle Cell Daily Survey','Daily Survey To be completed for Sickle Cell disease patients'),(3781,'2017-08-23 05:01:00','2017-08-24 04:59:00',NULL,NULL,'pending','3001','{\"sequence\":[\"PI_DAILY\",\"MA\"],\"parentactivity\":\"CA3\"}','2017-04-12 15:00:00',NULL,NULL,'Sickle Cell Daily Survey','Daily Survey To be completed for Sickle Cell disease patients'),(3782,'2017-08-24 05:01:00','2017-08-25 04:59:00',NULL,NULL,'pending','3001','{\"sequence\":[\"PI_DAILY\",\"MA\"],\"parentactivity\":\"CA3\"}','2017-04-12 15:00:00',NULL,NULL,'Sickle Cell Daily Survey','Daily Survey To be completed for Sickle Cell disease patients'),(3783,'2017-08-25 05:01:00','2017-08-26 04:59:00',NULL,NULL,'pending','3001','{\"sequence\":[\"PI_DAILY\",\"MA\"],\"parentactivity\":\"CA3\"}','2017-04-12 15:00:00',NULL,NULL,'Sickle Cell Daily Survey','Daily Survey To be completed for Sickle Cell disease patients'),(3784,'2017-08-26 05:01:00','2017-08-27 04:59:00',NULL,NULL,'pending','3001','{\"sequence\":[\"PI_DAILY\",\"MA\"],\"parentactivity\":\"CA3\"}','2017-04-12 15:00:00',NULL,NULL,'Sickle Cell Daily Survey','Daily Survey To be completed for Sickle Cell disease patients'),(3785,'2017-08-27 05:01:00','2017-08-28 04:59:00',NULL,NULL,'pending','3001','{\"sequence\":[\"PI_DAILY\",\"MA\"],\"parentactivity\":\"CA3\"}','2017-04-12 15:00:00',NULL,NULL,'Sickle Cell Daily Survey','Daily Survey To be completed for Sickle Cell disease patients'),(3786,'2017-08-28 05:01:00','2017-08-29 04:59:00',NULL,NULL,'pending','3001','{\"sequence\":[\"PI_DAILY\",\"MA\"],\"parentactivity\":\"CA3\"}','2017-04-12 15:00:00',NULL,NULL,'Sickle Cell Daily Survey','Daily Survey To be completed for Sickle Cell disease patients'),(3787,'2017-08-29 05:01:00','2017-08-30 04:59:00',NULL,NULL,'pending','3001','{\"sequence\":[\"PI_DAILY\",\"MA\"],\"parentactivity\":\"CA3\"}','2017-04-12 15:00:00',NULL,NULL,'Sickle Cell Daily Survey','Daily Survey To be completed for Sickle Cell disease patients'),(3788,'2017-08-30 05:01:00','2017-08-31 04:59:00',NULL,NULL,'pending','3001','{\"sequence\":[\"PI_DAILY\",\"MA\"],\"parentactivity\":\"CA3\"}','2017-04-12 15:00:00',NULL,NULL,'Sickle Cell Daily Survey','Daily Survey To be completed for Sickle Cell disease patients'),(3789,'2017-08-31 05:01:00','2017-09-01 04:59:00',NULL,NULL,'pending','3001','{\"sequence\":[\"PI_DAILY\",\"MA\"],\"parentactivity\":\"CA3\"}','2017-04-12 15:00:00',NULL,NULL,'Sickle Cell Daily Survey','Daily Survey To be completed for Sickle Cell disease patients'),(3790,'2017-09-01 05:01:00','2017-09-02 04:59:00',NULL,NULL,'pending','3001','{\"sequence\":[\"PI_DAILY\",\"MA\"],\"parentactivity\":\"CA3\"}','2017-04-12 15:00:00',NULL,NULL,'Sickle Cell Daily Survey','Daily Survey To be completed for Sickle Cell disease patients'),(3791,'2017-09-02 05:01:00','2017-09-03 04:59:00',NULL,NULL,'pending','3001','{\"sequence\":[\"PI_DAILY\",\"MA\"],\"parentactivity\":\"CA3\"}','2017-04-12 15:00:00',NULL,NULL,'Sickle Cell Daily Survey','Daily Survey To be completed for Sickle Cell disease patients'),(3792,'2017-09-03 05:01:00','2017-09-04 04:59:00',NULL,NULL,'pending','3001','{\"sequence\":[\"PI_DAILY\",\"MA\"],\"parentactivity\":\"CA3\"}','2017-04-12 15:00:00',NULL,NULL,'Sickle Cell Daily Survey','Daily Survey To be completed for Sickle Cell disease patients'),(3793,'2017-09-04 05:01:00','2017-09-05 04:59:00',NULL,NULL,'pending','3001','{\"sequence\":[\"PI_DAILY\",\"MA\"],\"parentactivity\":\"CA3\"}','2017-04-12 15:00:00',NULL,NULL,'Sickle Cell Daily Survey','Daily Survey To be completed for Sickle Cell disease patients'),(3794,'2017-09-05 05:01:00','2017-09-06 04:59:00',NULL,NULL,'pending','3001','{\"sequence\":[\"PI_DAILY\",\"MA\"],\"parentactivity\":\"CA3\"}','2017-04-12 15:00:00',NULL,NULL,'Sickle Cell Daily Survey','Daily Survey To be completed for Sickle Cell disease patients'),(3795,'2017-09-06 05:01:00','2017-09-07 04:59:00',NULL,NULL,'pending','3001','{\"sequence\":[\"PI_DAILY\",\"MA\"],\"parentactivity\":\"CA3\"}','2017-04-12 15:00:00',NULL,NULL,'Sickle Cell Daily Survey','Daily Survey To be completed for Sickle Cell disease patients'),(3796,'2017-09-07 05:01:00','2017-09-08 04:59:00',NULL,NULL,'pending','3001','{\"sequence\":[\"PI_DAILY\",\"MA\"],\"parentactivity\":\"CA3\"}','2017-04-12 15:00:00',NULL,NULL,'Sickle Cell Daily Survey','Daily Survey To be completed for Sickle Cell disease patients'),(3797,'2017-09-08 05:01:00','2017-09-09 04:59:00',NULL,NULL,'pending','3001','{\"sequence\":[\"PI_DAILY\",\"MA\"],\"parentactivity\":\"CA3\"}','2017-04-12 15:00:00',NULL,NULL,'Sickle Cell Daily Survey','Daily Survey To be completed for Sickle Cell disease patients'),(3798,'2017-09-09 05:01:00','2017-09-10 04:59:00',NULL,NULL,'pending','3001','{\"sequence\":[\"PI_DAILY\",\"MA\"],\"parentactivity\":\"CA3\"}','2017-04-12 15:00:00',NULL,NULL,'Sickle Cell Daily Survey','Daily Survey To be completed for Sickle Cell disease patients'),(3799,'2017-09-10 05:01:00','2017-09-11 04:59:00',NULL,NULL,'pending','3001','{\"sequence\":[\"PI_DAILY\",\"MA\"],\"parentactivity\":\"CA3\"}','2017-04-12 15:00:00',NULL,NULL,'Sickle Cell Daily Survey','Daily Survey To be completed for Sickle Cell disease patients'),(3800,'2017-09-11 05:01:00','2017-09-12 04:59:00',NULL,NULL,'pending','3001','{\"sequence\":[\"PI_DAILY\",\"MA\"],\"parentactivity\":\"CA3\"}','2017-04-12 15:00:00',NULL,NULL,'Sickle Cell Daily Survey','Daily Survey To be completed for Sickle Cell disease patients'),(3801,'2017-09-12 05:01:00','2017-09-13 04:59:00',NULL,NULL,'pending','3001','{\"sequence\":[\"PI_DAILY\",\"MA\"],\"parentactivity\":\"CA3\"}','2017-04-12 15:00:00',NULL,NULL,'Sickle Cell Daily Survey','Daily Survey To be completed for Sickle Cell disease patients'),(3802,'2017-09-13 05:01:00','2017-09-14 04:59:00',NULL,NULL,'pending','3001','{\"sequence\":[\"PI_DAILY\",\"MA\"],\"parentactivity\":\"CA3\"}','2017-04-12 15:00:00',NULL,NULL,'Sickle Cell Daily Survey','Daily Survey To be completed for Sickle Cell disease patients'),(3803,'2017-09-14 05:01:00','2017-09-15 04:59:00',NULL,NULL,'pending','3001','{\"sequence\":[\"PI_DAILY\",\"MA\"],\"parentactivity\":\"CA3\"}','2017-04-12 15:00:00',NULL,NULL,'Sickle Cell Daily Survey','Daily Survey To be completed for Sickle Cell disease patients'),(3804,'2017-09-15 05:01:00','2017-09-16 04:59:00',NULL,NULL,'pending','3001','{\"sequence\":[\"PI_DAILY\",\"MA\"],\"parentactivity\":\"CA3\"}','2017-04-12 15:00:00',NULL,NULL,'Sickle Cell Daily Survey','Daily Survey To be completed for Sickle Cell disease patients'),(3805,'2017-09-16 05:01:00','2017-09-17 04:59:00',NULL,NULL,'pending','3001','{\"sequence\":[\"PI_DAILY\",\"MA\"],\"parentactivity\":\"CA3\"}','2017-04-12 15:00:00',NULL,NULL,'Sickle Cell Daily Survey','Daily Survey To be completed for Sickle Cell disease patients'),(3806,'2017-09-17 05:01:00','2017-09-18 04:59:00',NULL,NULL,'pending','3001','{\"sequence\":[\"PI_DAILY\",\"MA\"],\"parentactivity\":\"CA3\"}','2017-04-12 15:00:00',NULL,NULL,'Sickle Cell Daily Survey','Daily Survey To be completed for Sickle Cell disease patients'),(3807,'2017-09-18 05:01:00','2017-09-19 04:59:00',NULL,NULL,'pending','3001','{\"sequence\":[\"PI_DAILY\",\"MA\"],\"parentactivity\":\"CA3\"}','2017-04-12 15:00:00',NULL,NULL,'Sickle Cell Daily Survey','Daily Survey To be completed for Sickle Cell disease patients'),(3808,'2017-09-19 05:01:00','2017-09-20 04:59:00',NULL,NULL,'pending','3001','{\"sequence\":[\"PI_DAILY\",\"MA\"],\"parentactivity\":\"CA3\"}','2017-04-12 15:00:00',NULL,NULL,'Sickle Cell Daily Survey','Daily Survey To be completed for Sickle Cell disease patients'),(3809,'2017-09-20 05:01:00','2017-09-21 04:59:00',NULL,NULL,'pending','3001','{\"sequence\":[\"PI_DAILY\",\"MA\"],\"parentactivity\":\"CA3\"}','2017-04-12 15:00:00',NULL,NULL,'Sickle Cell Daily Survey','Daily Survey To be completed for Sickle Cell disease patients'),(3810,'2017-09-21 05:01:00','2017-09-22 04:59:00',NULL,NULL,'pending','3001','{\"sequence\":[\"PI_DAILY\",\"MA\"],\"parentactivity\":\"CA3\"}','2017-04-12 15:00:00',NULL,NULL,'Sickle Cell Daily Survey','Daily Survey To be completed for Sickle Cell disease patients'),(3811,'2017-09-22 05:01:00','2017-09-23 04:59:00',NULL,NULL,'pending','3001','{\"sequence\":[\"PI_DAILY\",\"MA\"],\"parentactivity\":\"CA3\"}','2017-04-12 15:00:00',NULL,NULL,'Sickle Cell Daily Survey','Daily Survey To be completed for Sickle Cell disease patients'),(3812,'2017-09-23 05:01:00','2017-09-24 04:59:00',NULL,NULL,'pending','3001','{\"sequence\":[\"PI_DAILY\",\"MA\"],\"parentactivity\":\"CA3\"}','2017-04-12 15:00:00',NULL,NULL,'Sickle Cell Daily Survey','Daily Survey To be completed for Sickle Cell disease patients'),(3813,'2017-09-24 05:01:00','2017-09-25 04:59:00',NULL,NULL,'pending','3001','{\"sequence\":[\"PI_DAILY\",\"MA\"],\"parentactivity\":\"CA3\"}','2017-04-12 15:00:00',NULL,NULL,'Sickle Cell Daily Survey','Daily Survey To be completed for Sickle Cell disease patients'),(3814,'2017-09-25 05:01:00','2017-09-26 04:59:00',NULL,NULL,'pending','3001','{\"sequence\":[\"PI_DAILY\",\"MA\"],\"parentactivity\":\"CA3\"}','2017-04-12 15:00:00',NULL,NULL,'Sickle Cell Daily Survey','Daily Survey To be completed for Sickle Cell disease patients'),(3815,'2017-09-26 05:01:00','2017-09-27 04:59:00',NULL,NULL,'pending','3001','{\"sequence\":[\"PI_DAILY\",\"MA\"],\"parentactivity\":\"CA3\"}','2017-04-12 15:00:00',NULL,NULL,'Sickle Cell Daily Survey','Daily Survey To be completed for Sickle Cell disease patients'),(3816,'2017-09-27 05:01:00','2017-09-28 04:59:00',NULL,NULL,'pending','3001','{\"sequence\":[\"PI_DAILY\",\"MA\"],\"parentactivity\":\"CA3\"}','2017-04-12 15:00:00',NULL,NULL,'Sickle Cell Daily Survey','Daily Survey To be completed for Sickle Cell disease patients'),(3817,'2017-09-28 05:01:00','2017-09-29 04:59:00',NULL,NULL,'pending','3001','{\"sequence\":[\"PI_DAILY\",\"MA\"],\"parentactivity\":\"CA3\"}','2017-04-12 15:00:00',NULL,NULL,'Sickle Cell Daily Survey','Daily Survey To be completed for Sickle Cell disease patients'),(3818,'2017-09-29 05:01:00','2017-09-30 04:59:00',NULL,NULL,'pending','3001','{\"sequence\":[\"PI_DAILY\",\"MA\"],\"parentactivity\":\"CA3\"}','2017-04-12 15:00:00',NULL,NULL,'Sickle Cell Daily Survey','Daily Survey To be completed for Sickle Cell disease patients'),(3819,'2017-09-30 05:01:00','2017-10-01 04:59:00',NULL,NULL,'pending','3001','{\"sequence\":[\"PI_DAILY\",\"MA\"],\"parentactivity\":\"CA3\"}','2017-04-12 15:00:00',NULL,NULL,'Sickle Cell Daily Survey','Daily Survey To be completed for Sickle Cell disease patients'),(3820,'2017-10-01 05:01:00','2017-10-02 04:59:00',NULL,NULL,'pending','3001','{\"sequence\":[\"PI_DAILY\",\"MA\"],\"parentactivity\":\"CA3\"}','2017-04-12 15:00:00',NULL,NULL,'Sickle Cell Daily Survey','Daily Survey To be completed for Sickle Cell disease patients'),(3821,'2017-10-02 05:01:00','2017-10-03 04:59:00',NULL,NULL,'pending','3001','{\"sequence\":[\"PI_DAILY\",\"MA\"],\"parentactivity\":\"CA3\"}','2017-04-12 15:00:00',NULL,NULL,'Sickle Cell Daily Survey','Daily Survey To be completed for Sickle Cell disease patients'),(3822,'2017-10-03 05:01:00','2017-10-04 04:59:00',NULL,NULL,'pending','3001','{\"sequence\":[\"PI_DAILY\",\"MA\"],\"parentactivity\":\"CA3\"}','2017-04-12 15:00:00',NULL,NULL,'Sickle Cell Daily Survey','Daily Survey To be completed for Sickle Cell disease patients'),(3823,'2017-10-04 05:01:00','2017-10-05 04:59:00',NULL,NULL,'pending','3001','{\"sequence\":[\"PI_DAILY\",\"MA\"],\"parentactivity\":\"CA3\"}','2017-04-12 15:00:00',NULL,NULL,'Sickle Cell Daily Survey','Daily Survey To be completed for Sickle Cell disease patients'),(3824,'2017-10-05 05:01:00','2017-10-06 04:59:00',NULL,NULL,'pending','3001','{\"sequence\":[\"PI_DAILY\",\"MA\"],\"parentactivity\":\"CA3\"}','2017-04-12 15:00:00',NULL,NULL,'Sickle Cell Daily Survey','Daily Survey To be completed for Sickle Cell disease patients'),(3825,'2017-10-06 05:01:00','2017-10-07 04:59:00',NULL,NULL,'pending','3001','{\"sequence\":[\"PI_DAILY\",\"MA\"],\"parentactivity\":\"CA3\"}','2017-04-12 15:00:00',NULL,NULL,'Sickle Cell Daily Survey','Daily Survey To be completed for Sickle Cell disease patients'),(3826,'2017-10-07 05:01:00','2017-10-08 04:59:00',NULL,NULL,'pending','3001','{\"sequence\":[\"PI_DAILY\",\"MA\"],\"parentactivity\":\"CA3\"}','2017-04-12 15:00:00',NULL,NULL,'Sickle Cell Daily Survey','Daily Survey To be completed for Sickle Cell disease patients'),(3827,'2017-10-08 05:01:00','2017-10-09 04:59:00',NULL,NULL,'pending','3001','{\"sequence\":[\"PI_DAILY\",\"MA\"],\"parentactivity\":\"CA3\"}','2017-04-12 15:00:00',NULL,NULL,'Sickle Cell Daily Survey','Daily Survey To be completed for Sickle Cell disease patients'),(3828,'2017-10-09 05:01:00','2017-10-10 04:59:00',NULL,NULL,'pending','3001','{\"sequence\":[\"PI_DAILY\",\"MA\"],\"parentactivity\":\"CA3\"}','2017-04-12 15:00:00',NULL,NULL,'Sickle Cell Daily Survey','Daily Survey To be completed for Sickle Cell disease patients'),(3829,'2017-10-10 05:01:00','2017-10-11 04:59:00',NULL,NULL,'pending','3001','{\"sequence\":[\"PI_DAILY\",\"MA\"],\"parentactivity\":\"CA3\"}','2017-04-12 15:00:00',NULL,NULL,'Sickle Cell Daily Survey','Daily Survey To be completed for Sickle Cell disease patients'),(3830,'2017-10-11 05:01:00','2017-10-12 04:59:00',NULL,NULL,'pending','3001','{\"sequence\":[\"PI_DAILY\",\"MA\"],\"parentactivity\":\"CA3\"}','2017-04-12 15:00:00',NULL,NULL,'Sickle Cell Daily Survey','Daily Survey To be completed for Sickle Cell disease patients'),(3831,'2017-10-12 05:01:00','2017-10-13 04:59:00',NULL,NULL,'pending','3001','{\"sequence\":[\"PI_DAILY\",\"MA\"],\"parentactivity\":\"CA3\"}','2017-04-12 15:00:00',NULL,NULL,'Sickle Cell Daily Survey','Daily Survey To be completed for Sickle Cell disease patients'),(3832,'2017-10-13 05:01:00','2017-10-14 04:59:00',NULL,NULL,'pending','3001','{\"sequence\":[\"PI_DAILY\",\"MA\"],\"parentactivity\":\"CA3\"}','2017-04-12 15:00:00',NULL,NULL,'Sickle Cell Daily Survey','Daily Survey To be completed for Sickle Cell disease patients'),(3833,'2017-10-14 05:01:00','2017-10-15 04:59:00',NULL,NULL,'pending','3001','{\"sequence\":[\"PI_DAILY\",\"MA\"],\"parentactivity\":\"CA3\"}','2017-04-12 15:00:00',NULL,NULL,'Sickle Cell Daily Survey','Daily Survey To be completed for Sickle Cell disease patients'),(3834,'2017-10-15 05:01:00','2017-10-16 04:59:00',NULL,NULL,'pending','3001','{\"sequence\":[\"PI_DAILY\",\"MA\"],\"parentactivity\":\"CA3\"}','2017-04-12 15:00:00',NULL,NULL,'Sickle Cell Daily Survey','Daily Survey To be completed for Sickle Cell disease patients'),(3835,'2017-10-16 05:01:00','2017-10-17 04:59:00',NULL,NULL,'pending','3001','{\"sequence\":[\"PI_DAILY\",\"MA\"],\"parentactivity\":\"CA3\"}','2017-04-12 15:00:00',NULL,NULL,'Sickle Cell Daily Survey','Daily Survey To be completed for Sickle Cell disease patients'),(3836,'2017-10-17 05:01:00','2017-10-18 04:59:00',NULL,NULL,'pending','3001','{\"sequence\":[\"PI_DAILY\",\"MA\"],\"parentactivity\":\"CA3\"}','2017-04-12 15:00:00',NULL,NULL,'Sickle Cell Daily Survey','Daily Survey To be completed for Sickle Cell disease patients'),(3837,'2017-10-18 05:01:00','2017-10-19 04:59:00',NULL,NULL,'pending','3001','{\"sequence\":[\"PI_DAILY\",\"MA\"],\"parentactivity\":\"CA3\"}','2017-04-12 15:00:00',NULL,NULL,'Sickle Cell Daily Survey','Daily Survey To be completed for Sickle Cell disease patients'),(3838,'2017-10-19 05:01:00','2017-10-20 04:59:00',NULL,NULL,'pending','3001','{\"sequence\":[\"PI_DAILY\",\"MA\"],\"parentactivity\":\"CA3\"}','2017-04-12 15:00:00',NULL,NULL,'Sickle Cell Daily Survey','Daily Survey To be completed for Sickle Cell disease patients'),(3839,'2017-10-20 05:01:00','2017-10-21 04:59:00',NULL,NULL,'pending','3001','{\"sequence\":[\"PI_DAILY\",\"MA\"],\"parentactivity\":\"CA3\"}','2017-04-12 15:00:00',NULL,NULL,'Sickle Cell Daily Survey','Daily Survey To be completed for Sickle Cell disease patients'),(3840,'2017-10-21 05:01:00','2017-10-22 04:59:00',NULL,NULL,'pending','3001','{\"sequence\":[\"PI_DAILY\",\"MA\"],\"parentactivity\":\"CA3\"}','2017-04-12 15:00:00',NULL,NULL,'Sickle Cell Daily Survey','Daily Survey To be completed for Sickle Cell disease patients'),(3841,'2017-10-22 05:01:00','2017-10-23 04:59:00',NULL,NULL,'pending','3001','{\"sequence\":[\"PI_DAILY\",\"MA\"],\"parentactivity\":\"CA3\"}','2017-04-12 15:00:00',NULL,NULL,'Sickle Cell Daily Survey','Daily Survey To be completed for Sickle Cell disease patients'),(3842,'2017-10-23 05:01:00','2017-10-24 04:59:00',NULL,NULL,'pending','3001','{\"sequence\":[\"PI_DAILY\",\"MA\"],\"parentactivity\":\"CA3\"}','2017-04-12 15:00:00',NULL,NULL,'Sickle Cell Daily Survey','Daily Survey To be completed for Sickle Cell disease patients'),(3843,'2017-10-24 05:01:00','2017-10-25 04:59:00',NULL,NULL,'pending','3001','{\"sequence\":[\"PI_DAILY\",\"MA\"],\"parentactivity\":\"CA3\"}','2017-04-12 15:00:00',NULL,NULL,'Sickle Cell Daily Survey','Daily Survey To be completed for Sickle Cell disease patients'),(3844,'2017-10-25 05:01:00','2017-10-26 04:59:00',NULL,NULL,'pending','3001','{\"sequence\":[\"PI_DAILY\",\"MA\"],\"parentactivity\":\"CA3\"}','2017-04-12 15:00:00',NULL,NULL,'Sickle Cell Daily Survey','Daily Survey To be completed for Sickle Cell disease patients'),(3845,'2017-10-26 05:01:00','2017-10-27 04:59:00',NULL,NULL,'pending','3001','{\"sequence\":[\"PI_DAILY\",\"MA\"],\"parentactivity\":\"CA3\"}','2017-04-12 15:00:00',NULL,NULL,'Sickle Cell Daily Survey','Daily Survey To be completed for Sickle Cell disease patients'),(3846,'2017-10-27 05:01:00','2017-10-28 04:59:00',NULL,NULL,'pending','3001','{\"sequence\":[\"PI_DAILY\",\"MA\"],\"parentactivity\":\"CA3\"}','2017-04-12 15:00:00',NULL,NULL,'Sickle Cell Daily Survey','Daily Survey To be completed for Sickle Cell disease patients'),(3847,'2017-10-28 05:01:00','2017-10-29 04:59:00',NULL,NULL,'pending','3001','{\"sequence\":[\"PI_DAILY\",\"MA\"],\"parentactivity\":\"CA3\"}','2017-04-12 15:00:00',NULL,NULL,'Sickle Cell Daily Survey','Daily Survey To be completed for Sickle Cell disease patients'),(3848,'2017-10-29 05:01:00','2017-10-30 04:59:00',NULL,NULL,'pending','3001','{\"sequence\":[\"PI_DAILY\",\"MA\"],\"parentactivity\":\"CA3\"}','2017-04-12 15:00:00',NULL,NULL,'Sickle Cell Daily Survey','Daily Survey To be completed for Sickle Cell disease patients'),(3849,'2017-10-30 05:01:00','2017-10-31 04:59:00',NULL,NULL,'pending','3001','{\"sequence\":[\"PI_DAILY\",\"MA\"],\"parentactivity\":\"CA3\"}','2017-04-12 15:00:00',NULL,NULL,'Sickle Cell Daily Survey','Daily Survey To be completed for Sickle Cell disease patients'),(3850,'2017-10-31 05:01:00','2017-11-01 04:59:00',NULL,NULL,'pending','3001','{\"sequence\":[\"PI_DAILY\",\"MA\"],\"parentactivity\":\"CA3\"}','2017-04-12 15:00:00',NULL,NULL,'Sickle Cell Daily Survey','Daily Survey To be completed for Sickle Cell disease patients'),(3851,'2017-11-01 05:01:00','2017-11-02 04:59:00',NULL,NULL,'pending','3001','{\"sequence\":[\"PI_DAILY\",\"MA\"],\"parentactivity\":\"CA3\"}','2017-04-12 15:00:00',NULL,NULL,'Sickle Cell Daily Survey','Daily Survey To be completed for Sickle Cell disease patients'),(3852,'2017-11-02 05:01:00','2017-11-03 04:59:00',NULL,NULL,'pending','3001','{\"sequence\":[\"PI_DAILY\",\"MA\"],\"parentactivity\":\"CA3\"}','2017-04-12 15:00:00',NULL,NULL,'Sickle Cell Daily Survey','Daily Survey To be completed for Sickle Cell disease patients'),(3853,'2017-11-03 05:01:00','2017-11-04 04:59:00',NULL,NULL,'pending','3001','{\"sequence\":[\"PI_DAILY\",\"MA\"],\"parentactivity\":\"CA3\"}','2017-04-12 15:00:00',NULL,NULL,'Sickle Cell Daily Survey','Daily Survey To be completed for Sickle Cell disease patients'),(3854,'2017-11-04 05:01:00','2017-11-05 04:59:00',NULL,NULL,'pending','3001','{\"sequence\":[\"PI_DAILY\",\"MA\"],\"parentactivity\":\"CA3\"}','2017-04-12 15:00:00',NULL,NULL,'Sickle Cell Daily Survey','Daily Survey To be completed for Sickle Cell disease patients'),(3855,'2017-11-05 05:01:00','2017-11-06 04:59:00',NULL,NULL,'pending','3001','{\"sequence\":[\"PI_DAILY\",\"MA\"],\"parentactivity\":\"CA3\"}','2017-04-12 15:00:00',NULL,NULL,'Sickle Cell Daily Survey','Daily Survey To be completed for Sickle Cell disease patients'),(3856,'2017-11-06 05:01:00','2017-11-07 04:59:00',NULL,NULL,'pending','3001','{\"sequence\":[\"PI_DAILY\",\"MA\"],\"parentactivity\":\"CA3\"}','2017-04-12 15:00:00',NULL,NULL,'Sickle Cell Daily Survey','Daily Survey To be completed for Sickle Cell disease patients'),(3857,'2017-11-07 05:01:00','2017-11-08 04:59:00',NULL,NULL,'pending','3001','{\"sequence\":[\"PI_DAILY\",\"MA\"],\"parentactivity\":\"CA3\"}','2017-04-12 15:00:00',NULL,NULL,'Sickle Cell Daily Survey','Daily Survey To be completed for Sickle Cell disease patients'),(3858,'2017-11-08 05:01:00','2017-11-09 04:59:00',NULL,NULL,'pending','3001','{\"sequence\":[\"PI_DAILY\",\"MA\"],\"parentactivity\":\"CA3\"}','2017-04-12 15:00:00',NULL,NULL,'Sickle Cell Daily Survey','Daily Survey To be completed for Sickle Cell disease patients'),(3859,'2017-11-09 05:01:00','2017-11-10 04:59:00',NULL,NULL,'pending','3001','{\"sequence\":[\"PI_DAILY\",\"MA\"],\"parentactivity\":\"CA3\"}','2017-04-12 15:00:00',NULL,NULL,'Sickle Cell Daily Survey','Daily Survey To be completed for Sickle Cell disease patients'),(3860,'2017-11-10 05:01:00','2017-11-11 04:59:00',NULL,NULL,'pending','3001','{\"sequence\":[\"PI_DAILY\",\"MA\"],\"parentactivity\":\"CA3\"}','2017-04-12 15:00:00',NULL,NULL,'Sickle Cell Daily Survey','Daily Survey To be completed for Sickle Cell disease patients'),(3861,'2017-11-11 05:01:00','2017-11-12 04:59:00',NULL,NULL,'pending','3001','{\"sequence\":[\"PI_DAILY\",\"MA\"],\"parentactivity\":\"CA3\"}','2017-04-12 15:00:00',NULL,NULL,'Sickle Cell Daily Survey','Daily Survey To be completed for Sickle Cell disease patients'),(3862,'2017-11-12 05:01:00','2017-11-13 04:59:00',NULL,NULL,'pending','3001','{\"sequence\":[\"PI_DAILY\",\"MA\"],\"parentactivity\":\"CA3\"}','2017-04-12 15:00:00',NULL,NULL,'Sickle Cell Daily Survey','Daily Survey To be completed for Sickle Cell disease patients'),(3863,'2017-11-13 05:01:00','2017-11-14 04:59:00',NULL,NULL,'pending','3001','{\"sequence\":[\"PI_DAILY\",\"MA\"],\"parentactivity\":\"CA3\"}','2017-04-12 15:00:00',NULL,NULL,'Sickle Cell Daily Survey','Daily Survey To be completed for Sickle Cell disease patients'),(3864,'2017-11-14 05:01:00','2017-11-15 04:59:00',NULL,NULL,'pending','3001','{\"sequence\":[\"PI_DAILY\",\"MA\"],\"parentactivity\":\"CA3\"}','2017-04-12 15:00:00',NULL,NULL,'Sickle Cell Daily Survey','Daily Survey To be completed for Sickle Cell disease patients'),(3865,'2017-11-15 05:01:00','2017-11-16 04:59:00',NULL,NULL,'pending','3001','{\"sequence\":[\"PI_DAILY\",\"MA\"],\"parentactivity\":\"CA3\"}','2017-04-12 15:00:00',NULL,NULL,'Sickle Cell Daily Survey','Daily Survey To be completed for Sickle Cell disease patients'),(3866,'2017-11-16 05:01:00','2017-11-17 04:59:00',NULL,NULL,'pending','3001','{\"sequence\":[\"PI_DAILY\",\"MA\"],\"parentactivity\":\"CA3\"}','2017-04-12 15:00:00',NULL,NULL,'Sickle Cell Daily Survey','Daily Survey To be completed for Sickle Cell disease patients'),(3867,'2017-11-17 05:01:00','2017-11-18 04:59:00',NULL,NULL,'pending','3001','{\"sequence\":[\"PI_DAILY\",\"MA\"],\"parentactivity\":\"CA3\"}','2017-04-12 15:00:00',NULL,NULL,'Sickle Cell Daily Survey','Daily Survey To be completed for Sickle Cell disease patients'),(3868,'2017-11-18 05:01:00','2017-11-19 04:59:00',NULL,NULL,'pending','3001','{\"sequence\":[\"PI_DAILY\",\"MA\"],\"parentactivity\":\"CA3\"}','2017-04-12 15:00:00',NULL,NULL,'Sickle Cell Daily Survey','Daily Survey To be completed for Sickle Cell disease patients'),(3869,'2017-11-19 05:01:00','2017-11-20 04:59:00',NULL,NULL,'pending','3001','{\"sequence\":[\"PI_DAILY\",\"MA\"],\"parentactivity\":\"CA3\"}','2017-04-12 15:00:00',NULL,NULL,'Sickle Cell Daily Survey','Daily Survey To be completed for Sickle Cell disease patients'),(3870,'2017-11-20 05:01:00','2017-11-21 04:59:00',NULL,NULL,'pending','3001','{\"sequence\":[\"PI_DAILY\",\"MA\"],\"parentactivity\":\"CA3\"}','2017-04-12 15:00:00',NULL,NULL,'Sickle Cell Daily Survey','Daily Survey To be completed for Sickle Cell disease patients'),(3871,'2017-11-21 05:01:00','2017-11-22 04:59:00',NULL,NULL,'pending','3001','{\"sequence\":[\"PI_DAILY\",\"MA\"],\"parentactivity\":\"CA3\"}','2017-04-12 15:00:00',NULL,NULL,'Sickle Cell Daily Survey','Daily Survey To be completed for Sickle Cell disease patients'),(3872,'2017-11-22 05:01:00','2017-11-23 04:59:00',NULL,NULL,'pending','3001','{\"sequence\":[\"PI_DAILY\",\"MA\"],\"parentactivity\":\"CA3\"}','2017-04-12 15:00:00',NULL,NULL,'Sickle Cell Daily Survey','Daily Survey To be completed for Sickle Cell disease patients'),(3873,'2017-11-23 05:01:00','2017-11-24 04:59:00',NULL,NULL,'pending','3001','{\"sequence\":[\"PI_DAILY\",\"MA\"],\"parentactivity\":\"CA3\"}','2017-04-12 15:00:00',NULL,NULL,'Sickle Cell Daily Survey','Daily Survey To be completed for Sickle Cell disease patients'),(3874,'2017-11-24 05:01:00','2017-11-25 04:59:00',NULL,NULL,'pending','3001','{\"sequence\":[\"PI_DAILY\",\"MA\"],\"parentactivity\":\"CA3\"}','2017-04-12 15:00:00',NULL,NULL,'Sickle Cell Daily Survey','Daily Survey To be completed for Sickle Cell disease patients'),(3875,'2017-11-25 05:01:00','2017-11-26 04:59:00',NULL,NULL,'pending','3001','{\"sequence\":[\"PI_DAILY\",\"MA\"],\"parentactivity\":\"CA3\"}','2017-04-12 15:00:00',NULL,NULL,'Sickle Cell Daily Survey','Daily Survey To be completed for Sickle Cell disease patients'),(3876,'2017-11-26 05:01:00','2017-11-27 04:59:00',NULL,NULL,'pending','3001','{\"sequence\":[\"PI_DAILY\",\"MA\"],\"parentactivity\":\"CA3\"}','2017-04-12 15:00:00',NULL,NULL,'Sickle Cell Daily Survey','Daily Survey To be completed for Sickle Cell disease patients'),(3877,'2017-11-27 05:01:00','2017-11-28 04:59:00',NULL,NULL,'pending','3001','{\"sequence\":[\"PI_DAILY\",\"MA\"],\"parentactivity\":\"CA3\"}','2017-04-12 15:00:00',NULL,NULL,'Sickle Cell Daily Survey','Daily Survey To be completed for Sickle Cell disease patients'),(3878,'2017-11-28 05:01:00','2017-11-29 04:59:00',NULL,NULL,'pending','3001','{\"sequence\":[\"PI_DAILY\",\"MA\"],\"parentactivity\":\"CA3\"}','2017-04-12 15:00:00',NULL,NULL,'Sickle Cell Daily Survey','Daily Survey To be completed for Sickle Cell disease patients'),(3879,'2017-11-29 05:01:00','2017-11-30 04:59:00',NULL,NULL,'pending','3001','{\"sequence\":[\"PI_DAILY\",\"MA\"],\"parentactivity\":\"CA3\"}','2017-04-12 15:00:00',NULL,NULL,'Sickle Cell Daily Survey','Daily Survey To be completed for Sickle Cell disease patients'),(3880,'2017-11-30 05:01:00','2017-12-01 04:59:00',NULL,NULL,'pending','3001','{\"sequence\":[\"PI_DAILY\",\"MA\"],\"parentactivity\":\"CA3\"}','2017-04-12 15:00:00',NULL,NULL,'Sickle Cell Daily Survey','Daily Survey To be completed for Sickle Cell disease patients'),(3881,'2017-12-01 05:01:00','2017-12-02 04:59:00',NULL,NULL,'pending','3001','{\"sequence\":[\"PI_DAILY\",\"MA\"],\"parentactivity\":\"CA3\"}','2017-04-12 15:00:00',NULL,NULL,'Sickle Cell Daily Survey','Daily Survey To be completed for Sickle Cell disease patients'),(3882,'2017-12-02 05:01:00','2017-12-03 04:59:00',NULL,NULL,'pending','3001','{\"sequence\":[\"PI_DAILY\",\"MA\"],\"parentactivity\":\"CA3\"}','2017-04-12 15:00:00',NULL,NULL,'Sickle Cell Daily Survey','Daily Survey To be completed for Sickle Cell disease patients'),(3883,'2017-12-03 05:01:00','2017-12-04 04:59:00',NULL,NULL,'pending','3001','{\"sequence\":[\"PI_DAILY\",\"MA\"],\"parentactivity\":\"CA3\"}','2017-04-12 15:00:00',NULL,NULL,'Sickle Cell Daily Survey','Daily Survey To be completed for Sickle Cell disease patients'),(3884,'2017-12-04 05:01:00','2017-12-05 04:59:00',NULL,NULL,'pending','3001','{\"sequence\":[\"PI_DAILY\",\"MA\"],\"parentactivity\":\"CA3\"}','2017-04-12 15:00:00',NULL,NULL,'Sickle Cell Daily Survey','Daily Survey To be completed for Sickle Cell disease patients'),(3885,'2017-12-05 05:01:00','2017-12-06 04:59:00',NULL,NULL,'pending','3001','{\"sequence\":[\"PI_DAILY\",\"MA\"],\"parentactivity\":\"CA3\"}','2017-04-12 15:00:00',NULL,NULL,'Sickle Cell Daily Survey','Daily Survey To be completed for Sickle Cell disease patients'),(3886,'2017-12-06 05:01:00','2017-12-07 04:59:00',NULL,NULL,'pending','3001','{\"sequence\":[\"PI_DAILY\",\"MA\"],\"parentactivity\":\"CA3\"}','2017-04-12 15:00:00',NULL,NULL,'Sickle Cell Daily Survey','Daily Survey To be completed for Sickle Cell disease patients'),(3887,'2017-12-07 05:01:00','2017-12-08 04:59:00',NULL,NULL,'pending','3001','{\"sequence\":[\"PI_DAILY\",\"MA\"],\"parentactivity\":\"CA3\"}','2017-04-12 15:00:00',NULL,NULL,'Sickle Cell Daily Survey','Daily Survey To be completed for Sickle Cell disease patients'),(3888,'2017-12-08 05:01:00','2017-12-09 04:59:00',NULL,NULL,'pending','3001','{\"sequence\":[\"PI_DAILY\",\"MA\"],\"parentactivity\":\"CA3\"}','2017-04-12 15:00:00',NULL,NULL,'Sickle Cell Daily Survey','Daily Survey To be completed for Sickle Cell disease patients'),(3889,'2017-12-09 05:01:00','2017-12-10 04:59:00',NULL,NULL,'pending','3001','{\"sequence\":[\"PI_DAILY\",\"MA\"],\"parentactivity\":\"CA3\"}','2017-04-12 15:00:00',NULL,NULL,'Sickle Cell Daily Survey','Daily Survey To be completed for Sickle Cell disease patients'),(3890,'2017-12-10 05:01:00','2017-12-11 04:59:00',NULL,NULL,'pending','3001','{\"sequence\":[\"PI_DAILY\",\"MA\"],\"parentactivity\":\"CA3\"}','2017-04-12 15:00:00',NULL,NULL,'Sickle Cell Daily Survey','Daily Survey To be completed for Sickle Cell disease patients'),(3891,'2017-12-11 05:01:00','2017-12-12 04:59:00',NULL,NULL,'pending','3001','{\"sequence\":[\"PI_DAILY\",\"MA\"],\"parentactivity\":\"CA3\"}','2017-04-12 15:00:00',NULL,NULL,'Sickle Cell Daily Survey','Daily Survey To be completed for Sickle Cell disease patients'),(3892,'2017-12-12 05:01:00','2017-12-13 04:59:00',NULL,NULL,'pending','3001','{\"sequence\":[\"PI_DAILY\",\"MA\"],\"parentactivity\":\"CA3\"}','2017-04-12 15:00:00',NULL,NULL,'Sickle Cell Daily Survey','Daily Survey To be completed for Sickle Cell disease patients'),(3893,'2017-12-13 05:01:00','2017-12-14 04:59:00',NULL,NULL,'pending','3001','{\"sequence\":[\"PI_DAILY\",\"MA\"],\"parentactivity\":\"CA3\"}','2017-04-12 15:00:00',NULL,NULL,'Sickle Cell Daily Survey','Daily Survey To be completed for Sickle Cell disease patients'),(3894,'2017-12-14 05:01:00','2017-12-15 04:59:00',NULL,NULL,'pending','3001','{\"sequence\":[\"PI_DAILY\",\"MA\"],\"parentactivity\":\"CA3\"}','2017-04-12 15:00:00',NULL,NULL,'Sickle Cell Daily Survey','Daily Survey To be completed for Sickle Cell disease patients'),(3895,'2017-12-15 05:01:00','2017-12-16 04:59:00',NULL,NULL,'pending','3001','{\"sequence\":[\"PI_DAILY\",\"MA\"],\"parentactivity\":\"CA3\"}','2017-04-12 15:00:00',NULL,NULL,'Sickle Cell Daily Survey','Daily Survey To be completed for Sickle Cell disease patients'),(3896,'2017-12-16 05:01:00','2017-12-17 04:59:00',NULL,NULL,'pending','3001','{\"sequence\":[\"PI_DAILY\",\"MA\"],\"parentactivity\":\"CA3\"}','2017-04-12 15:00:00',NULL,NULL,'Sickle Cell Daily Survey','Daily Survey To be completed for Sickle Cell disease patients'),(3897,'2017-12-17 05:01:00','2017-12-18 04:59:00',NULL,NULL,'pending','3001','{\"sequence\":[\"PI_DAILY\",\"MA\"],\"parentactivity\":\"CA3\"}','2017-04-12 15:00:00',NULL,NULL,'Sickle Cell Daily Survey','Daily Survey To be completed for Sickle Cell disease patients'),(3898,'2017-12-18 05:01:00','2017-12-19 04:59:00',NULL,NULL,'pending','3001','{\"sequence\":[\"PI_DAILY\",\"MA\"],\"parentactivity\":\"CA3\"}','2017-04-12 15:00:00',NULL,NULL,'Sickle Cell Daily Survey','Daily Survey To be completed for Sickle Cell disease patients'),(3899,'2017-12-19 05:01:00','2017-12-20 04:59:00',NULL,NULL,'pending','3001','{\"sequence\":[\"PI_DAILY\",\"MA\"],\"parentactivity\":\"CA3\"}','2017-04-12 15:00:00',NULL,NULL,'Sickle Cell Daily Survey','Daily Survey To be completed for Sickle Cell disease patients'),(3900,'2017-12-20 05:01:00','2017-12-21 04:59:00',NULL,NULL,'pending','3001','{\"sequence\":[\"PI_DAILY\",\"MA\"],\"parentactivity\":\"CA3\"}','2017-04-12 15:00:00',NULL,NULL,'Sickle Cell Daily Survey','Daily Survey To be completed for Sickle Cell disease patients'),(3901,'2017-12-21 05:01:00','2017-12-22 04:59:00',NULL,NULL,'pending','3001','{\"sequence\":[\"PI_DAILY\",\"MA\"],\"parentactivity\":\"CA3\"}','2017-04-12 15:00:00',NULL,NULL,'Sickle Cell Daily Survey','Daily Survey To be completed for Sickle Cell disease patients'),(3902,'2017-12-22 05:01:00','2017-12-23 04:59:00',NULL,NULL,'pending','3001','{\"sequence\":[\"PI_DAILY\",\"MA\"],\"parentactivity\":\"CA3\"}','2017-04-12 15:00:00',NULL,NULL,'Sickle Cell Daily Survey','Daily Survey To be completed for Sickle Cell disease patients'),(3903,'2017-12-23 05:01:00','2017-12-24 04:59:00',NULL,NULL,'pending','3001','{\"sequence\":[\"PI_DAILY\",\"MA\"],\"parentactivity\":\"CA3\"}','2017-04-12 15:00:00',NULL,NULL,'Sickle Cell Daily Survey','Daily Survey To be completed for Sickle Cell disease patients'),(3904,'2017-12-24 05:01:00','2017-12-25 04:59:00',NULL,NULL,'pending','3001','{\"sequence\":[\"PI_DAILY\",\"MA\"],\"parentactivity\":\"CA3\"}','2017-04-12 15:00:00',NULL,NULL,'Sickle Cell Daily Survey','Daily Survey To be completed for Sickle Cell disease patients'),(3905,'2017-12-25 05:01:00','2017-12-26 04:59:00',NULL,NULL,'pending','3001','{\"sequence\":[\"PI_DAILY\",\"MA\"],\"parentactivity\":\"CA3\"}','2017-04-12 15:00:00',NULL,NULL,'Sickle Cell Daily Survey','Daily Survey To be completed for Sickle Cell disease patients'),(3906,'2017-12-26 05:01:00','2017-12-27 04:59:00',NULL,NULL,'pending','3001','{\"sequence\":[\"PI_DAILY\",\"MA\"],\"parentactivity\":\"CA3\"}','2017-04-12 15:00:00',NULL,NULL,'Sickle Cell Daily Survey','Daily Survey To be completed for Sickle Cell disease patients'),(3907,'2017-12-27 05:01:00','2017-12-28 04:59:00',NULL,NULL,'pending','3001','{\"sequence\":[\"PI_DAILY\",\"MA\"],\"parentactivity\":\"CA3\"}','2017-04-12 15:00:00',NULL,NULL,'Sickle Cell Daily Survey','Daily Survey To be completed for Sickle Cell disease patients'),(3908,'2017-12-28 05:01:00','2017-12-29 04:59:00',NULL,NULL,'pending','3001','{\"sequence\":[\"PI_DAILY\",\"MA\"],\"parentactivity\":\"CA3\"}','2017-04-12 15:00:00',NULL,NULL,'Sickle Cell Daily Survey','Daily Survey To be completed for Sickle Cell disease patients'),(3909,'2017-12-29 05:01:00','2017-12-30 04:59:00',NULL,NULL,'pending','3001','{\"sequence\":[\"PI_DAILY\",\"MA\"],\"parentactivity\":\"CA3\"}','2017-04-12 15:00:00',NULL,NULL,'Sickle Cell Daily Survey','Daily Survey To be completed for Sickle Cell disease patients'),(3910,'2017-12-30 05:01:00','2017-12-31 04:59:00',NULL,NULL,'pending','3001','{\"sequence\":[\"PI_DAILY\",\"MA\"],\"parentactivity\":\"CA3\"}','2017-04-12 15:00:00',NULL,NULL,'Sickle Cell Daily Survey','Daily Survey To be completed for Sickle Cell disease patients'),(3911,'2017-12-31 05:01:00','2018-01-01 04:59:00',NULL,NULL,'pending','3001','{\"sequence\":[\"PI_DAILY\",\"MA\"],\"parentactivity\":\"CA3\"}','2017-04-12 15:00:00',NULL,NULL,'Sickle Cell Daily Survey','Daily Survey To be completed for Sickle Cell disease patients'),(3912,'2017-04-12 05:01:00','2017-04-13 04:59:00',NULL,NULL,'expired','4001','{\"sequence\":[\"PI_DAILY\",\"MA\"],\"parentactivity\":\"CA3\"}','2017-04-12 15:00:00',NULL,NULL,'Sickle Cell Daily Survey','Daily Survey To be completed for Sickle Cell disease patients'),(3913,'2017-04-13 05:01:00','2017-04-14 04:59:00',NULL,NULL,'expired','4001','{\"sequence\":[\"PI_DAILY\",\"MA\"],\"parentactivity\":\"CA3\"}','2017-04-12 15:00:00',NULL,NULL,'Sickle Cell Daily Survey','Daily Survey To be completed for Sickle Cell disease patients'),(3914,'2017-04-14 05:01:00','2017-04-15 04:59:00',NULL,NULL,'expired','4001','{\"sequence\":[\"PI_DAILY\",\"MA\"],\"parentactivity\":\"CA3\"}','2017-04-12 15:00:00',NULL,NULL,'Sickle Cell Daily Survey','Daily Survey To be completed for Sickle Cell disease patients'),(3915,'2017-04-15 05:01:00','2017-04-16 04:59:00',NULL,NULL,'expired','4001','{\"sequence\":[\"PI_DAILY\",\"MA\"],\"parentactivity\":\"CA3\"}','2017-04-12 15:00:00',NULL,NULL,'Sickle Cell Daily Survey','Daily Survey To be completed for Sickle Cell disease patients'),(3916,'2017-04-16 05:01:00','2017-04-17 04:59:00',NULL,NULL,'expired','4001','{\"sequence\":[\"PI_DAILY\",\"MA\"],\"parentactivity\":\"CA3\"}','2017-04-12 15:00:00',NULL,NULL,'Sickle Cell Daily Survey','Daily Survey To be completed for Sickle Cell disease patients'),(3917,'2017-04-17 05:01:00','2017-04-18 04:59:00',NULL,NULL,'expired','4001','{\"sequence\":[\"PI_DAILY\",\"MA\"],\"parentactivity\":\"CA3\"}','2017-04-12 15:00:00',NULL,NULL,'Sickle Cell Daily Survey','Daily Survey To be completed for Sickle Cell disease patients'),(3918,'2017-04-18 05:01:00','2017-04-19 04:59:00',NULL,NULL,'expired','4001','{\"sequence\":[\"PI_DAILY\",\"MA\"],\"parentactivity\":\"CA3\"}','2017-04-12 15:00:00',NULL,NULL,'Sickle Cell Daily Survey','Daily Survey To be completed for Sickle Cell disease patients'),(3919,'2017-04-19 05:01:00','2017-04-20 04:59:00',NULL,NULL,'expired','4001','{\"sequence\":[\"PI_DAILY\",\"MA\"],\"parentactivity\":\"CA3\"}','2017-04-12 15:00:00',NULL,NULL,'Sickle Cell Daily Survey','Daily Survey To be completed for Sickle Cell disease patients'),(3920,'2017-04-20 05:01:00','2017-04-21 04:59:00',NULL,NULL,'expired','4001','{\"sequence\":[\"PI_DAILY\",\"MA\"],\"parentactivity\":\"CA3\"}','2017-04-12 15:00:00',NULL,NULL,'Sickle Cell Daily Survey','Daily Survey To be completed for Sickle Cell disease patients'),(3921,'2017-04-21 05:01:00','2017-04-22 04:59:00',NULL,NULL,'expired','4001','{\"sequence\":[\"PI_DAILY\",\"MA\"],\"parentactivity\":\"CA3\"}','2017-04-12 15:00:00',NULL,NULL,'Sickle Cell Daily Survey','Daily Survey To be completed for Sickle Cell disease patients'),(3922,'2017-04-22 05:01:00','2017-04-23 04:59:00',NULL,NULL,'expired','4001','{\"sequence\":[\"PI_DAILY\",\"MA\"],\"parentactivity\":\"CA3\"}','2017-04-12 15:00:00',NULL,NULL,'Sickle Cell Daily Survey','Daily Survey To be completed for Sickle Cell disease patients'),(3923,'2017-04-23 05:01:00','2017-04-24 04:59:00',NULL,NULL,'expired','4001','{\"sequence\":[\"PI_DAILY\",\"MA\"],\"parentactivity\":\"CA3\"}','2017-04-12 15:00:00',NULL,NULL,'Sickle Cell Daily Survey','Daily Survey To be completed for Sickle Cell disease patients'),(3924,'2017-04-24 05:01:00','2017-04-25 04:59:00',NULL,NULL,'expired','4001','{\"sequence\":[\"PI_DAILY\",\"MA\"],\"parentactivity\":\"CA3\"}','2017-04-12 15:00:00',NULL,NULL,'Sickle Cell Daily Survey','Daily Survey To be completed for Sickle Cell disease patients'),(3925,'2017-04-25 05:01:00','2017-04-26 04:59:00',NULL,NULL,'expired','4001','{\"sequence\":[\"PI_DAILY\",\"MA\"],\"parentactivity\":\"CA3\"}','2017-04-12 15:00:00',NULL,NULL,'Sickle Cell Daily Survey','Daily Survey To be completed for Sickle Cell disease patients'),(3926,'2017-04-26 05:01:00','2017-04-27 04:59:00',NULL,NULL,'expired','4001','{\"sequence\":[\"PI_DAILY\",\"MA\"],\"parentactivity\":\"CA3\"}','2017-04-12 15:00:00',NULL,NULL,'Sickle Cell Daily Survey','Daily Survey To be completed for Sickle Cell disease patients'),(3927,'2017-04-27 05:01:00','2017-04-28 04:59:00',NULL,NULL,'expired','4001','{\"sequence\":[\"PI_DAILY\",\"MA\"],\"parentactivity\":\"CA3\"}','2017-04-12 15:00:00',NULL,NULL,'Sickle Cell Daily Survey','Daily Survey To be completed for Sickle Cell disease patients'),(3928,'2017-04-28 05:01:00','2017-04-29 04:59:00',NULL,NULL,'expired','4001','{\"sequence\":[\"PI_DAILY\",\"MA\"],\"parentactivity\":\"CA3\"}','2017-04-12 15:00:00',NULL,NULL,'Sickle Cell Daily Survey','Daily Survey To be completed for Sickle Cell disease patients'),(3929,'2017-04-29 05:01:00','2017-04-30 04:59:00',NULL,NULL,'expired','4001','{\"sequence\":[\"PI_DAILY\",\"MA\"],\"parentactivity\":\"CA3\"}','2017-04-12 15:00:00',NULL,NULL,'Sickle Cell Daily Survey','Daily Survey To be completed for Sickle Cell disease patients'),(3930,'2017-04-30 05:01:00','2017-05-01 04:59:00',NULL,NULL,'expired','4001','{\"sequence\":[\"PI_DAILY\",\"MA\"],\"parentactivity\":\"CA3\"}','2017-04-12 15:00:00',NULL,NULL,'Sickle Cell Daily Survey','Daily Survey To be completed for Sickle Cell disease patients'),(3931,'2017-05-01 05:01:00','2017-05-02 04:59:00',NULL,NULL,'expired','4001','{\"sequence\":[\"PI_DAILY\",\"MA\"],\"parentactivity\":\"CA3\"}','2017-04-12 15:00:00',NULL,NULL,'Sickle Cell Daily Survey','Daily Survey To be completed for Sickle Cell disease patients'),(3932,'2017-05-02 05:01:00','2017-05-03 04:59:00',NULL,NULL,'expired','4001','{\"sequence\":[\"PI_DAILY\",\"MA\"],\"parentactivity\":\"CA3\"}','2017-04-12 15:00:00',NULL,NULL,'Sickle Cell Daily Survey','Daily Survey To be completed for Sickle Cell disease patients'),(3933,'2017-05-03 05:01:00','2017-05-04 04:59:00',NULL,NULL,'expired','4001','{\"sequence\":[\"PI_DAILY\",\"MA\"],\"parentactivity\":\"CA3\"}','2017-04-12 15:00:00',NULL,NULL,'Sickle Cell Daily Survey','Daily Survey To be completed for Sickle Cell disease patients'),(3934,'2017-05-04 05:01:00','2017-05-05 04:59:00',NULL,NULL,'expired','4001','{\"sequence\":[\"PI_DAILY\",\"MA\"],\"parentactivity\":\"CA3\"}','2017-04-12 15:00:00',NULL,NULL,'Sickle Cell Daily Survey','Daily Survey To be completed for Sickle Cell disease patients'),(3935,'2017-05-05 05:01:00','2017-05-06 04:59:00',NULL,NULL,'expired','4001','{\"sequence\":[\"PI_DAILY\",\"MA\"],\"parentactivity\":\"CA3\"}','2017-04-12 15:00:00',NULL,NULL,'Sickle Cell Daily Survey','Daily Survey To be completed for Sickle Cell disease patients'),(3936,'2017-05-06 05:01:00','2017-05-07 04:59:00',NULL,NULL,'expired','4001','{\"sequence\":[\"PI_DAILY\",\"MA\"],\"parentactivity\":\"CA3\"}','2017-04-12 15:00:00',NULL,NULL,'Sickle Cell Daily Survey','Daily Survey To be completed for Sickle Cell disease patients'),(3937,'2017-05-07 05:01:00','2017-05-08 04:59:00',NULL,NULL,'expired','4001','{\"sequence\":[\"PI_DAILY\",\"MA\"],\"parentactivity\":\"CA3\"}','2017-04-12 15:00:00',NULL,NULL,'Sickle Cell Daily Survey','Daily Survey To be completed for Sickle Cell disease patients'),(3938,'2017-05-08 05:01:00','2017-05-09 04:59:00',NULL,NULL,'expired','4001','{\"sequence\":[\"PI_DAILY\",\"MA\"],\"parentactivity\":\"CA3\"}','2017-04-12 15:00:00',NULL,NULL,'Sickle Cell Daily Survey','Daily Survey To be completed for Sickle Cell disease patients'),(3939,'2017-05-09 05:01:00','2017-05-10 04:59:00',NULL,NULL,'expired','4001','{\"sequence\":[\"PI_DAILY\",\"MA\"],\"parentactivity\":\"CA3\"}','2017-04-12 15:00:00',NULL,NULL,'Sickle Cell Daily Survey','Daily Survey To be completed for Sickle Cell disease patients'),(3940,'2017-05-10 05:01:00','2017-05-11 04:59:00',NULL,NULL,'expired','4001','{\"sequence\":[\"PI_DAILY\",\"MA\"],\"parentactivity\":\"CA3\"}','2017-04-12 15:00:00',NULL,NULL,'Sickle Cell Daily Survey','Daily Survey To be completed for Sickle Cell disease patients'),(3941,'2017-05-11 05:01:00','2017-05-12 04:59:00',NULL,NULL,'expired','4001','{\"sequence\":[\"PI_DAILY\",\"MA\"],\"parentactivity\":\"CA3\"}','2017-04-12 15:00:00',NULL,NULL,'Sickle Cell Daily Survey','Daily Survey To be completed for Sickle Cell disease patients'),(3942,'2017-05-12 05:01:00','2017-05-13 04:59:00',NULL,NULL,'expired','4001','{\"sequence\":[\"PI_DAILY\",\"MA\"],\"parentactivity\":\"CA3\"}','2017-04-12 15:00:00',NULL,NULL,'Sickle Cell Daily Survey','Daily Survey To be completed for Sickle Cell disease patients'),(3943,'2017-05-13 05:01:00','2017-05-14 04:59:00',NULL,NULL,'expired','4001','{\"sequence\":[\"PI_DAILY\",\"MA\"],\"parentactivity\":\"CA3\"}','2017-04-12 15:00:00',NULL,NULL,'Sickle Cell Daily Survey','Daily Survey To be completed for Sickle Cell disease patients'),(3944,'2017-05-14 05:01:00','2017-05-15 04:59:00',NULL,NULL,'expired','4001','{\"sequence\":[\"PI_DAILY\",\"MA\"],\"parentactivity\":\"CA3\"}','2017-04-12 15:00:00',NULL,NULL,'Sickle Cell Daily Survey','Daily Survey To be completed for Sickle Cell disease patients'),(3945,'2017-05-15 05:01:00','2017-05-16 04:59:00',NULL,NULL,'expired','4001','{\"sequence\":[\"PI_DAILY\",\"MA\"],\"parentactivity\":\"CA3\"}','2017-04-12 15:00:00',NULL,NULL,'Sickle Cell Daily Survey','Daily Survey To be completed for Sickle Cell disease patients'),(3946,'2017-05-16 05:01:00','2017-05-17 04:59:00',NULL,NULL,'expired','4001','{\"sequence\":[\"PI_DAILY\",\"MA\"],\"parentactivity\":\"CA3\"}','2017-04-12 15:00:00',NULL,NULL,'Sickle Cell Daily Survey','Daily Survey To be completed for Sickle Cell disease patients'),(3947,'2017-05-17 05:01:00','2017-05-18 04:59:00',NULL,NULL,'expired','4001','{\"sequence\":[\"PI_DAILY\",\"MA\"],\"parentactivity\":\"CA3\"}','2017-04-12 15:00:00',NULL,NULL,'Sickle Cell Daily Survey','Daily Survey To be completed for Sickle Cell disease patients'),(3948,'2017-05-18 05:01:00','2017-05-19 04:59:00',NULL,NULL,'expired','4001','{\"sequence\":[\"PI_DAILY\",\"MA\"],\"parentactivity\":\"CA3\"}','2017-04-12 15:00:00',NULL,NULL,'Sickle Cell Daily Survey','Daily Survey To be completed for Sickle Cell disease patients'),(3949,'2017-05-19 05:01:00','2017-05-20 04:59:00',NULL,NULL,'expired','4001','{\"sequence\":[\"PI_DAILY\",\"MA\"],\"parentactivity\":\"CA3\"}','2017-04-12 15:00:00',NULL,NULL,'Sickle Cell Daily Survey','Daily Survey To be completed for Sickle Cell disease patients'),(3950,'2017-05-20 05:01:00','2017-05-21 04:59:00',NULL,NULL,'expired','4001','{\"sequence\":[\"PI_DAILY\",\"MA\"],\"parentactivity\":\"CA3\"}','2017-04-12 15:00:00',NULL,NULL,'Sickle Cell Daily Survey','Daily Survey To be completed for Sickle Cell disease patients'),(3951,'2017-05-21 05:01:00','2017-05-22 04:59:00',NULL,NULL,'expired','4001','{\"sequence\":[\"PI_DAILY\",\"MA\"],\"parentactivity\":\"CA3\"}','2017-04-12 15:00:00',NULL,NULL,'Sickle Cell Daily Survey','Daily Survey To be completed for Sickle Cell disease patients'),(3952,'2017-05-22 05:01:00','2017-05-23 04:59:00',NULL,NULL,'expired','4001','{\"sequence\":[\"PI_DAILY\",\"MA\"],\"parentactivity\":\"CA3\"}','2017-04-12 15:00:00',NULL,NULL,'Sickle Cell Daily Survey','Daily Survey To be completed for Sickle Cell disease patients'),(3953,'2017-05-23 05:01:00','2017-05-24 04:59:00',NULL,NULL,'expired','4001','{\"sequence\":[\"PI_DAILY\",\"MA\"],\"parentactivity\":\"CA3\"}','2017-04-12 15:00:00',NULL,NULL,'Sickle Cell Daily Survey','Daily Survey To be completed for Sickle Cell disease patients'),(3954,'2017-05-24 05:01:00','2017-05-25 04:59:00',NULL,NULL,'expired','4001','{\"sequence\":[\"PI_DAILY\",\"MA\"],\"parentactivity\":\"CA3\"}','2017-04-12 15:00:00',NULL,NULL,'Sickle Cell Daily Survey','Daily Survey To be completed for Sickle Cell disease patients'),(3955,'2017-05-25 05:01:00','2017-05-26 04:59:00',NULL,NULL,'expired','4001','{\"sequence\":[\"PI_DAILY\",\"MA\"],\"parentactivity\":\"CA3\"}','2017-04-12 15:00:00',NULL,NULL,'Sickle Cell Daily Survey','Daily Survey To be completed for Sickle Cell disease patients'),(3956,'2017-05-26 05:01:00','2017-05-27 04:59:00',NULL,NULL,'pending','4001','{\"sequence\":[\"PI_DAILY\",\"MA\"],\"parentactivity\":\"CA3\"}','2017-04-12 15:00:00',NULL,NULL,'Sickle Cell Daily Survey','Daily Survey To be completed for Sickle Cell disease patients'),(3957,'2017-05-27 05:01:00','2017-05-28 04:59:00',NULL,NULL,'pending','4001','{\"sequence\":[\"PI_DAILY\",\"MA\"],\"parentactivity\":\"CA3\"}','2017-04-12 15:00:00',NULL,NULL,'Sickle Cell Daily Survey','Daily Survey To be completed for Sickle Cell disease patients'),(3958,'2017-05-28 05:01:00','2017-05-29 04:59:00',NULL,NULL,'pending','4001','{\"sequence\":[\"PI_DAILY\",\"MA\"],\"parentactivity\":\"CA3\"}','2017-04-12 15:00:00',NULL,NULL,'Sickle Cell Daily Survey','Daily Survey To be completed for Sickle Cell disease patients'),(3959,'2017-05-29 05:01:00','2017-05-30 04:59:00',NULL,NULL,'pending','4001','{\"sequence\":[\"PI_DAILY\",\"MA\"],\"parentactivity\":\"CA3\"}','2017-04-12 15:00:00',NULL,NULL,'Sickle Cell Daily Survey','Daily Survey To be completed for Sickle Cell disease patients'),(3960,'2017-05-30 05:01:00','2017-05-31 04:59:00',NULL,NULL,'pending','4001','{\"sequence\":[\"PI_DAILY\",\"MA\"],\"parentactivity\":\"CA3\"}','2017-04-12 15:00:00',NULL,NULL,'Sickle Cell Daily Survey','Daily Survey To be completed for Sickle Cell disease patients'),(3961,'2017-05-31 05:01:00','2017-06-01 04:59:00',NULL,NULL,'pending','4001','{\"sequence\":[\"PI_DAILY\",\"MA\"],\"parentactivity\":\"CA3\"}','2017-04-12 15:00:00',NULL,NULL,'Sickle Cell Daily Survey','Daily Survey To be completed for Sickle Cell disease patients'),(3962,'2017-06-01 05:01:00','2017-06-02 04:59:00',NULL,NULL,'pending','4001','{\"sequence\":[\"PI_DAILY\",\"MA\"],\"parentactivity\":\"CA3\"}','2017-04-12 15:00:00',NULL,NULL,'Sickle Cell Daily Survey','Daily Survey To be completed for Sickle Cell disease patients'),(3963,'2017-06-02 05:01:00','2017-06-03 04:59:00',NULL,NULL,'pending','4001','{\"sequence\":[\"PI_DAILY\",\"MA\"],\"parentactivity\":\"CA3\"}','2017-04-12 15:00:00',NULL,NULL,'Sickle Cell Daily Survey','Daily Survey To be completed for Sickle Cell disease patients'),(3964,'2017-06-03 05:01:00','2017-06-04 04:59:00',NULL,NULL,'pending','4001','{\"sequence\":[\"PI_DAILY\",\"MA\"],\"parentactivity\":\"CA3\"}','2017-04-12 15:00:00',NULL,NULL,'Sickle Cell Daily Survey','Daily Survey To be completed for Sickle Cell disease patients'),(3965,'2017-06-04 05:01:00','2017-06-05 04:59:00',NULL,NULL,'pending','4001','{\"sequence\":[\"PI_DAILY\",\"MA\"],\"parentactivity\":\"CA3\"}','2017-04-12 15:00:00',NULL,NULL,'Sickle Cell Daily Survey','Daily Survey To be completed for Sickle Cell disease patients'),(3966,'2017-06-05 05:01:00','2017-06-06 04:59:00',NULL,NULL,'pending','4001','{\"sequence\":[\"PI_DAILY\",\"MA\"],\"parentactivity\":\"CA3\"}','2017-04-12 15:00:00',NULL,NULL,'Sickle Cell Daily Survey','Daily Survey To be completed for Sickle Cell disease patients'),(3967,'2017-06-06 05:01:00','2017-06-07 04:59:00',NULL,NULL,'pending','4001','{\"sequence\":[\"PI_DAILY\",\"MA\"],\"parentactivity\":\"CA3\"}','2017-04-12 15:00:00',NULL,NULL,'Sickle Cell Daily Survey','Daily Survey To be completed for Sickle Cell disease patients'),(3968,'2017-06-07 05:01:00','2017-06-08 04:59:00',NULL,NULL,'pending','4001','{\"sequence\":[\"PI_DAILY\",\"MA\"],\"parentactivity\":\"CA3\"}','2017-04-12 15:00:00',NULL,NULL,'Sickle Cell Daily Survey','Daily Survey To be completed for Sickle Cell disease patients'),(3969,'2017-06-08 05:01:00','2017-06-09 04:59:00',NULL,NULL,'pending','4001','{\"sequence\":[\"PI_DAILY\",\"MA\"],\"parentactivity\":\"CA3\"}','2017-04-12 15:00:00',NULL,NULL,'Sickle Cell Daily Survey','Daily Survey To be completed for Sickle Cell disease patients'),(3970,'2017-06-09 05:01:00','2017-06-10 04:59:00',NULL,NULL,'pending','4001','{\"sequence\":[\"PI_DAILY\",\"MA\"],\"parentactivity\":\"CA3\"}','2017-04-12 15:00:00',NULL,NULL,'Sickle Cell Daily Survey','Daily Survey To be completed for Sickle Cell disease patients'),(3971,'2017-06-10 05:01:00','2017-06-11 04:59:00',NULL,NULL,'pending','4001','{\"sequence\":[\"PI_DAILY\",\"MA\"],\"parentactivity\":\"CA3\"}','2017-04-12 15:00:00',NULL,NULL,'Sickle Cell Daily Survey','Daily Survey To be completed for Sickle Cell disease patients'),(3972,'2017-06-11 05:01:00','2017-06-12 04:59:00',NULL,NULL,'pending','4001','{\"sequence\":[\"PI_DAILY\",\"MA\"],\"parentactivity\":\"CA3\"}','2017-04-12 15:00:00',NULL,NULL,'Sickle Cell Daily Survey','Daily Survey To be completed for Sickle Cell disease patients'),(3973,'2017-06-12 05:01:00','2017-06-13 04:59:00',NULL,NULL,'pending','4001','{\"sequence\":[\"PI_DAILY\",\"MA\"],\"parentactivity\":\"CA3\"}','2017-04-12 15:00:00',NULL,NULL,'Sickle Cell Daily Survey','Daily Survey To be completed for Sickle Cell disease patients'),(3974,'2017-06-13 05:01:00','2017-06-14 04:59:00',NULL,NULL,'pending','4001','{\"sequence\":[\"PI_DAILY\",\"MA\"],\"parentactivity\":\"CA3\"}','2017-04-12 15:00:00',NULL,NULL,'Sickle Cell Daily Survey','Daily Survey To be completed for Sickle Cell disease patients'),(3975,'2017-06-14 05:01:00','2017-06-15 04:59:00',NULL,NULL,'pending','4001','{\"sequence\":[\"PI_DAILY\",\"MA\"],\"parentactivity\":\"CA3\"}','2017-04-12 15:00:00',NULL,NULL,'Sickle Cell Daily Survey','Daily Survey To be completed for Sickle Cell disease patients'),(3976,'2017-06-15 05:01:00','2017-06-16 04:59:00',NULL,NULL,'pending','4001','{\"sequence\":[\"PI_DAILY\",\"MA\"],\"parentactivity\":\"CA3\"}','2017-04-12 15:00:00',NULL,NULL,'Sickle Cell Daily Survey','Daily Survey To be completed for Sickle Cell disease patients'),(3977,'2017-06-16 05:01:00','2017-06-17 04:59:00',NULL,NULL,'pending','4001','{\"sequence\":[\"PI_DAILY\",\"MA\"],\"parentactivity\":\"CA3\"}','2017-04-12 15:00:00',NULL,NULL,'Sickle Cell Daily Survey','Daily Survey To be completed for Sickle Cell disease patients'),(3978,'2017-06-17 05:01:00','2017-06-18 04:59:00',NULL,NULL,'pending','4001','{\"sequence\":[\"PI_DAILY\",\"MA\"],\"parentactivity\":\"CA3\"}','2017-04-12 15:00:00',NULL,NULL,'Sickle Cell Daily Survey','Daily Survey To be completed for Sickle Cell disease patients'),(3979,'2017-06-18 05:01:00','2017-06-19 04:59:00',NULL,NULL,'pending','4001','{\"sequence\":[\"PI_DAILY\",\"MA\"],\"parentactivity\":\"CA3\"}','2017-04-12 15:00:00',NULL,NULL,'Sickle Cell Daily Survey','Daily Survey To be completed for Sickle Cell disease patients'),(3980,'2017-06-19 05:01:00','2017-06-20 04:59:00',NULL,NULL,'pending','4001','{\"sequence\":[\"PI_DAILY\",\"MA\"],\"parentactivity\":\"CA3\"}','2017-04-12 15:00:00',NULL,NULL,'Sickle Cell Daily Survey','Daily Survey To be completed for Sickle Cell disease patients'),(3981,'2017-06-20 05:01:00','2017-06-21 04:59:00',NULL,NULL,'pending','4001','{\"sequence\":[\"PI_DAILY\",\"MA\"],\"parentactivity\":\"CA3\"}','2017-04-12 15:00:00',NULL,NULL,'Sickle Cell Daily Survey','Daily Survey To be completed for Sickle Cell disease patients'),(3982,'2017-06-21 05:01:00','2017-06-22 04:59:00',NULL,NULL,'pending','4001','{\"sequence\":[\"PI_DAILY\",\"MA\"],\"parentactivity\":\"CA3\"}','2017-04-12 15:00:00',NULL,NULL,'Sickle Cell Daily Survey','Daily Survey To be completed for Sickle Cell disease patients'),(3983,'2017-06-22 05:01:00','2017-06-23 04:59:00',NULL,NULL,'pending','4001','{\"sequence\":[\"PI_DAILY\",\"MA\"],\"parentactivity\":\"CA3\"}','2017-04-12 15:00:00',NULL,NULL,'Sickle Cell Daily Survey','Daily Survey To be completed for Sickle Cell disease patients'),(3984,'2017-06-23 05:01:00','2017-06-24 04:59:00',NULL,NULL,'pending','4001','{\"sequence\":[\"PI_DAILY\",\"MA\"],\"parentactivity\":\"CA3\"}','2017-04-12 15:00:00',NULL,NULL,'Sickle Cell Daily Survey','Daily Survey To be completed for Sickle Cell disease patients'),(3985,'2017-06-24 05:01:00','2017-06-25 04:59:00',NULL,NULL,'pending','4001','{\"sequence\":[\"PI_DAILY\",\"MA\"],\"parentactivity\":\"CA3\"}','2017-04-12 15:00:00',NULL,NULL,'Sickle Cell Daily Survey','Daily Survey To be completed for Sickle Cell disease patients'),(3986,'2017-06-25 05:01:00','2017-06-26 04:59:00',NULL,NULL,'pending','4001','{\"sequence\":[\"PI_DAILY\",\"MA\"],\"parentactivity\":\"CA3\"}','2017-04-12 15:00:00',NULL,NULL,'Sickle Cell Daily Survey','Daily Survey To be completed for Sickle Cell disease patients'),(3987,'2017-06-26 05:01:00','2017-06-27 04:59:00',NULL,NULL,'pending','4001','{\"sequence\":[\"PI_DAILY\",\"MA\"],\"parentactivity\":\"CA3\"}','2017-04-12 15:00:00',NULL,NULL,'Sickle Cell Daily Survey','Daily Survey To be completed for Sickle Cell disease patients'),(3988,'2017-06-27 05:01:00','2017-06-28 04:59:00',NULL,NULL,'pending','4001','{\"sequence\":[\"PI_DAILY\",\"MA\"],\"parentactivity\":\"CA3\"}','2017-04-12 15:00:00',NULL,NULL,'Sickle Cell Daily Survey','Daily Survey To be completed for Sickle Cell disease patients'),(3989,'2017-06-28 05:01:00','2017-06-29 04:59:00',NULL,NULL,'pending','4001','{\"sequence\":[\"PI_DAILY\",\"MA\"],\"parentactivity\":\"CA3\"}','2017-04-12 15:00:00',NULL,NULL,'Sickle Cell Daily Survey','Daily Survey To be completed for Sickle Cell disease patients'),(3990,'2017-06-29 05:01:00','2017-06-30 04:59:00',NULL,NULL,'pending','4001','{\"sequence\":[\"PI_DAILY\",\"MA\"],\"parentactivity\":\"CA3\"}','2017-04-12 15:00:00',NULL,NULL,'Sickle Cell Daily Survey','Daily Survey To be completed for Sickle Cell disease patients'),(3991,'2017-06-30 05:01:00','2017-07-01 04:59:00',NULL,NULL,'pending','4001','{\"sequence\":[\"PI_DAILY\",\"MA\"],\"parentactivity\":\"CA3\"}','2017-04-12 15:00:00',NULL,NULL,'Sickle Cell Daily Survey','Daily Survey To be completed for Sickle Cell disease patients'),(3992,'2017-07-01 05:01:00','2017-07-02 04:59:00',NULL,NULL,'pending','4001','{\"sequence\":[\"PI_DAILY\",\"MA\"],\"parentactivity\":\"CA3\"}','2017-04-12 15:00:00',NULL,NULL,'Sickle Cell Daily Survey','Daily Survey To be completed for Sickle Cell disease patients'),(3993,'2017-07-02 05:01:00','2017-07-03 04:59:00',NULL,NULL,'pending','4001','{\"sequence\":[\"PI_DAILY\",\"MA\"],\"parentactivity\":\"CA3\"}','2017-04-12 15:00:00',NULL,NULL,'Sickle Cell Daily Survey','Daily Survey To be completed for Sickle Cell disease patients'),(3994,'2017-07-03 05:01:00','2017-07-04 04:59:00',NULL,NULL,'pending','4001','{\"sequence\":[\"PI_DAILY\",\"MA\"],\"parentactivity\":\"CA3\"}','2017-04-12 15:00:00',NULL,NULL,'Sickle Cell Daily Survey','Daily Survey To be completed for Sickle Cell disease patients'),(3995,'2017-07-04 05:01:00','2017-07-05 04:59:00',NULL,NULL,'pending','4001','{\"sequence\":[\"PI_DAILY\",\"MA\"],\"parentactivity\":\"CA3\"}','2017-04-12 15:00:00',NULL,NULL,'Sickle Cell Daily Survey','Daily Survey To be completed for Sickle Cell disease patients'),(3996,'2017-07-05 05:01:00','2017-07-06 04:59:00',NULL,NULL,'pending','4001','{\"sequence\":[\"PI_DAILY\",\"MA\"],\"parentactivity\":\"CA3\"}','2017-04-12 15:00:00',NULL,NULL,'Sickle Cell Daily Survey','Daily Survey To be completed for Sickle Cell disease patients'),(3997,'2017-07-06 05:01:00','2017-07-07 04:59:00',NULL,NULL,'pending','4001','{\"sequence\":[\"PI_DAILY\",\"MA\"],\"parentactivity\":\"CA3\"}','2017-04-12 15:00:00',NULL,NULL,'Sickle Cell Daily Survey','Daily Survey To be completed for Sickle Cell disease patients'),(3998,'2017-07-07 05:01:00','2017-07-08 04:59:00',NULL,NULL,'pending','4001','{\"sequence\":[\"PI_DAILY\",\"MA\"],\"parentactivity\":\"CA3\"}','2017-04-12 15:00:00',NULL,NULL,'Sickle Cell Daily Survey','Daily Survey To be completed for Sickle Cell disease patients'),(3999,'2017-07-08 05:01:00','2017-07-09 04:59:00',NULL,NULL,'pending','4001','{\"sequence\":[\"PI_DAILY\",\"MA\"],\"parentactivity\":\"CA3\"}','2017-04-12 15:00:00',NULL,NULL,'Sickle Cell Daily Survey','Daily Survey To be completed for Sickle Cell disease patients'),(4000,'2017-07-09 05:01:00','2017-07-10 04:59:00',NULL,NULL,'pending','4001','{\"sequence\":[\"PI_DAILY\",\"MA\"],\"parentactivity\":\"CA3\"}','2017-04-12 15:00:00',NULL,NULL,'Sickle Cell Daily Survey','Daily Survey To be completed for Sickle Cell disease patients'),(4001,'2017-07-10 05:01:00','2017-07-11 04:59:00',NULL,NULL,'pending','4001','{\"sequence\":[\"PI_DAILY\",\"MA\"],\"parentactivity\":\"CA3\"}','2017-04-12 15:00:00',NULL,NULL,'Sickle Cell Daily Survey','Daily Survey To be completed for Sickle Cell disease patients'),(4002,'2017-07-11 05:01:00','2017-07-12 04:59:00',NULL,NULL,'pending','4001','{\"sequence\":[\"PI_DAILY\",\"MA\"],\"parentactivity\":\"CA3\"}','2017-04-12 15:00:00',NULL,NULL,'Sickle Cell Daily Survey','Daily Survey To be completed for Sickle Cell disease patients'),(4003,'2017-07-12 05:01:00','2017-07-13 04:59:00',NULL,NULL,'pending','4001','{\"sequence\":[\"PI_DAILY\",\"MA\"],\"parentactivity\":\"CA3\"}','2017-04-12 15:00:00',NULL,NULL,'Sickle Cell Daily Survey','Daily Survey To be completed for Sickle Cell disease patients'),(4004,'2017-07-13 05:01:00','2017-07-14 04:59:00',NULL,NULL,'pending','4001','{\"sequence\":[\"PI_DAILY\",\"MA\"],\"parentactivity\":\"CA3\"}','2017-04-12 15:00:00',NULL,NULL,'Sickle Cell Daily Survey','Daily Survey To be completed for Sickle Cell disease patients'),(4005,'2017-07-14 05:01:00','2017-07-15 04:59:00',NULL,NULL,'pending','4001','{\"sequence\":[\"PI_DAILY\",\"MA\"],\"parentactivity\":\"CA3\"}','2017-04-12 15:00:00',NULL,NULL,'Sickle Cell Daily Survey','Daily Survey To be completed for Sickle Cell disease patients'),(4006,'2017-07-15 05:01:00','2017-07-16 04:59:00',NULL,NULL,'pending','4001','{\"sequence\":[\"PI_DAILY\",\"MA\"],\"parentactivity\":\"CA3\"}','2017-04-12 15:00:00',NULL,NULL,'Sickle Cell Daily Survey','Daily Survey To be completed for Sickle Cell disease patients'),(4007,'2017-07-16 05:01:00','2017-07-17 04:59:00',NULL,NULL,'pending','4001','{\"sequence\":[\"PI_DAILY\",\"MA\"],\"parentactivity\":\"CA3\"}','2017-04-12 15:00:00',NULL,NULL,'Sickle Cell Daily Survey','Daily Survey To be completed for Sickle Cell disease patients'),(4008,'2017-07-17 05:01:00','2017-07-18 04:59:00',NULL,NULL,'pending','4001','{\"sequence\":[\"PI_DAILY\",\"MA\"],\"parentactivity\":\"CA3\"}','2017-04-12 15:00:00',NULL,NULL,'Sickle Cell Daily Survey','Daily Survey To be completed for Sickle Cell disease patients'),(4009,'2017-07-18 05:01:00','2017-07-19 04:59:00',NULL,NULL,'pending','4001','{\"sequence\":[\"PI_DAILY\",\"MA\"],\"parentactivity\":\"CA3\"}','2017-04-12 15:00:00',NULL,NULL,'Sickle Cell Daily Survey','Daily Survey To be completed for Sickle Cell disease patients'),(4010,'2017-07-19 05:01:00','2017-07-20 04:59:00',NULL,NULL,'pending','4001','{\"sequence\":[\"PI_DAILY\",\"MA\"],\"parentactivity\":\"CA3\"}','2017-04-12 15:00:00',NULL,NULL,'Sickle Cell Daily Survey','Daily Survey To be completed for Sickle Cell disease patients'),(4011,'2017-07-20 05:01:00','2017-07-21 04:59:00',NULL,NULL,'pending','4001','{\"sequence\":[\"PI_DAILY\",\"MA\"],\"parentactivity\":\"CA3\"}','2017-04-12 15:00:00',NULL,NULL,'Sickle Cell Daily Survey','Daily Survey To be completed for Sickle Cell disease patients'),(4012,'2017-07-21 05:01:00','2017-07-22 04:59:00',NULL,NULL,'pending','4001','{\"sequence\":[\"PI_DAILY\",\"MA\"],\"parentactivity\":\"CA3\"}','2017-04-12 15:00:00',NULL,NULL,'Sickle Cell Daily Survey','Daily Survey To be completed for Sickle Cell disease patients'),(4013,'2017-07-22 05:01:00','2017-07-23 04:59:00',NULL,NULL,'pending','4001','{\"sequence\":[\"PI_DAILY\",\"MA\"],\"parentactivity\":\"CA3\"}','2017-04-12 15:00:00',NULL,NULL,'Sickle Cell Daily Survey','Daily Survey To be completed for Sickle Cell disease patients'),(4014,'2017-07-23 05:01:00','2017-07-24 04:59:00',NULL,NULL,'pending','4001','{\"sequence\":[\"PI_DAILY\",\"MA\"],\"parentactivity\":\"CA3\"}','2017-04-12 15:00:00',NULL,NULL,'Sickle Cell Daily Survey','Daily Survey To be completed for Sickle Cell disease patients'),(4015,'2017-07-24 05:01:00','2017-07-25 04:59:00',NULL,NULL,'pending','4001','{\"sequence\":[\"PI_DAILY\",\"MA\"],\"parentactivity\":\"CA3\"}','2017-04-12 15:00:00',NULL,NULL,'Sickle Cell Daily Survey','Daily Survey To be completed for Sickle Cell disease patients'),(4016,'2017-07-25 05:01:00','2017-07-26 04:59:00',NULL,NULL,'pending','4001','{\"sequence\":[\"PI_DAILY\",\"MA\"],\"parentactivity\":\"CA3\"}','2017-04-12 15:00:00',NULL,NULL,'Sickle Cell Daily Survey','Daily Survey To be completed for Sickle Cell disease patients'),(4017,'2017-07-26 05:01:00','2017-07-27 04:59:00',NULL,NULL,'pending','4001','{\"sequence\":[\"PI_DAILY\",\"MA\"],\"parentactivity\":\"CA3\"}','2017-04-12 15:00:00',NULL,NULL,'Sickle Cell Daily Survey','Daily Survey To be completed for Sickle Cell disease patients'),(4018,'2017-07-27 05:01:00','2017-07-28 04:59:00',NULL,NULL,'pending','4001','{\"sequence\":[\"PI_DAILY\",\"MA\"],\"parentactivity\":\"CA3\"}','2017-04-12 15:00:00',NULL,NULL,'Sickle Cell Daily Survey','Daily Survey To be completed for Sickle Cell disease patients'),(4019,'2017-07-28 05:01:00','2017-07-29 04:59:00',NULL,NULL,'pending','4001','{\"sequence\":[\"PI_DAILY\",\"MA\"],\"parentactivity\":\"CA3\"}','2017-04-12 15:00:00',NULL,NULL,'Sickle Cell Daily Survey','Daily Survey To be completed for Sickle Cell disease patients'),(4020,'2017-07-29 05:01:00','2017-07-30 04:59:00',NULL,NULL,'pending','4001','{\"sequence\":[\"PI_DAILY\",\"MA\"],\"parentactivity\":\"CA3\"}','2017-04-12 15:00:00',NULL,NULL,'Sickle Cell Daily Survey','Daily Survey To be completed for Sickle Cell disease patients'),(4021,'2017-07-30 05:01:00','2017-07-31 04:59:00',NULL,NULL,'pending','4001','{\"sequence\":[\"PI_DAILY\",\"MA\"],\"parentactivity\":\"CA3\"}','2017-04-12 15:00:00',NULL,NULL,'Sickle Cell Daily Survey','Daily Survey To be completed for Sickle Cell disease patients'),(4022,'2017-07-31 05:01:00','2017-08-01 04:59:00',NULL,NULL,'pending','4001','{\"sequence\":[\"PI_DAILY\",\"MA\"],\"parentactivity\":\"CA3\"}','2017-04-12 15:00:00',NULL,NULL,'Sickle Cell Daily Survey','Daily Survey To be completed for Sickle Cell disease patients'),(4023,'2017-08-01 05:01:00','2017-08-02 04:59:00',NULL,NULL,'pending','4001','{\"sequence\":[\"PI_DAILY\",\"MA\"],\"parentactivity\":\"CA3\"}','2017-04-12 15:00:00',NULL,NULL,'Sickle Cell Daily Survey','Daily Survey To be completed for Sickle Cell disease patients'),(4024,'2017-08-02 05:01:00','2017-08-03 04:59:00',NULL,NULL,'pending','4001','{\"sequence\":[\"PI_DAILY\",\"MA\"],\"parentactivity\":\"CA3\"}','2017-04-12 15:00:00',NULL,NULL,'Sickle Cell Daily Survey','Daily Survey To be completed for Sickle Cell disease patients'),(4025,'2017-08-03 05:01:00','2017-08-04 04:59:00',NULL,NULL,'pending','4001','{\"sequence\":[\"PI_DAILY\",\"MA\"],\"parentactivity\":\"CA3\"}','2017-04-12 15:00:00',NULL,NULL,'Sickle Cell Daily Survey','Daily Survey To be completed for Sickle Cell disease patients'),(4026,'2017-08-04 05:01:00','2017-08-05 04:59:00',NULL,NULL,'pending','4001','{\"sequence\":[\"PI_DAILY\",\"MA\"],\"parentactivity\":\"CA3\"}','2017-04-12 15:00:00',NULL,NULL,'Sickle Cell Daily Survey','Daily Survey To be completed for Sickle Cell disease patients'),(4027,'2017-08-05 05:01:00','2017-08-06 04:59:00',NULL,NULL,'pending','4001','{\"sequence\":[\"PI_DAILY\",\"MA\"],\"parentactivity\":\"CA3\"}','2017-04-12 15:00:00',NULL,NULL,'Sickle Cell Daily Survey','Daily Survey To be completed for Sickle Cell disease patients'),(4028,'2017-08-06 05:01:00','2017-08-07 04:59:00',NULL,NULL,'pending','4001','{\"sequence\":[\"PI_DAILY\",\"MA\"],\"parentactivity\":\"CA3\"}','2017-04-12 15:00:00',NULL,NULL,'Sickle Cell Daily Survey','Daily Survey To be completed for Sickle Cell disease patients'),(4029,'2017-08-07 05:01:00','2017-08-08 04:59:00',NULL,NULL,'pending','4001','{\"sequence\":[\"PI_DAILY\",\"MA\"],\"parentactivity\":\"CA3\"}','2017-04-12 15:00:00',NULL,NULL,'Sickle Cell Daily Survey','Daily Survey To be completed for Sickle Cell disease patients'),(4030,'2017-08-08 05:01:00','2017-08-09 04:59:00',NULL,NULL,'pending','4001','{\"sequence\":[\"PI_DAILY\",\"MA\"],\"parentactivity\":\"CA3\"}','2017-04-12 15:00:00',NULL,NULL,'Sickle Cell Daily Survey','Daily Survey To be completed for Sickle Cell disease patients'),(4031,'2017-08-09 05:01:00','2017-08-10 04:59:00',NULL,NULL,'pending','4001','{\"sequence\":[\"PI_DAILY\",\"MA\"],\"parentactivity\":\"CA3\"}','2017-04-12 15:00:00',NULL,NULL,'Sickle Cell Daily Survey','Daily Survey To be completed for Sickle Cell disease patients'),(4032,'2017-08-10 05:01:00','2017-08-11 04:59:00',NULL,NULL,'pending','4001','{\"sequence\":[\"PI_DAILY\",\"MA\"],\"parentactivity\":\"CA3\"}','2017-04-12 15:00:00',NULL,NULL,'Sickle Cell Daily Survey','Daily Survey To be completed for Sickle Cell disease patients'),(4033,'2017-08-11 05:01:00','2017-08-12 04:59:00',NULL,NULL,'pending','4001','{\"sequence\":[\"PI_DAILY\",\"MA\"],\"parentactivity\":\"CA3\"}','2017-04-12 15:00:00',NULL,NULL,'Sickle Cell Daily Survey','Daily Survey To be completed for Sickle Cell disease patients'),(4034,'2017-08-12 05:01:00','2017-08-13 04:59:00',NULL,NULL,'pending','4001','{\"sequence\":[\"PI_DAILY\",\"MA\"],\"parentactivity\":\"CA3\"}','2017-04-12 15:00:00',NULL,NULL,'Sickle Cell Daily Survey','Daily Survey To be completed for Sickle Cell disease patients'),(4035,'2017-08-13 05:01:00','2017-08-14 04:59:00',NULL,NULL,'pending','4001','{\"sequence\":[\"PI_DAILY\",\"MA\"],\"parentactivity\":\"CA3\"}','2017-04-12 15:00:00',NULL,NULL,'Sickle Cell Daily Survey','Daily Survey To be completed for Sickle Cell disease patients'),(4036,'2017-08-14 05:01:00','2017-08-15 04:59:00',NULL,NULL,'pending','4001','{\"sequence\":[\"PI_DAILY\",\"MA\"],\"parentactivity\":\"CA3\"}','2017-04-12 15:00:00',NULL,NULL,'Sickle Cell Daily Survey','Daily Survey To be completed for Sickle Cell disease patients'),(4037,'2017-08-15 05:01:00','2017-08-16 04:59:00',NULL,NULL,'pending','4001','{\"sequence\":[\"PI_DAILY\",\"MA\"],\"parentactivity\":\"CA3\"}','2017-04-12 15:00:00',NULL,NULL,'Sickle Cell Daily Survey','Daily Survey To be completed for Sickle Cell disease patients'),(4038,'2017-08-16 05:01:00','2017-08-17 04:59:00',NULL,NULL,'pending','4001','{\"sequence\":[\"PI_DAILY\",\"MA\"],\"parentactivity\":\"CA3\"}','2017-04-12 15:00:00',NULL,NULL,'Sickle Cell Daily Survey','Daily Survey To be completed for Sickle Cell disease patients'),(4039,'2017-08-17 05:01:00','2017-08-18 04:59:00',NULL,NULL,'pending','4001','{\"sequence\":[\"PI_DAILY\",\"MA\"],\"parentactivity\":\"CA3\"}','2017-04-12 15:00:00',NULL,NULL,'Sickle Cell Daily Survey','Daily Survey To be completed for Sickle Cell disease patients'),(4040,'2017-08-18 05:01:00','2017-08-19 04:59:00',NULL,NULL,'pending','4001','{\"sequence\":[\"PI_DAILY\",\"MA\"],\"parentactivity\":\"CA3\"}','2017-04-12 15:00:00',NULL,NULL,'Sickle Cell Daily Survey','Daily Survey To be completed for Sickle Cell disease patients'),(4041,'2017-08-19 05:01:00','2017-08-20 04:59:00',NULL,NULL,'pending','4001','{\"sequence\":[\"PI_DAILY\",\"MA\"],\"parentactivity\":\"CA3\"}','2017-04-12 15:00:00',NULL,NULL,'Sickle Cell Daily Survey','Daily Survey To be completed for Sickle Cell disease patients'),(4042,'2017-08-20 05:01:00','2017-08-21 04:59:00',NULL,NULL,'pending','4001','{\"sequence\":[\"PI_DAILY\",\"MA\"],\"parentactivity\":\"CA3\"}','2017-04-12 15:00:00',NULL,NULL,'Sickle Cell Daily Survey','Daily Survey To be completed for Sickle Cell disease patients'),(4043,'2017-08-21 05:01:00','2017-08-22 04:59:00',NULL,NULL,'pending','4001','{\"sequence\":[\"PI_DAILY\",\"MA\"],\"parentactivity\":\"CA3\"}','2017-04-12 15:00:00',NULL,NULL,'Sickle Cell Daily Survey','Daily Survey To be completed for Sickle Cell disease patients'),(4044,'2017-08-22 05:01:00','2017-08-23 04:59:00',NULL,NULL,'pending','4001','{\"sequence\":[\"PI_DAILY\",\"MA\"],\"parentactivity\":\"CA3\"}','2017-04-12 15:00:00',NULL,NULL,'Sickle Cell Daily Survey','Daily Survey To be completed for Sickle Cell disease patients'),(4045,'2017-08-23 05:01:00','2017-08-24 04:59:00',NULL,NULL,'pending','4001','{\"sequence\":[\"PI_DAILY\",\"MA\"],\"parentactivity\":\"CA3\"}','2017-04-12 15:00:00',NULL,NULL,'Sickle Cell Daily Survey','Daily Survey To be completed for Sickle Cell disease patients'),(4046,'2017-08-24 05:01:00','2017-08-25 04:59:00',NULL,NULL,'pending','4001','{\"sequence\":[\"PI_DAILY\",\"MA\"],\"parentactivity\":\"CA3\"}','2017-04-12 15:00:00',NULL,NULL,'Sickle Cell Daily Survey','Daily Survey To be completed for Sickle Cell disease patients'),(4047,'2017-08-25 05:01:00','2017-08-26 04:59:00',NULL,NULL,'pending','4001','{\"sequence\":[\"PI_DAILY\",\"MA\"],\"parentactivity\":\"CA3\"}','2017-04-12 15:00:00',NULL,NULL,'Sickle Cell Daily Survey','Daily Survey To be completed for Sickle Cell disease patients'),(4048,'2017-08-26 05:01:00','2017-08-27 04:59:00',NULL,NULL,'pending','4001','{\"sequence\":[\"PI_DAILY\",\"MA\"],\"parentactivity\":\"CA3\"}','2017-04-12 15:00:00',NULL,NULL,'Sickle Cell Daily Survey','Daily Survey To be completed for Sickle Cell disease patients'),(4049,'2017-08-27 05:01:00','2017-08-28 04:59:00',NULL,NULL,'pending','4001','{\"sequence\":[\"PI_DAILY\",\"MA\"],\"parentactivity\":\"CA3\"}','2017-04-12 15:00:00',NULL,NULL,'Sickle Cell Daily Survey','Daily Survey To be completed for Sickle Cell disease patients'),(4050,'2017-08-28 05:01:00','2017-08-29 04:59:00',NULL,NULL,'pending','4001','{\"sequence\":[\"PI_DAILY\",\"MA\"],\"parentactivity\":\"CA3\"}','2017-04-12 15:00:00',NULL,NULL,'Sickle Cell Daily Survey','Daily Survey To be completed for Sickle Cell disease patients'),(4051,'2017-08-29 05:01:00','2017-08-30 04:59:00',NULL,NULL,'pending','4001','{\"sequence\":[\"PI_DAILY\",\"MA\"],\"parentactivity\":\"CA3\"}','2017-04-12 15:00:00',NULL,NULL,'Sickle Cell Daily Survey','Daily Survey To be completed for Sickle Cell disease patients'),(4052,'2017-08-30 05:01:00','2017-08-31 04:59:00',NULL,NULL,'pending','4001','{\"sequence\":[\"PI_DAILY\",\"MA\"],\"parentactivity\":\"CA3\"}','2017-04-12 15:00:00',NULL,NULL,'Sickle Cell Daily Survey','Daily Survey To be completed for Sickle Cell disease patients'),(4053,'2017-08-31 05:01:00','2017-09-01 04:59:00',NULL,NULL,'pending','4001','{\"sequence\":[\"PI_DAILY\",\"MA\"],\"parentactivity\":\"CA3\"}','2017-04-12 15:00:00',NULL,NULL,'Sickle Cell Daily Survey','Daily Survey To be completed for Sickle Cell disease patients'),(4054,'2017-09-01 05:01:00','2017-09-02 04:59:00',NULL,NULL,'pending','4001','{\"sequence\":[\"PI_DAILY\",\"MA\"],\"parentactivity\":\"CA3\"}','2017-04-12 15:00:00',NULL,NULL,'Sickle Cell Daily Survey','Daily Survey To be completed for Sickle Cell disease patients'),(4055,'2017-09-02 05:01:00','2017-09-03 04:59:00',NULL,NULL,'pending','4001','{\"sequence\":[\"PI_DAILY\",\"MA\"],\"parentactivity\":\"CA3\"}','2017-04-12 15:00:00',NULL,NULL,'Sickle Cell Daily Survey','Daily Survey To be completed for Sickle Cell disease patients'),(4056,'2017-09-03 05:01:00','2017-09-04 04:59:00',NULL,NULL,'pending','4001','{\"sequence\":[\"PI_DAILY\",\"MA\"],\"parentactivity\":\"CA3\"}','2017-04-12 15:00:00',NULL,NULL,'Sickle Cell Daily Survey','Daily Survey To be completed for Sickle Cell disease patients'),(4057,'2017-09-04 05:01:00','2017-09-05 04:59:00',NULL,NULL,'pending','4001','{\"sequence\":[\"PI_DAILY\",\"MA\"],\"parentactivity\":\"CA3\"}','2017-04-12 15:00:00',NULL,NULL,'Sickle Cell Daily Survey','Daily Survey To be completed for Sickle Cell disease patients'),(4058,'2017-09-05 05:01:00','2017-09-06 04:59:00',NULL,NULL,'pending','4001','{\"sequence\":[\"PI_DAILY\",\"MA\"],\"parentactivity\":\"CA3\"}','2017-04-12 15:00:00',NULL,NULL,'Sickle Cell Daily Survey','Daily Survey To be completed for Sickle Cell disease patients'),(4059,'2017-09-06 05:01:00','2017-09-07 04:59:00',NULL,NULL,'pending','4001','{\"sequence\":[\"PI_DAILY\",\"MA\"],\"parentactivity\":\"CA3\"}','2017-04-12 15:00:00',NULL,NULL,'Sickle Cell Daily Survey','Daily Survey To be completed for Sickle Cell disease patients'),(4060,'2017-09-07 05:01:00','2017-09-08 04:59:00',NULL,NULL,'pending','4001','{\"sequence\":[\"PI_DAILY\",\"MA\"],\"parentactivity\":\"CA3\"}','2017-04-12 15:00:00',NULL,NULL,'Sickle Cell Daily Survey','Daily Survey To be completed for Sickle Cell disease patients'),(4061,'2017-09-08 05:01:00','2017-09-09 04:59:00',NULL,NULL,'pending','4001','{\"sequence\":[\"PI_DAILY\",\"MA\"],\"parentactivity\":\"CA3\"}','2017-04-12 15:00:00',NULL,NULL,'Sickle Cell Daily Survey','Daily Survey To be completed for Sickle Cell disease patients'),(4062,'2017-09-09 05:01:00','2017-09-10 04:59:00',NULL,NULL,'pending','4001','{\"sequence\":[\"PI_DAILY\",\"MA\"],\"parentactivity\":\"CA3\"}','2017-04-12 15:00:00',NULL,NULL,'Sickle Cell Daily Survey','Daily Survey To be completed for Sickle Cell disease patients'),(4063,'2017-09-10 05:01:00','2017-09-11 04:59:00',NULL,NULL,'pending','4001','{\"sequence\":[\"PI_DAILY\",\"MA\"],\"parentactivity\":\"CA3\"}','2017-04-12 15:00:00',NULL,NULL,'Sickle Cell Daily Survey','Daily Survey To be completed for Sickle Cell disease patients'),(4064,'2017-09-11 05:01:00','2017-09-12 04:59:00',NULL,NULL,'pending','4001','{\"sequence\":[\"PI_DAILY\",\"MA\"],\"parentactivity\":\"CA3\"}','2017-04-12 15:00:00',NULL,NULL,'Sickle Cell Daily Survey','Daily Survey To be completed for Sickle Cell disease patients'),(4065,'2017-09-12 05:01:00','2017-09-13 04:59:00',NULL,NULL,'pending','4001','{\"sequence\":[\"PI_DAILY\",\"MA\"],\"parentactivity\":\"CA3\"}','2017-04-12 15:00:00',NULL,NULL,'Sickle Cell Daily Survey','Daily Survey To be completed for Sickle Cell disease patients'),(4066,'2017-09-13 05:01:00','2017-09-14 04:59:00',NULL,NULL,'pending','4001','{\"sequence\":[\"PI_DAILY\",\"MA\"],\"parentactivity\":\"CA3\"}','2017-04-12 15:00:00',NULL,NULL,'Sickle Cell Daily Survey','Daily Survey To be completed for Sickle Cell disease patients'),(4067,'2017-09-14 05:01:00','2017-09-15 04:59:00',NULL,NULL,'pending','4001','{\"sequence\":[\"PI_DAILY\",\"MA\"],\"parentactivity\":\"CA3\"}','2017-04-12 15:00:00',NULL,NULL,'Sickle Cell Daily Survey','Daily Survey To be completed for Sickle Cell disease patients'),(4068,'2017-09-15 05:01:00','2017-09-16 04:59:00',NULL,NULL,'pending','4001','{\"sequence\":[\"PI_DAILY\",\"MA\"],\"parentactivity\":\"CA3\"}','2017-04-12 15:00:00',NULL,NULL,'Sickle Cell Daily Survey','Daily Survey To be completed for Sickle Cell disease patients'),(4069,'2017-09-16 05:01:00','2017-09-17 04:59:00',NULL,NULL,'pending','4001','{\"sequence\":[\"PI_DAILY\",\"MA\"],\"parentactivity\":\"CA3\"}','2017-04-12 15:00:00',NULL,NULL,'Sickle Cell Daily Survey','Daily Survey To be completed for Sickle Cell disease patients'),(4070,'2017-09-17 05:01:00','2017-09-18 04:59:00',NULL,NULL,'pending','4001','{\"sequence\":[\"PI_DAILY\",\"MA\"],\"parentactivity\":\"CA3\"}','2017-04-12 15:00:00',NULL,NULL,'Sickle Cell Daily Survey','Daily Survey To be completed for Sickle Cell disease patients'),(4071,'2017-09-18 05:01:00','2017-09-19 04:59:00',NULL,NULL,'pending','4001','{\"sequence\":[\"PI_DAILY\",\"MA\"],\"parentactivity\":\"CA3\"}','2017-04-12 15:00:00',NULL,NULL,'Sickle Cell Daily Survey','Daily Survey To be completed for Sickle Cell disease patients'),(4072,'2017-09-19 05:01:00','2017-09-20 04:59:00',NULL,NULL,'pending','4001','{\"sequence\":[\"PI_DAILY\",\"MA\"],\"parentactivity\":\"CA3\"}','2017-04-12 15:00:00',NULL,NULL,'Sickle Cell Daily Survey','Daily Survey To be completed for Sickle Cell disease patients'),(4073,'2017-09-20 05:01:00','2017-09-21 04:59:00',NULL,NULL,'pending','4001','{\"sequence\":[\"PI_DAILY\",\"MA\"],\"parentactivity\":\"CA3\"}','2017-04-12 15:00:00',NULL,NULL,'Sickle Cell Daily Survey','Daily Survey To be completed for Sickle Cell disease patients'),(4074,'2017-09-21 05:01:00','2017-09-22 04:59:00',NULL,NULL,'pending','4001','{\"sequence\":[\"PI_DAILY\",\"MA\"],\"parentactivity\":\"CA3\"}','2017-04-12 15:00:00',NULL,NULL,'Sickle Cell Daily Survey','Daily Survey To be completed for Sickle Cell disease patients'),(4075,'2017-09-22 05:01:00','2017-09-23 04:59:00',NULL,NULL,'pending','4001','{\"sequence\":[\"PI_DAILY\",\"MA\"],\"parentactivity\":\"CA3\"}','2017-04-12 15:00:00',NULL,NULL,'Sickle Cell Daily Survey','Daily Survey To be completed for Sickle Cell disease patients'),(4076,'2017-09-23 05:01:00','2017-09-24 04:59:00',NULL,NULL,'pending','4001','{\"sequence\":[\"PI_DAILY\",\"MA\"],\"parentactivity\":\"CA3\"}','2017-04-12 15:00:00',NULL,NULL,'Sickle Cell Daily Survey','Daily Survey To be completed for Sickle Cell disease patients'),(4077,'2017-09-24 05:01:00','2017-09-25 04:59:00',NULL,NULL,'pending','4001','{\"sequence\":[\"PI_DAILY\",\"MA\"],\"parentactivity\":\"CA3\"}','2017-04-12 15:00:00',NULL,NULL,'Sickle Cell Daily Survey','Daily Survey To be completed for Sickle Cell disease patients'),(4078,'2017-09-25 05:01:00','2017-09-26 04:59:00',NULL,NULL,'pending','4001','{\"sequence\":[\"PI_DAILY\",\"MA\"],\"parentactivity\":\"CA3\"}','2017-04-12 15:00:00',NULL,NULL,'Sickle Cell Daily Survey','Daily Survey To be completed for Sickle Cell disease patients'),(4079,'2017-09-26 05:01:00','2017-09-27 04:59:00',NULL,NULL,'pending','4001','{\"sequence\":[\"PI_DAILY\",\"MA\"],\"parentactivity\":\"CA3\"}','2017-04-12 15:00:00',NULL,NULL,'Sickle Cell Daily Survey','Daily Survey To be completed for Sickle Cell disease patients'),(4080,'2017-09-27 05:01:00','2017-09-28 04:59:00',NULL,NULL,'pending','4001','{\"sequence\":[\"PI_DAILY\",\"MA\"],\"parentactivity\":\"CA3\"}','2017-04-12 15:00:00',NULL,NULL,'Sickle Cell Daily Survey','Daily Survey To be completed for Sickle Cell disease patients'),(4081,'2017-09-28 05:01:00','2017-09-29 04:59:00',NULL,NULL,'pending','4001','{\"sequence\":[\"PI_DAILY\",\"MA\"],\"parentactivity\":\"CA3\"}','2017-04-12 15:00:00',NULL,NULL,'Sickle Cell Daily Survey','Daily Survey To be completed for Sickle Cell disease patients'),(4082,'2017-09-29 05:01:00','2017-09-30 04:59:00',NULL,NULL,'pending','4001','{\"sequence\":[\"PI_DAILY\",\"MA\"],\"parentactivity\":\"CA3\"}','2017-04-12 15:00:00',NULL,NULL,'Sickle Cell Daily Survey','Daily Survey To be completed for Sickle Cell disease patients'),(4083,'2017-09-30 05:01:00','2017-10-01 04:59:00',NULL,NULL,'pending','4001','{\"sequence\":[\"PI_DAILY\",\"MA\"],\"parentactivity\":\"CA3\"}','2017-04-12 15:00:00',NULL,NULL,'Sickle Cell Daily Survey','Daily Survey To be completed for Sickle Cell disease patients'),(4084,'2017-10-01 05:01:00','2017-10-02 04:59:00',NULL,NULL,'pending','4001','{\"sequence\":[\"PI_DAILY\",\"MA\"],\"parentactivity\":\"CA3\"}','2017-04-12 15:00:00',NULL,NULL,'Sickle Cell Daily Survey','Daily Survey To be completed for Sickle Cell disease patients'),(4085,'2017-10-02 05:01:00','2017-10-03 04:59:00',NULL,NULL,'pending','4001','{\"sequence\":[\"PI_DAILY\",\"MA\"],\"parentactivity\":\"CA3\"}','2017-04-12 15:00:00',NULL,NULL,'Sickle Cell Daily Survey','Daily Survey To be completed for Sickle Cell disease patients'),(4086,'2017-10-03 05:01:00','2017-10-04 04:59:00',NULL,NULL,'pending','4001','{\"sequence\":[\"PI_DAILY\",\"MA\"],\"parentactivity\":\"CA3\"}','2017-04-12 15:00:00',NULL,NULL,'Sickle Cell Daily Survey','Daily Survey To be completed for Sickle Cell disease patients'),(4087,'2017-10-04 05:01:00','2017-10-05 04:59:00',NULL,NULL,'pending','4001','{\"sequence\":[\"PI_DAILY\",\"MA\"],\"parentactivity\":\"CA3\"}','2017-04-12 15:00:00',NULL,NULL,'Sickle Cell Daily Survey','Daily Survey To be completed for Sickle Cell disease patients'),(4088,'2017-10-05 05:01:00','2017-10-06 04:59:00',NULL,NULL,'pending','4001','{\"sequence\":[\"PI_DAILY\",\"MA\"],\"parentactivity\":\"CA3\"}','2017-04-12 15:00:00',NULL,NULL,'Sickle Cell Daily Survey','Daily Survey To be completed for Sickle Cell disease patients'),(4089,'2017-10-06 05:01:00','2017-10-07 04:59:00',NULL,NULL,'pending','4001','{\"sequence\":[\"PI_DAILY\",\"MA\"],\"parentactivity\":\"CA3\"}','2017-04-12 15:00:00',NULL,NULL,'Sickle Cell Daily Survey','Daily Survey To be completed for Sickle Cell disease patients'),(4090,'2017-10-07 05:01:00','2017-10-08 04:59:00',NULL,NULL,'pending','4001','{\"sequence\":[\"PI_DAILY\",\"MA\"],\"parentactivity\":\"CA3\"}','2017-04-12 15:00:00',NULL,NULL,'Sickle Cell Daily Survey','Daily Survey To be completed for Sickle Cell disease patients'),(4091,'2017-10-08 05:01:00','2017-10-09 04:59:00',NULL,NULL,'pending','4001','{\"sequence\":[\"PI_DAILY\",\"MA\"],\"parentactivity\":\"CA3\"}','2017-04-12 15:00:00',NULL,NULL,'Sickle Cell Daily Survey','Daily Survey To be completed for Sickle Cell disease patients'),(4092,'2017-10-09 05:01:00','2017-10-10 04:59:00',NULL,NULL,'pending','4001','{\"sequence\":[\"PI_DAILY\",\"MA\"],\"parentactivity\":\"CA3\"}','2017-04-12 15:00:00',NULL,NULL,'Sickle Cell Daily Survey','Daily Survey To be completed for Sickle Cell disease patients'),(4093,'2017-10-10 05:01:00','2017-10-11 04:59:00',NULL,NULL,'pending','4001','{\"sequence\":[\"PI_DAILY\",\"MA\"],\"parentactivity\":\"CA3\"}','2017-04-12 15:00:00',NULL,NULL,'Sickle Cell Daily Survey','Daily Survey To be completed for Sickle Cell disease patients'),(4094,'2017-10-11 05:01:00','2017-10-12 04:59:00',NULL,NULL,'pending','4001','{\"sequence\":[\"PI_DAILY\",\"MA\"],\"parentactivity\":\"CA3\"}','2017-04-12 15:00:00',NULL,NULL,'Sickle Cell Daily Survey','Daily Survey To be completed for Sickle Cell disease patients'),(4095,'2017-10-12 05:01:00','2017-10-13 04:59:00',NULL,NULL,'pending','4001','{\"sequence\":[\"PI_DAILY\",\"MA\"],\"parentactivity\":\"CA3\"}','2017-04-12 15:00:00',NULL,NULL,'Sickle Cell Daily Survey','Daily Survey To be completed for Sickle Cell disease patients'),(4096,'2017-10-13 05:01:00','2017-10-14 04:59:00',NULL,NULL,'pending','4001','{\"sequence\":[\"PI_DAILY\",\"MA\"],\"parentactivity\":\"CA3\"}','2017-04-12 15:00:00',NULL,NULL,'Sickle Cell Daily Survey','Daily Survey To be completed for Sickle Cell disease patients'),(4097,'2017-10-14 05:01:00','2017-10-15 04:59:00',NULL,NULL,'pending','4001','{\"sequence\":[\"PI_DAILY\",\"MA\"],\"parentactivity\":\"CA3\"}','2017-04-12 15:00:00',NULL,NULL,'Sickle Cell Daily Survey','Daily Survey To be completed for Sickle Cell disease patients'),(4098,'2017-10-15 05:01:00','2017-10-16 04:59:00',NULL,NULL,'pending','4001','{\"sequence\":[\"PI_DAILY\",\"MA\"],\"parentactivity\":\"CA3\"}','2017-04-12 15:00:00',NULL,NULL,'Sickle Cell Daily Survey','Daily Survey To be completed for Sickle Cell disease patients'),(4099,'2017-10-16 05:01:00','2017-10-17 04:59:00',NULL,NULL,'pending','4001','{\"sequence\":[\"PI_DAILY\",\"MA\"],\"parentactivity\":\"CA3\"}','2017-04-12 15:00:00',NULL,NULL,'Sickle Cell Daily Survey','Daily Survey To be completed for Sickle Cell disease patients'),(4100,'2017-10-17 05:01:00','2017-10-18 04:59:00',NULL,NULL,'pending','4001','{\"sequence\":[\"PI_DAILY\",\"MA\"],\"parentactivity\":\"CA3\"}','2017-04-12 15:00:00',NULL,NULL,'Sickle Cell Daily Survey','Daily Survey To be completed for Sickle Cell disease patients'),(4101,'2017-10-18 05:01:00','2017-10-19 04:59:00',NULL,NULL,'pending','4001','{\"sequence\":[\"PI_DAILY\",\"MA\"],\"parentactivity\":\"CA3\"}','2017-04-12 15:00:00',NULL,NULL,'Sickle Cell Daily Survey','Daily Survey To be completed for Sickle Cell disease patients'),(4102,'2017-10-19 05:01:00','2017-10-20 04:59:00',NULL,NULL,'pending','4001','{\"sequence\":[\"PI_DAILY\",\"MA\"],\"parentactivity\":\"CA3\"}','2017-04-12 15:00:00',NULL,NULL,'Sickle Cell Daily Survey','Daily Survey To be completed for Sickle Cell disease patients'),(4103,'2017-10-20 05:01:00','2017-10-21 04:59:00',NULL,NULL,'pending','4001','{\"sequence\":[\"PI_DAILY\",\"MA\"],\"parentactivity\":\"CA3\"}','2017-04-12 15:00:00',NULL,NULL,'Sickle Cell Daily Survey','Daily Survey To be completed for Sickle Cell disease patients'),(4104,'2017-10-21 05:01:00','2017-10-22 04:59:00',NULL,NULL,'pending','4001','{\"sequence\":[\"PI_DAILY\",\"MA\"],\"parentactivity\":\"CA3\"}','2017-04-12 15:00:00',NULL,NULL,'Sickle Cell Daily Survey','Daily Survey To be completed for Sickle Cell disease patients'),(4105,'2017-10-22 05:01:00','2017-10-23 04:59:00',NULL,NULL,'pending','4001','{\"sequence\":[\"PI_DAILY\",\"MA\"],\"parentactivity\":\"CA3\"}','2017-04-12 15:00:00',NULL,NULL,'Sickle Cell Daily Survey','Daily Survey To be completed for Sickle Cell disease patients'),(4106,'2017-10-23 05:01:00','2017-10-24 04:59:00',NULL,NULL,'pending','4001','{\"sequence\":[\"PI_DAILY\",\"MA\"],\"parentactivity\":\"CA3\"}','2017-04-12 15:00:00',NULL,NULL,'Sickle Cell Daily Survey','Daily Survey To be completed for Sickle Cell disease patients'),(4107,'2017-10-24 05:01:00','2017-10-25 04:59:00',NULL,NULL,'pending','4001','{\"sequence\":[\"PI_DAILY\",\"MA\"],\"parentactivity\":\"CA3\"}','2017-04-12 15:00:00',NULL,NULL,'Sickle Cell Daily Survey','Daily Survey To be completed for Sickle Cell disease patients'),(4108,'2017-10-25 05:01:00','2017-10-26 04:59:00',NULL,NULL,'pending','4001','{\"sequence\":[\"PI_DAILY\",\"MA\"],\"parentactivity\":\"CA3\"}','2017-04-12 15:00:00',NULL,NULL,'Sickle Cell Daily Survey','Daily Survey To be completed for Sickle Cell disease patients'),(4109,'2017-10-26 05:01:00','2017-10-27 04:59:00',NULL,NULL,'pending','4001','{\"sequence\":[\"PI_DAILY\",\"MA\"],\"parentactivity\":\"CA3\"}','2017-04-12 15:00:00',NULL,NULL,'Sickle Cell Daily Survey','Daily Survey To be completed for Sickle Cell disease patients'),(4110,'2017-10-27 05:01:00','2017-10-28 04:59:00',NULL,NULL,'pending','4001','{\"sequence\":[\"PI_DAILY\",\"MA\"],\"parentactivity\":\"CA3\"}','2017-04-12 15:00:00',NULL,NULL,'Sickle Cell Daily Survey','Daily Survey To be completed for Sickle Cell disease patients'),(4111,'2017-10-28 05:01:00','2017-10-29 04:59:00',NULL,NULL,'pending','4001','{\"sequence\":[\"PI_DAILY\",\"MA\"],\"parentactivity\":\"CA3\"}','2017-04-12 15:00:00',NULL,NULL,'Sickle Cell Daily Survey','Daily Survey To be completed for Sickle Cell disease patients'),(4112,'2017-10-29 05:01:00','2017-10-30 04:59:00',NULL,NULL,'pending','4001','{\"sequence\":[\"PI_DAILY\",\"MA\"],\"parentactivity\":\"CA3\"}','2017-04-12 15:00:00',NULL,NULL,'Sickle Cell Daily Survey','Daily Survey To be completed for Sickle Cell disease patients'),(4113,'2017-10-30 05:01:00','2017-10-31 04:59:00',NULL,NULL,'pending','4001','{\"sequence\":[\"PI_DAILY\",\"MA\"],\"parentactivity\":\"CA3\"}','2017-04-12 15:00:00',NULL,NULL,'Sickle Cell Daily Survey','Daily Survey To be completed for Sickle Cell disease patients'),(4114,'2017-10-31 05:01:00','2017-11-01 04:59:00',NULL,NULL,'pending','4001','{\"sequence\":[\"PI_DAILY\",\"MA\"],\"parentactivity\":\"CA3\"}','2017-04-12 15:00:00',NULL,NULL,'Sickle Cell Daily Survey','Daily Survey To be completed for Sickle Cell disease patients'),(4115,'2017-11-01 05:01:00','2017-11-02 04:59:00',NULL,NULL,'pending','4001','{\"sequence\":[\"PI_DAILY\",\"MA\"],\"parentactivity\":\"CA3\"}','2017-04-12 15:00:00',NULL,NULL,'Sickle Cell Daily Survey','Daily Survey To be completed for Sickle Cell disease patients'),(4116,'2017-11-02 05:01:00','2017-11-03 04:59:00',NULL,NULL,'pending','4001','{\"sequence\":[\"PI_DAILY\",\"MA\"],\"parentactivity\":\"CA3\"}','2017-04-12 15:00:00',NULL,NULL,'Sickle Cell Daily Survey','Daily Survey To be completed for Sickle Cell disease patients'),(4117,'2017-11-03 05:01:00','2017-11-04 04:59:00',NULL,NULL,'pending','4001','{\"sequence\":[\"PI_DAILY\",\"MA\"],\"parentactivity\":\"CA3\"}','2017-04-12 15:00:00',NULL,NULL,'Sickle Cell Daily Survey','Daily Survey To be completed for Sickle Cell disease patients'),(4118,'2017-11-04 05:01:00','2017-11-05 04:59:00',NULL,NULL,'pending','4001','{\"sequence\":[\"PI_DAILY\",\"MA\"],\"parentactivity\":\"CA3\"}','2017-04-12 15:00:00',NULL,NULL,'Sickle Cell Daily Survey','Daily Survey To be completed for Sickle Cell disease patients'),(4119,'2017-11-05 05:01:00','2017-11-06 04:59:00',NULL,NULL,'pending','4001','{\"sequence\":[\"PI_DAILY\",\"MA\"],\"parentactivity\":\"CA3\"}','2017-04-12 15:00:00',NULL,NULL,'Sickle Cell Daily Survey','Daily Survey To be completed for Sickle Cell disease patients'),(4120,'2017-11-06 05:01:00','2017-11-07 04:59:00',NULL,NULL,'pending','4001','{\"sequence\":[\"PI_DAILY\",\"MA\"],\"parentactivity\":\"CA3\"}','2017-04-12 15:00:00',NULL,NULL,'Sickle Cell Daily Survey','Daily Survey To be completed for Sickle Cell disease patients'),(4121,'2017-11-07 05:01:00','2017-11-08 04:59:00',NULL,NULL,'pending','4001','{\"sequence\":[\"PI_DAILY\",\"MA\"],\"parentactivity\":\"CA3\"}','2017-04-12 15:00:00',NULL,NULL,'Sickle Cell Daily Survey','Daily Survey To be completed for Sickle Cell disease patients'),(4122,'2017-11-08 05:01:00','2017-11-09 04:59:00',NULL,NULL,'pending','4001','{\"sequence\":[\"PI_DAILY\",\"MA\"],\"parentactivity\":\"CA3\"}','2017-04-12 15:00:00',NULL,NULL,'Sickle Cell Daily Survey','Daily Survey To be completed for Sickle Cell disease patients'),(4123,'2017-11-09 05:01:00','2017-11-10 04:59:00',NULL,NULL,'pending','4001','{\"sequence\":[\"PI_DAILY\",\"MA\"],\"parentactivity\":\"CA3\"}','2017-04-12 15:00:00',NULL,NULL,'Sickle Cell Daily Survey','Daily Survey To be completed for Sickle Cell disease patients'),(4124,'2017-11-10 05:01:00','2017-11-11 04:59:00',NULL,NULL,'pending','4001','{\"sequence\":[\"PI_DAILY\",\"MA\"],\"parentactivity\":\"CA3\"}','2017-04-12 15:00:00',NULL,NULL,'Sickle Cell Daily Survey','Daily Survey To be completed for Sickle Cell disease patients'),(4125,'2017-11-11 05:01:00','2017-11-12 04:59:00',NULL,NULL,'pending','4001','{\"sequence\":[\"PI_DAILY\",\"MA\"],\"parentactivity\":\"CA3\"}','2017-04-12 15:00:00',NULL,NULL,'Sickle Cell Daily Survey','Daily Survey To be completed for Sickle Cell disease patients'),(4126,'2017-11-12 05:01:00','2017-11-13 04:59:00',NULL,NULL,'pending','4001','{\"sequence\":[\"PI_DAILY\",\"MA\"],\"parentactivity\":\"CA3\"}','2017-04-12 15:00:00',NULL,NULL,'Sickle Cell Daily Survey','Daily Survey To be completed for Sickle Cell disease patients'),(4127,'2017-11-13 05:01:00','2017-11-14 04:59:00',NULL,NULL,'pending','4001','{\"sequence\":[\"PI_DAILY\",\"MA\"],\"parentactivity\":\"CA3\"}','2017-04-12 15:00:00',NULL,NULL,'Sickle Cell Daily Survey','Daily Survey To be completed for Sickle Cell disease patients'),(4128,'2017-11-14 05:01:00','2017-11-15 04:59:00',NULL,NULL,'pending','4001','{\"sequence\":[\"PI_DAILY\",\"MA\"],\"parentactivity\":\"CA3\"}','2017-04-12 15:00:00',NULL,NULL,'Sickle Cell Daily Survey','Daily Survey To be completed for Sickle Cell disease patients'),(4129,'2017-11-15 05:01:00','2017-11-16 04:59:00',NULL,NULL,'pending','4001','{\"sequence\":[\"PI_DAILY\",\"MA\"],\"parentactivity\":\"CA3\"}','2017-04-12 15:00:00',NULL,NULL,'Sickle Cell Daily Survey','Daily Survey To be completed for Sickle Cell disease patients'),(4130,'2017-11-16 05:01:00','2017-11-17 04:59:00',NULL,NULL,'pending','4001','{\"sequence\":[\"PI_DAILY\",\"MA\"],\"parentactivity\":\"CA3\"}','2017-04-12 15:00:00',NULL,NULL,'Sickle Cell Daily Survey','Daily Survey To be completed for Sickle Cell disease patients'),(4131,'2017-11-17 05:01:00','2017-11-18 04:59:00',NULL,NULL,'pending','4001','{\"sequence\":[\"PI_DAILY\",\"MA\"],\"parentactivity\":\"CA3\"}','2017-04-12 15:00:00',NULL,NULL,'Sickle Cell Daily Survey','Daily Survey To be completed for Sickle Cell disease patients'),(4132,'2017-11-18 05:01:00','2017-11-19 04:59:00',NULL,NULL,'pending','4001','{\"sequence\":[\"PI_DAILY\",\"MA\"],\"parentactivity\":\"CA3\"}','2017-04-12 15:00:00',NULL,NULL,'Sickle Cell Daily Survey','Daily Survey To be completed for Sickle Cell disease patients'),(4133,'2017-11-19 05:01:00','2017-11-20 04:59:00',NULL,NULL,'pending','4001','{\"sequence\":[\"PI_DAILY\",\"MA\"],\"parentactivity\":\"CA3\"}','2017-04-12 15:00:00',NULL,NULL,'Sickle Cell Daily Survey','Daily Survey To be completed for Sickle Cell disease patients'),(4134,'2017-11-20 05:01:00','2017-11-21 04:59:00',NULL,NULL,'pending','4001','{\"sequence\":[\"PI_DAILY\",\"MA\"],\"parentactivity\":\"CA3\"}','2017-04-12 15:00:00',NULL,NULL,'Sickle Cell Daily Survey','Daily Survey To be completed for Sickle Cell disease patients'),(4135,'2017-11-21 05:01:00','2017-11-22 04:59:00',NULL,NULL,'pending','4001','{\"sequence\":[\"PI_DAILY\",\"MA\"],\"parentactivity\":\"CA3\"}','2017-04-12 15:00:00',NULL,NULL,'Sickle Cell Daily Survey','Daily Survey To be completed for Sickle Cell disease patients'),(4136,'2017-11-22 05:01:00','2017-11-23 04:59:00',NULL,NULL,'pending','4001','{\"sequence\":[\"PI_DAILY\",\"MA\"],\"parentactivity\":\"CA3\"}','2017-04-12 15:00:00',NULL,NULL,'Sickle Cell Daily Survey','Daily Survey To be completed for Sickle Cell disease patients'),(4137,'2017-11-23 05:01:00','2017-11-24 04:59:00',NULL,NULL,'pending','4001','{\"sequence\":[\"PI_DAILY\",\"MA\"],\"parentactivity\":\"CA3\"}','2017-04-12 15:00:00',NULL,NULL,'Sickle Cell Daily Survey','Daily Survey To be completed for Sickle Cell disease patients'),(4138,'2017-11-24 05:01:00','2017-11-25 04:59:00',NULL,NULL,'pending','4001','{\"sequence\":[\"PI_DAILY\",\"MA\"],\"parentactivity\":\"CA3\"}','2017-04-12 15:00:00',NULL,NULL,'Sickle Cell Daily Survey','Daily Survey To be completed for Sickle Cell disease patients'),(4139,'2017-11-25 05:01:00','2017-11-26 04:59:00',NULL,NULL,'pending','4001','{\"sequence\":[\"PI_DAILY\",\"MA\"],\"parentactivity\":\"CA3\"}','2017-04-12 15:00:00',NULL,NULL,'Sickle Cell Daily Survey','Daily Survey To be completed for Sickle Cell disease patients'),(4140,'2017-11-26 05:01:00','2017-11-27 04:59:00',NULL,NULL,'pending','4001','{\"sequence\":[\"PI_DAILY\",\"MA\"],\"parentactivity\":\"CA3\"}','2017-04-12 15:00:00',NULL,NULL,'Sickle Cell Daily Survey','Daily Survey To be completed for Sickle Cell disease patients'),(4141,'2017-11-27 05:01:00','2017-11-28 04:59:00',NULL,NULL,'pending','4001','{\"sequence\":[\"PI_DAILY\",\"MA\"],\"parentactivity\":\"CA3\"}','2017-04-12 15:00:00',NULL,NULL,'Sickle Cell Daily Survey','Daily Survey To be completed for Sickle Cell disease patients'),(4142,'2017-11-28 05:01:00','2017-11-29 04:59:00',NULL,NULL,'pending','4001','{\"sequence\":[\"PI_DAILY\",\"MA\"],\"parentactivity\":\"CA3\"}','2017-04-12 15:00:00',NULL,NULL,'Sickle Cell Daily Survey','Daily Survey To be completed for Sickle Cell disease patients'),(4143,'2017-11-29 05:01:00','2017-11-30 04:59:00',NULL,NULL,'pending','4001','{\"sequence\":[\"PI_DAILY\",\"MA\"],\"parentactivity\":\"CA3\"}','2017-04-12 15:00:00',NULL,NULL,'Sickle Cell Daily Survey','Daily Survey To be completed for Sickle Cell disease patients'),(4144,'2017-11-30 05:01:00','2017-12-01 04:59:00',NULL,NULL,'pending','4001','{\"sequence\":[\"PI_DAILY\",\"MA\"],\"parentactivity\":\"CA3\"}','2017-04-12 15:00:00',NULL,NULL,'Sickle Cell Daily Survey','Daily Survey To be completed for Sickle Cell disease patients'),(4145,'2017-12-01 05:01:00','2017-12-02 04:59:00',NULL,NULL,'pending','4001','{\"sequence\":[\"PI_DAILY\",\"MA\"],\"parentactivity\":\"CA3\"}','2017-04-12 15:00:00',NULL,NULL,'Sickle Cell Daily Survey','Daily Survey To be completed for Sickle Cell disease patients'),(4146,'2017-12-02 05:01:00','2017-12-03 04:59:00',NULL,NULL,'pending','4001','{\"sequence\":[\"PI_DAILY\",\"MA\"],\"parentactivity\":\"CA3\"}','2017-04-12 15:00:00',NULL,NULL,'Sickle Cell Daily Survey','Daily Survey To be completed for Sickle Cell disease patients'),(4147,'2017-12-03 05:01:00','2017-12-04 04:59:00',NULL,NULL,'pending','4001','{\"sequence\":[\"PI_DAILY\",\"MA\"],\"parentactivity\":\"CA3\"}','2017-04-12 15:00:00',NULL,NULL,'Sickle Cell Daily Survey','Daily Survey To be completed for Sickle Cell disease patients'),(4148,'2017-12-04 05:01:00','2017-12-05 04:59:00',NULL,NULL,'pending','4001','{\"sequence\":[\"PI_DAILY\",\"MA\"],\"parentactivity\":\"CA3\"}','2017-04-12 15:00:00',NULL,NULL,'Sickle Cell Daily Survey','Daily Survey To be completed for Sickle Cell disease patients'),(4149,'2017-12-05 05:01:00','2017-12-06 04:59:00',NULL,NULL,'pending','4001','{\"sequence\":[\"PI_DAILY\",\"MA\"],\"parentactivity\":\"CA3\"}','2017-04-12 15:00:00',NULL,NULL,'Sickle Cell Daily Survey','Daily Survey To be completed for Sickle Cell disease patients'),(4150,'2017-12-06 05:01:00','2017-12-07 04:59:00',NULL,NULL,'pending','4001','{\"sequence\":[\"PI_DAILY\",\"MA\"],\"parentactivity\":\"CA3\"}','2017-04-12 15:00:00',NULL,NULL,'Sickle Cell Daily Survey','Daily Survey To be completed for Sickle Cell disease patients'),(4151,'2017-12-07 05:01:00','2017-12-08 04:59:00',NULL,NULL,'pending','4001','{\"sequence\":[\"PI_DAILY\",\"MA\"],\"parentactivity\":\"CA3\"}','2017-04-12 15:00:00',NULL,NULL,'Sickle Cell Daily Survey','Daily Survey To be completed for Sickle Cell disease patients'),(4152,'2017-12-08 05:01:00','2017-12-09 04:59:00',NULL,NULL,'pending','4001','{\"sequence\":[\"PI_DAILY\",\"MA\"],\"parentactivity\":\"CA3\"}','2017-04-12 15:00:00',NULL,NULL,'Sickle Cell Daily Survey','Daily Survey To be completed for Sickle Cell disease patients'),(4153,'2017-12-09 05:01:00','2017-12-10 04:59:00',NULL,NULL,'pending','4001','{\"sequence\":[\"PI_DAILY\",\"MA\"],\"parentactivity\":\"CA3\"}','2017-04-12 15:00:00',NULL,NULL,'Sickle Cell Daily Survey','Daily Survey To be completed for Sickle Cell disease patients'),(4154,'2017-12-10 05:01:00','2017-12-11 04:59:00',NULL,NULL,'pending','4001','{\"sequence\":[\"PI_DAILY\",\"MA\"],\"parentactivity\":\"CA3\"}','2017-04-12 15:00:00',NULL,NULL,'Sickle Cell Daily Survey','Daily Survey To be completed for Sickle Cell disease patients'),(4155,'2017-12-11 05:01:00','2017-12-12 04:59:00',NULL,NULL,'pending','4001','{\"sequence\":[\"PI_DAILY\",\"MA\"],\"parentactivity\":\"CA3\"}','2017-04-12 15:00:00',NULL,NULL,'Sickle Cell Daily Survey','Daily Survey To be completed for Sickle Cell disease patients'),(4156,'2017-12-12 05:01:00','2017-12-13 04:59:00',NULL,NULL,'pending','4001','{\"sequence\":[\"PI_DAILY\",\"MA\"],\"parentactivity\":\"CA3\"}','2017-04-12 15:00:00',NULL,NULL,'Sickle Cell Daily Survey','Daily Survey To be completed for Sickle Cell disease patients'),(4157,'2017-12-13 05:01:00','2017-12-14 04:59:00',NULL,NULL,'pending','4001','{\"sequence\":[\"PI_DAILY\",\"MA\"],\"parentactivity\":\"CA3\"}','2017-04-12 15:00:00',NULL,NULL,'Sickle Cell Daily Survey','Daily Survey To be completed for Sickle Cell disease patients'),(4158,'2017-12-14 05:01:00','2017-12-15 04:59:00',NULL,NULL,'pending','4001','{\"sequence\":[\"PI_DAILY\",\"MA\"],\"parentactivity\":\"CA3\"}','2017-04-12 15:00:00',NULL,NULL,'Sickle Cell Daily Survey','Daily Survey To be completed for Sickle Cell disease patients'),(4159,'2017-12-15 05:01:00','2017-12-16 04:59:00',NULL,NULL,'pending','4001','{\"sequence\":[\"PI_DAILY\",\"MA\"],\"parentactivity\":\"CA3\"}','2017-04-12 15:00:00',NULL,NULL,'Sickle Cell Daily Survey','Daily Survey To be completed for Sickle Cell disease patients'),(4160,'2017-12-16 05:01:00','2017-12-17 04:59:00',NULL,NULL,'pending','4001','{\"sequence\":[\"PI_DAILY\",\"MA\"],\"parentactivity\":\"CA3\"}','2017-04-12 15:00:00',NULL,NULL,'Sickle Cell Daily Survey','Daily Survey To be completed for Sickle Cell disease patients'),(4161,'2017-12-17 05:01:00','2017-12-18 04:59:00',NULL,NULL,'pending','4001','{\"sequence\":[\"PI_DAILY\",\"MA\"],\"parentactivity\":\"CA3\"}','2017-04-12 15:00:00',NULL,NULL,'Sickle Cell Daily Survey','Daily Survey To be completed for Sickle Cell disease patients'),(4162,'2017-12-18 05:01:00','2017-12-19 04:59:00',NULL,NULL,'pending','4001','{\"sequence\":[\"PI_DAILY\",\"MA\"],\"parentactivity\":\"CA3\"}','2017-04-12 15:00:00',NULL,NULL,'Sickle Cell Daily Survey','Daily Survey To be completed for Sickle Cell disease patients'),(4163,'2017-12-19 05:01:00','2017-12-20 04:59:00',NULL,NULL,'pending','4001','{\"sequence\":[\"PI_DAILY\",\"MA\"],\"parentactivity\":\"CA3\"}','2017-04-12 15:00:00',NULL,NULL,'Sickle Cell Daily Survey','Daily Survey To be completed for Sickle Cell disease patients'),(4164,'2017-12-20 05:01:00','2017-12-21 04:59:00',NULL,NULL,'pending','4001','{\"sequence\":[\"PI_DAILY\",\"MA\"],\"parentactivity\":\"CA3\"}','2017-04-12 15:00:00',NULL,NULL,'Sickle Cell Daily Survey','Daily Survey To be completed for Sickle Cell disease patients'),(4165,'2017-12-21 05:01:00','2017-12-22 04:59:00',NULL,NULL,'pending','4001','{\"sequence\":[\"PI_DAILY\",\"MA\"],\"parentactivity\":\"CA3\"}','2017-04-12 15:00:00',NULL,NULL,'Sickle Cell Daily Survey','Daily Survey To be completed for Sickle Cell disease patients'),(4166,'2017-12-22 05:01:00','2017-12-23 04:59:00',NULL,NULL,'pending','4001','{\"sequence\":[\"PI_DAILY\",\"MA\"],\"parentactivity\":\"CA3\"}','2017-04-12 15:00:00',NULL,NULL,'Sickle Cell Daily Survey','Daily Survey To be completed for Sickle Cell disease patients'),(4167,'2017-12-23 05:01:00','2017-12-24 04:59:00',NULL,NULL,'pending','4001','{\"sequence\":[\"PI_DAILY\",\"MA\"],\"parentactivity\":\"CA3\"}','2017-04-12 15:00:00',NULL,NULL,'Sickle Cell Daily Survey','Daily Survey To be completed for Sickle Cell disease patients'),(4168,'2017-12-24 05:01:00','2017-12-25 04:59:00',NULL,NULL,'pending','4001','{\"sequence\":[\"PI_DAILY\",\"MA\"],\"parentactivity\":\"CA3\"}','2017-04-12 15:00:00',NULL,NULL,'Sickle Cell Daily Survey','Daily Survey To be completed for Sickle Cell disease patients'),(4169,'2017-12-25 05:01:00','2017-12-26 04:59:00',NULL,NULL,'pending','4001','{\"sequence\":[\"PI_DAILY\",\"MA\"],\"parentactivity\":\"CA3\"}','2017-04-12 15:00:00',NULL,NULL,'Sickle Cell Daily Survey','Daily Survey To be completed for Sickle Cell disease patients'),(4170,'2017-12-26 05:01:00','2017-12-27 04:59:00',NULL,NULL,'pending','4001','{\"sequence\":[\"PI_DAILY\",\"MA\"],\"parentactivity\":\"CA3\"}','2017-04-12 15:00:00',NULL,NULL,'Sickle Cell Daily Survey','Daily Survey To be completed for Sickle Cell disease patients'),(4171,'2017-12-27 05:01:00','2017-12-28 04:59:00',NULL,NULL,'pending','4001','{\"sequence\":[\"PI_DAILY\",\"MA\"],\"parentactivity\":\"CA3\"}','2017-04-12 15:00:00',NULL,NULL,'Sickle Cell Daily Survey','Daily Survey To be completed for Sickle Cell disease patients'),(4172,'2017-12-28 05:01:00','2017-12-29 04:59:00',NULL,NULL,'pending','4001','{\"sequence\":[\"PI_DAILY\",\"MA\"],\"parentactivity\":\"CA3\"}','2017-04-12 15:00:00',NULL,NULL,'Sickle Cell Daily Survey','Daily Survey To be completed for Sickle Cell disease patients'),(4173,'2017-12-29 05:01:00','2017-12-30 04:59:00',NULL,NULL,'pending','4001','{\"sequence\":[\"PI_DAILY\",\"MA\"],\"parentactivity\":\"CA3\"}','2017-04-12 15:00:00',NULL,NULL,'Sickle Cell Daily Survey','Daily Survey To be completed for Sickle Cell disease patients'),(4174,'2017-12-30 05:01:00','2017-12-31 04:59:00',NULL,NULL,'pending','4001','{\"sequence\":[\"PI_DAILY\",\"MA\"],\"parentactivity\":\"CA3\"}','2017-04-12 15:00:00',NULL,NULL,'Sickle Cell Daily Survey','Daily Survey To be completed for Sickle Cell disease patients'),(4175,'2017-12-31 05:01:00','2018-01-01 04:59:00',NULL,NULL,'pending','4001','{\"sequence\":[\"PI_DAILY\",\"MA\"],\"parentactivity\":\"CA3\"}','2017-04-12 15:00:00',NULL,NULL,'Sickle Cell Daily Survey','Daily Survey To be completed for Sickle Cell disease patients'),(4218,'2017-04-13 05:01:00','2017-04-15 04:59:00',NULL,NULL,'expired','2001','{\"sequence\":[\"PI_WEEKLY\",\"PR_PhysFuncMob\",\"PR_Fatigue\",\"PR_PainInt\",\"PR_Anxiety\",\"CAT\"],\"parentactivity\":\"CA2\"}','2017-04-13 11:00:00',NULL,NULL,'Sickle Cell Weekly Survey','Weekly Survey To be completed for Sickle Cell disease patients'),(4219,'2017-04-20 05:01:00','2017-04-22 04:59:00',NULL,NULL,'expired','2001','{\"sequence\":[\"PI_WEEKLY\",\"PR_PhysFuncMob\",\"PR_Fatigue\",\"PR_PainInt\",\"PR_Anxiety\",\"CAT\"],\"parentactivity\":\"CA2\"}','2017-04-13 11:00:00',NULL,NULL,'Sickle Cell Weekly Survey','Weekly Survey To be completed for Sickle Cell disease patients'),(4220,'2017-04-27 05:01:00','2017-04-29 04:59:00',NULL,NULL,'expired','2001','{\"sequence\":[\"PI_WEEKLY\",\"PR_PhysFuncMob\",\"PR_Fatigue\",\"PR_PainInt\",\"PR_Anxiety\",\"CAT\"],\"parentactivity\":\"CA2\"}','2017-04-13 11:00:00',NULL,NULL,'Sickle Cell Weekly Survey','Weekly Survey To be completed for Sickle Cell disease patients'),(4221,'2017-05-04 05:01:00','2017-05-06 04:59:00',NULL,NULL,'expired','2001','{\"sequence\":[\"PI_WEEKLY\",\"PR_PhysFuncMob\",\"PR_Fatigue\",\"PR_PainInt\",\"PR_Anxiety\",\"CAT\"],\"parentactivity\":\"CA2\"}','2017-04-13 11:00:00',NULL,NULL,'Sickle Cell Weekly Survey','Weekly Survey To be completed for Sickle Cell disease patients'),(4222,'2017-05-11 05:01:00','2017-05-13 04:59:00',NULL,NULL,'expired','2001','{\"sequence\":[\"PI_WEEKLY\",\"PR_PhysFuncMob\",\"PR_Fatigue\",\"PR_PainInt\",\"PR_Anxiety\",\"CAT\"],\"parentactivity\":\"CA2\"}','2017-04-13 11:00:00',NULL,NULL,'Sickle Cell Weekly Survey','Weekly Survey To be completed for Sickle Cell disease patients'),(4223,'2017-05-18 05:01:00','2017-05-20 04:59:00',NULL,NULL,'expired','2001','{\"sequence\":[\"PI_WEEKLY\",\"PR_PhysFuncMob\",\"PR_Fatigue\",\"PR_PainInt\",\"PR_Anxiety\",\"CAT\"],\"parentactivity\":\"CA2\"}','2017-04-13 11:00:00',NULL,NULL,'Sickle Cell Weekly Survey','Weekly Survey To be completed for Sickle Cell disease patients'),(4224,'2017-05-25 05:01:00','2017-05-27 04:59:00',NULL,NULL,'pending','2001','{\"sequence\":[\"PI_WEEKLY\",\"PR_PhysFuncMob\",\"PR_Fatigue\",\"PR_PainInt\",\"PR_Anxiety\",\"CAT\"],\"parentactivity\":\"CA2\"}','2017-04-13 11:00:00',NULL,NULL,'Sickle Cell Weekly Survey','Weekly Survey To be completed for Sickle Cell disease patients'),(4225,'2017-06-01 05:01:00','2017-06-03 04:59:00',NULL,NULL,'pending','2001','{\"sequence\":[\"PI_WEEKLY\",\"PR_PhysFuncMob\",\"PR_Fatigue\",\"PR_PainInt\",\"PR_Anxiety\",\"CAT\"],\"parentactivity\":\"CA2\"}','2017-04-13 11:00:00',NULL,NULL,'Sickle Cell Weekly Survey','Weekly Survey To be completed for Sickle Cell disease patients'),(4226,'2017-06-08 05:01:00','2017-06-10 04:59:00',NULL,NULL,'pending','2001','{\"sequence\":[\"PI_WEEKLY\",\"PR_PhysFuncMob\",\"PR_Fatigue\",\"PR_PainInt\",\"PR_Anxiety\",\"CAT\"],\"parentactivity\":\"CA2\"}','2017-04-13 11:00:00',NULL,NULL,'Sickle Cell Weekly Survey','Weekly Survey To be completed for Sickle Cell disease patients'),(4227,'2017-06-15 05:01:00','2017-06-17 04:59:00',NULL,NULL,'pending','2001','{\"sequence\":[\"PI_WEEKLY\",\"PR_PhysFuncMob\",\"PR_Fatigue\",\"PR_PainInt\",\"PR_Anxiety\",\"CAT\"],\"parentactivity\":\"CA2\"}','2017-04-13 11:00:00',NULL,NULL,'Sickle Cell Weekly Survey','Weekly Survey To be completed for Sickle Cell disease patients'),(4228,'2017-06-22 05:01:00','2017-06-24 04:59:00',NULL,NULL,'pending','2001','{\"sequence\":[\"PI_WEEKLY\",\"PR_PhysFuncMob\",\"PR_Fatigue\",\"PR_PainInt\",\"PR_Anxiety\",\"CAT\"],\"parentactivity\":\"CA2\"}','2017-04-13 11:00:00',NULL,NULL,'Sickle Cell Weekly Survey','Weekly Survey To be completed for Sickle Cell disease patients'),(4229,'2017-06-29 05:01:00','2017-07-01 04:59:00',NULL,NULL,'pending','2001','{\"sequence\":[\"PI_WEEKLY\",\"PR_PhysFuncMob\",\"PR_Fatigue\",\"PR_PainInt\",\"PR_Anxiety\",\"CAT\"],\"parentactivity\":\"CA2\"}','2017-04-13 11:00:00',NULL,NULL,'Sickle Cell Weekly Survey','Weekly Survey To be completed for Sickle Cell disease patients'),(4230,'2017-07-06 05:01:00','2017-07-08 04:59:00',NULL,NULL,'pending','2001','{\"sequence\":[\"PI_WEEKLY\",\"PR_PhysFuncMob\",\"PR_Fatigue\",\"PR_PainInt\",\"PR_Anxiety\",\"CAT\"],\"parentactivity\":\"CA2\"}','2017-04-13 11:00:00',NULL,NULL,'Sickle Cell Weekly Survey','Weekly Survey To be completed for Sickle Cell disease patients'),(4231,'2017-07-13 05:01:00','2017-07-15 04:59:00',NULL,NULL,'pending','2001','{\"sequence\":[\"PI_WEEKLY\",\"PR_PhysFuncMob\",\"PR_Fatigue\",\"PR_PainInt\",\"PR_Anxiety\",\"CAT\"],\"parentactivity\":\"CA2\"}','2017-04-13 11:00:00',NULL,NULL,'Sickle Cell Weekly Survey','Weekly Survey To be completed for Sickle Cell disease patients'),(4232,'2017-07-20 05:01:00','2017-07-22 04:59:00',NULL,NULL,'pending','2001','{\"sequence\":[\"PI_WEEKLY\",\"PR_PhysFuncMob\",\"PR_Fatigue\",\"PR_PainInt\",\"PR_Anxiety\",\"CAT\"],\"parentactivity\":\"CA2\"}','2017-04-13 11:00:00',NULL,NULL,'Sickle Cell Weekly Survey','Weekly Survey To be completed for Sickle Cell disease patients'),(4233,'2017-07-27 05:01:00','2017-07-29 04:59:00',NULL,NULL,'pending','2001','{\"sequence\":[\"PI_WEEKLY\",\"PR_PhysFuncMob\",\"PR_Fatigue\",\"PR_PainInt\",\"PR_Anxiety\",\"CAT\"],\"parentactivity\":\"CA2\"}','2017-04-13 11:00:00',NULL,NULL,'Sickle Cell Weekly Survey','Weekly Survey To be completed for Sickle Cell disease patients'),(4234,'2017-08-03 05:01:00','2017-08-05 04:59:00',NULL,NULL,'pending','2001','{\"sequence\":[\"PI_WEEKLY\",\"PR_PhysFuncMob\",\"PR_Fatigue\",\"PR_PainInt\",\"PR_Anxiety\",\"CAT\"],\"parentactivity\":\"CA2\"}','2017-04-13 11:00:00',NULL,NULL,'Sickle Cell Weekly Survey','Weekly Survey To be completed for Sickle Cell disease patients'),(4235,'2017-08-10 05:01:00','2017-08-12 04:59:00',NULL,NULL,'pending','2001','{\"sequence\":[\"PI_WEEKLY\",\"PR_PhysFuncMob\",\"PR_Fatigue\",\"PR_PainInt\",\"PR_Anxiety\",\"CAT\"],\"parentactivity\":\"CA2\"}','2017-04-13 11:00:00',NULL,NULL,'Sickle Cell Weekly Survey','Weekly Survey To be completed for Sickle Cell disease patients'),(4236,'2017-08-17 05:01:00','2017-08-19 04:59:00',NULL,NULL,'pending','2001','{\"sequence\":[\"PI_WEEKLY\",\"PR_PhysFuncMob\",\"PR_Fatigue\",\"PR_PainInt\",\"PR_Anxiety\",\"CAT\"],\"parentactivity\":\"CA2\"}','2017-04-13 11:00:00',NULL,NULL,'Sickle Cell Weekly Survey','Weekly Survey To be completed for Sickle Cell disease patients'),(4237,'2017-08-24 05:01:00','2017-08-26 04:59:00',NULL,NULL,'pending','2001','{\"sequence\":[\"PI_WEEKLY\",\"PR_PhysFuncMob\",\"PR_Fatigue\",\"PR_PainInt\",\"PR_Anxiety\",\"CAT\"],\"parentactivity\":\"CA2\"}','2017-04-13 11:00:00',NULL,NULL,'Sickle Cell Weekly Survey','Weekly Survey To be completed for Sickle Cell disease patients'),(4238,'2017-08-31 05:01:00','2017-09-02 04:59:00',NULL,NULL,'pending','2001','{\"sequence\":[\"PI_WEEKLY\",\"PR_PhysFuncMob\",\"PR_Fatigue\",\"PR_PainInt\",\"PR_Anxiety\",\"CAT\"],\"parentactivity\":\"CA2\"}','2017-04-13 11:00:00',NULL,NULL,'Sickle Cell Weekly Survey','Weekly Survey To be completed for Sickle Cell disease patients'),(4239,'2017-09-07 05:01:00','2017-09-09 04:59:00',NULL,NULL,'pending','2001','{\"sequence\":[\"PI_WEEKLY\",\"PR_PhysFuncMob\",\"PR_Fatigue\",\"PR_PainInt\",\"PR_Anxiety\",\"CAT\"],\"parentactivity\":\"CA2\"}','2017-04-13 11:00:00',NULL,NULL,'Sickle Cell Weekly Survey','Weekly Survey To be completed for Sickle Cell disease patients'),(4240,'2017-09-14 05:01:00','2017-09-16 04:59:00',NULL,NULL,'pending','2001','{\"sequence\":[\"PI_WEEKLY\",\"PR_PhysFuncMob\",\"PR_Fatigue\",\"PR_PainInt\",\"PR_Anxiety\",\"CAT\"],\"parentactivity\":\"CA2\"}','2017-04-13 11:00:00',NULL,NULL,'Sickle Cell Weekly Survey','Weekly Survey To be completed for Sickle Cell disease patients'),(4241,'2017-09-21 05:01:00','2017-09-23 04:59:00',NULL,NULL,'pending','2001','{\"sequence\":[\"PI_WEEKLY\",\"PR_PhysFuncMob\",\"PR_Fatigue\",\"PR_PainInt\",\"PR_Anxiety\",\"CAT\"],\"parentactivity\":\"CA2\"}','2017-04-13 11:00:00',NULL,NULL,'Sickle Cell Weekly Survey','Weekly Survey To be completed for Sickle Cell disease patients'),(4242,'2017-09-28 05:01:00','2017-09-30 04:59:00',NULL,NULL,'pending','2001','{\"sequence\":[\"PI_WEEKLY\",\"PR_PhysFuncMob\",\"PR_Fatigue\",\"PR_PainInt\",\"PR_Anxiety\",\"CAT\"],\"parentactivity\":\"CA2\"}','2017-04-13 11:00:00',NULL,NULL,'Sickle Cell Weekly Survey','Weekly Survey To be completed for Sickle Cell disease patients'),(4243,'2017-10-05 05:01:00','2017-10-07 04:59:00',NULL,NULL,'pending','2001','{\"sequence\":[\"PI_WEEKLY\",\"PR_PhysFuncMob\",\"PR_Fatigue\",\"PR_PainInt\",\"PR_Anxiety\",\"CAT\"],\"parentactivity\":\"CA2\"}','2017-04-13 11:00:00',NULL,NULL,'Sickle Cell Weekly Survey','Weekly Survey To be completed for Sickle Cell disease patients'),(4244,'2017-10-12 05:01:00','2017-10-14 04:59:00',NULL,NULL,'pending','2001','{\"sequence\":[\"PI_WEEKLY\",\"PR_PhysFuncMob\",\"PR_Fatigue\",\"PR_PainInt\",\"PR_Anxiety\",\"CAT\"],\"parentactivity\":\"CA2\"}','2017-04-13 11:00:00',NULL,NULL,'Sickle Cell Weekly Survey','Weekly Survey To be completed for Sickle Cell disease patients'),(4245,'2017-10-19 05:01:00','2017-10-21 04:59:00',NULL,NULL,'pending','2001','{\"sequence\":[\"PI_WEEKLY\",\"PR_PhysFuncMob\",\"PR_Fatigue\",\"PR_PainInt\",\"PR_Anxiety\",\"CAT\"],\"parentactivity\":\"CA2\"}','2017-04-13 11:00:00',NULL,NULL,'Sickle Cell Weekly Survey','Weekly Survey To be completed for Sickle Cell disease patients'),(4246,'2017-10-26 05:01:00','2017-10-28 04:59:00',NULL,NULL,'pending','2001','{\"sequence\":[\"PI_WEEKLY\",\"PR_PhysFuncMob\",\"PR_Fatigue\",\"PR_PainInt\",\"PR_Anxiety\",\"CAT\"],\"parentactivity\":\"CA2\"}','2017-04-13 11:00:00',NULL,NULL,'Sickle Cell Weekly Survey','Weekly Survey To be completed for Sickle Cell disease patients'),(4247,'2017-11-02 05:01:00','2017-11-04 04:59:00',NULL,NULL,'pending','2001','{\"sequence\":[\"PI_WEEKLY\",\"PR_PhysFuncMob\",\"PR_Fatigue\",\"PR_PainInt\",\"PR_Anxiety\",\"CAT\"],\"parentactivity\":\"CA2\"}','2017-04-13 11:00:00',NULL,NULL,'Sickle Cell Weekly Survey','Weekly Survey To be completed for Sickle Cell disease patients'),(4248,'2017-11-09 05:01:00','2017-11-11 04:59:00',NULL,NULL,'pending','2001','{\"sequence\":[\"PI_WEEKLY\",\"PR_PhysFuncMob\",\"PR_Fatigue\",\"PR_PainInt\",\"PR_Anxiety\",\"CAT\"],\"parentactivity\":\"CA2\"}','2017-04-13 11:00:00',NULL,NULL,'Sickle Cell Weekly Survey','Weekly Survey To be completed for Sickle Cell disease patients'),(4249,'2017-11-16 05:01:00','2017-11-18 04:59:00',NULL,NULL,'pending','2001','{\"sequence\":[\"PI_WEEKLY\",\"PR_PhysFuncMob\",\"PR_Fatigue\",\"PR_PainInt\",\"PR_Anxiety\",\"CAT\"],\"parentactivity\":\"CA2\"}','2017-04-13 11:00:00',NULL,NULL,'Sickle Cell Weekly Survey','Weekly Survey To be completed for Sickle Cell disease patients'),(4250,'2017-11-23 05:01:00','2017-11-25 04:59:00',NULL,NULL,'pending','2001','{\"sequence\":[\"PI_WEEKLY\",\"PR_PhysFuncMob\",\"PR_Fatigue\",\"PR_PainInt\",\"PR_Anxiety\",\"CAT\"],\"parentactivity\":\"CA2\"}','2017-04-13 11:00:00',NULL,NULL,'Sickle Cell Weekly Survey','Weekly Survey To be completed for Sickle Cell disease patients'),(4251,'2017-11-30 05:01:00','2017-12-02 04:59:00',NULL,NULL,'pending','2001','{\"sequence\":[\"PI_WEEKLY\",\"PR_PhysFuncMob\",\"PR_Fatigue\",\"PR_PainInt\",\"PR_Anxiety\",\"CAT\"],\"parentactivity\":\"CA2\"}','2017-04-13 11:00:00',NULL,NULL,'Sickle Cell Weekly Survey','Weekly Survey To be completed for Sickle Cell disease patients'),(4252,'2017-12-07 05:01:00','2017-12-09 04:59:00',NULL,NULL,'pending','2001','{\"sequence\":[\"PI_WEEKLY\",\"PR_PhysFuncMob\",\"PR_Fatigue\",\"PR_PainInt\",\"PR_Anxiety\",\"CAT\"],\"parentactivity\":\"CA2\"}','2017-04-13 11:00:00',NULL,NULL,'Sickle Cell Weekly Survey','Weekly Survey To be completed for Sickle Cell disease patients'),(4253,'2017-12-14 05:01:00','2017-12-16 04:59:00',NULL,NULL,'pending','2001','{\"sequence\":[\"PI_WEEKLY\",\"PR_PhysFuncMob\",\"PR_Fatigue\",\"PR_PainInt\",\"PR_Anxiety\",\"CAT\"],\"parentactivity\":\"CA2\"}','2017-04-13 11:00:00',NULL,NULL,'Sickle Cell Weekly Survey','Weekly Survey To be completed for Sickle Cell disease patients'),(4254,'2017-12-21 05:01:00','2017-12-23 04:59:00',NULL,NULL,'pending','2001','{\"sequence\":[\"PI_WEEKLY\",\"PR_PhysFuncMob\",\"PR_Fatigue\",\"PR_PainInt\",\"PR_Anxiety\",\"CAT\"],\"parentactivity\":\"CA2\"}','2017-04-13 11:00:00',NULL,NULL,'Sickle Cell Weekly Survey','Weekly Survey To be completed for Sickle Cell disease patients'),(4255,'2017-12-28 05:01:00','2017-12-30 04:59:00',NULL,NULL,'pending','2001','{\"sequence\":[\"PI_WEEKLY\",\"PR_PhysFuncMob\",\"PR_Fatigue\",\"PR_PainInt\",\"PR_Anxiety\",\"CAT\"],\"parentactivity\":\"CA2\"}','2017-04-13 11:00:00',NULL,NULL,'Sickle Cell Weekly Survey','Weekly Survey To be completed for Sickle Cell disease patients'),(4256,'2018-01-04 05:01:00','2018-01-06 04:59:00',NULL,NULL,'pending','2001','{\"sequence\":[\"PI_WEEKLY\",\"PR_PhysFuncMob\",\"PR_Fatigue\",\"PR_PainInt\",\"PR_Anxiety\",\"CAT\"],\"parentactivity\":\"CA2\"}','2017-04-13 11:00:00',NULL,NULL,'Sickle Cell Weekly Survey','Weekly Survey To be completed for Sickle Cell disease patients'),(4335,'2017-04-13 05:01:00','2017-04-15 04:59:00',NULL,NULL,'expired','3001','{\"sequence\":[\"PI_WEEKLY\",\"PR_PhysFuncMob\",\"PR_Fatigue\",\"PR_PainInt\",\"PR_Anxiety\",\"CAT\"],\"parentactivity\":\"CA2\"}','2017-04-13 11:00:00',NULL,NULL,'Sickle Cell Weekly Survey','Weekly Survey To be completed for Sickle Cell disease patients'),(4336,'2017-04-20 05:01:00','2017-04-22 04:59:00',NULL,NULL,'expired','3001','{\"sequence\":[\"PI_WEEKLY\",\"PR_PhysFuncMob\",\"PR_Fatigue\",\"PR_PainInt\",\"PR_Anxiety\",\"CAT\"],\"parentactivity\":\"CA2\"}','2017-04-13 11:00:00',NULL,NULL,'Sickle Cell Weekly Survey','Weekly Survey To be completed for Sickle Cell disease patients'),(4337,'2017-04-27 05:01:00','2017-04-29 04:59:00',NULL,NULL,'expired','3001','{\"sequence\":[\"PI_WEEKLY\",\"PR_PhysFuncMob\",\"PR_Fatigue\",\"PR_PainInt\",\"PR_Anxiety\",\"CAT\"],\"parentactivity\":\"CA2\"}','2017-04-13 11:00:00',NULL,NULL,'Sickle Cell Weekly Survey','Weekly Survey To be completed for Sickle Cell disease patients'),(4338,'2017-05-04 05:01:00','2017-05-06 04:59:00',NULL,NULL,'expired','3001','{\"sequence\":[\"PI_WEEKLY\",\"PR_PhysFuncMob\",\"PR_Fatigue\",\"PR_PainInt\",\"PR_Anxiety\",\"CAT\"],\"parentactivity\":\"CA2\"}','2017-04-13 11:00:00',NULL,NULL,'Sickle Cell Weekly Survey','Weekly Survey To be completed for Sickle Cell disease patients'),(4339,'2017-05-11 05:01:00','2017-05-13 04:59:00',NULL,NULL,'expired','3001','{\"sequence\":[\"PI_WEEKLY\",\"PR_PhysFuncMob\",\"PR_Fatigue\",\"PR_PainInt\",\"PR_Anxiety\",\"CAT\"],\"parentactivity\":\"CA2\"}','2017-04-13 11:00:00',NULL,NULL,'Sickle Cell Weekly Survey','Weekly Survey To be completed for Sickle Cell disease patients'),(4340,'2017-05-18 05:01:00','2017-05-20 04:59:00',NULL,NULL,'expired','3001','{\"sequence\":[\"PI_WEEKLY\",\"PR_PhysFuncMob\",\"PR_Fatigue\",\"PR_PainInt\",\"PR_Anxiety\",\"CAT\"],\"parentactivity\":\"CA2\"}','2017-04-13 11:00:00',NULL,NULL,'Sickle Cell Weekly Survey','Weekly Survey To be completed for Sickle Cell disease patients'),(4341,'2017-05-25 05:01:00','2017-05-27 04:59:00',NULL,NULL,'pending','3001','{\"sequence\":[\"PI_WEEKLY\",\"PR_PhysFuncMob\",\"PR_Fatigue\",\"PR_PainInt\",\"PR_Anxiety\",\"CAT\"],\"parentactivity\":\"CA2\"}','2017-04-13 11:00:00',NULL,NULL,'Sickle Cell Weekly Survey','Weekly Survey To be completed for Sickle Cell disease patients'),(4342,'2017-06-01 05:01:00','2017-06-03 04:59:00',NULL,NULL,'pending','3001','{\"sequence\":[\"PI_WEEKLY\",\"PR_PhysFuncMob\",\"PR_Fatigue\",\"PR_PainInt\",\"PR_Anxiety\",\"CAT\"],\"parentactivity\":\"CA2\"}','2017-04-13 11:00:00',NULL,NULL,'Sickle Cell Weekly Survey','Weekly Survey To be completed for Sickle Cell disease patients'),(4343,'2017-06-08 05:01:00','2017-06-10 04:59:00',NULL,NULL,'pending','3001','{\"sequence\":[\"PI_WEEKLY\",\"PR_PhysFuncMob\",\"PR_Fatigue\",\"PR_PainInt\",\"PR_Anxiety\",\"CAT\"],\"parentactivity\":\"CA2\"}','2017-04-13 11:00:00',NULL,NULL,'Sickle Cell Weekly Survey','Weekly Survey To be completed for Sickle Cell disease patients'),(4344,'2017-06-15 05:01:00','2017-06-17 04:59:00',NULL,NULL,'pending','3001','{\"sequence\":[\"PI_WEEKLY\",\"PR_PhysFuncMob\",\"PR_Fatigue\",\"PR_PainInt\",\"PR_Anxiety\",\"CAT\"],\"parentactivity\":\"CA2\"}','2017-04-13 11:00:00',NULL,NULL,'Sickle Cell Weekly Survey','Weekly Survey To be completed for Sickle Cell disease patients'),(4345,'2017-06-22 05:01:00','2017-06-24 04:59:00',NULL,NULL,'pending','3001','{\"sequence\":[\"PI_WEEKLY\",\"PR_PhysFuncMob\",\"PR_Fatigue\",\"PR_PainInt\",\"PR_Anxiety\",\"CAT\"],\"parentactivity\":\"CA2\"}','2017-04-13 11:00:00',NULL,NULL,'Sickle Cell Weekly Survey','Weekly Survey To be completed for Sickle Cell disease patients'),(4346,'2017-06-29 05:01:00','2017-07-01 04:59:00',NULL,NULL,'pending','3001','{\"sequence\":[\"PI_WEEKLY\",\"PR_PhysFuncMob\",\"PR_Fatigue\",\"PR_PainInt\",\"PR_Anxiety\",\"CAT\"],\"parentactivity\":\"CA2\"}','2017-04-13 11:00:00',NULL,NULL,'Sickle Cell Weekly Survey','Weekly Survey To be completed for Sickle Cell disease patients'),(4347,'2017-07-06 05:01:00','2017-07-08 04:59:00',NULL,NULL,'pending','3001','{\"sequence\":[\"PI_WEEKLY\",\"PR_PhysFuncMob\",\"PR_Fatigue\",\"PR_PainInt\",\"PR_Anxiety\",\"CAT\"],\"parentactivity\":\"CA2\"}','2017-04-13 11:00:00',NULL,NULL,'Sickle Cell Weekly Survey','Weekly Survey To be completed for Sickle Cell disease patients'),(4348,'2017-07-13 05:01:00','2017-07-15 04:59:00',NULL,NULL,'pending','3001','{\"sequence\":[\"PI_WEEKLY\",\"PR_PhysFuncMob\",\"PR_Fatigue\",\"PR_PainInt\",\"PR_Anxiety\",\"CAT\"],\"parentactivity\":\"CA2\"}','2017-04-13 11:00:00',NULL,NULL,'Sickle Cell Weekly Survey','Weekly Survey To be completed for Sickle Cell disease patients'),(4349,'2017-07-20 05:01:00','2017-07-22 04:59:00',NULL,NULL,'pending','3001','{\"sequence\":[\"PI_WEEKLY\",\"PR_PhysFuncMob\",\"PR_Fatigue\",\"PR_PainInt\",\"PR_Anxiety\",\"CAT\"],\"parentactivity\":\"CA2\"}','2017-04-13 11:00:00',NULL,NULL,'Sickle Cell Weekly Survey','Weekly Survey To be completed for Sickle Cell disease patients'),(4350,'2017-07-27 05:01:00','2017-07-29 04:59:00',NULL,NULL,'pending','3001','{\"sequence\":[\"PI_WEEKLY\",\"PR_PhysFuncMob\",\"PR_Fatigue\",\"PR_PainInt\",\"PR_Anxiety\",\"CAT\"],\"parentactivity\":\"CA2\"}','2017-04-13 11:00:00',NULL,NULL,'Sickle Cell Weekly Survey','Weekly Survey To be completed for Sickle Cell disease patients'),(4351,'2017-08-03 05:01:00','2017-08-05 04:59:00',NULL,NULL,'pending','3001','{\"sequence\":[\"PI_WEEKLY\",\"PR_PhysFuncMob\",\"PR_Fatigue\",\"PR_PainInt\",\"PR_Anxiety\",\"CAT\"],\"parentactivity\":\"CA2\"}','2017-04-13 11:00:00',NULL,NULL,'Sickle Cell Weekly Survey','Weekly Survey To be completed for Sickle Cell disease patients'),(4352,'2017-08-10 05:01:00','2017-08-12 04:59:00',NULL,NULL,'pending','3001','{\"sequence\":[\"PI_WEEKLY\",\"PR_PhysFuncMob\",\"PR_Fatigue\",\"PR_PainInt\",\"PR_Anxiety\",\"CAT\"],\"parentactivity\":\"CA2\"}','2017-04-13 11:00:00',NULL,NULL,'Sickle Cell Weekly Survey','Weekly Survey To be completed for Sickle Cell disease patients'),(4353,'2017-08-17 05:01:00','2017-08-19 04:59:00',NULL,NULL,'pending','3001','{\"sequence\":[\"PI_WEEKLY\",\"PR_PhysFuncMob\",\"PR_Fatigue\",\"PR_PainInt\",\"PR_Anxiety\",\"CAT\"],\"parentactivity\":\"CA2\"}','2017-04-13 11:00:00',NULL,NULL,'Sickle Cell Weekly Survey','Weekly Survey To be completed for Sickle Cell disease patients'),(4354,'2017-08-24 05:01:00','2017-08-26 04:59:00',NULL,NULL,'pending','3001','{\"sequence\":[\"PI_WEEKLY\",\"PR_PhysFuncMob\",\"PR_Fatigue\",\"PR_PainInt\",\"PR_Anxiety\",\"CAT\"],\"parentactivity\":\"CA2\"}','2017-04-13 11:00:00',NULL,NULL,'Sickle Cell Weekly Survey','Weekly Survey To be completed for Sickle Cell disease patients'),(4355,'2017-08-31 05:01:00','2017-09-02 04:59:00',NULL,NULL,'pending','3001','{\"sequence\":[\"PI_WEEKLY\",\"PR_PhysFuncMob\",\"PR_Fatigue\",\"PR_PainInt\",\"PR_Anxiety\",\"CAT\"],\"parentactivity\":\"CA2\"}','2017-04-13 11:00:00',NULL,NULL,'Sickle Cell Weekly Survey','Weekly Survey To be completed for Sickle Cell disease patients'),(4356,'2017-09-07 05:01:00','2017-09-09 04:59:00',NULL,NULL,'pending','3001','{\"sequence\":[\"PI_WEEKLY\",\"PR_PhysFuncMob\",\"PR_Fatigue\",\"PR_PainInt\",\"PR_Anxiety\",\"CAT\"],\"parentactivity\":\"CA2\"}','2017-04-13 11:00:00',NULL,NULL,'Sickle Cell Weekly Survey','Weekly Survey To be completed for Sickle Cell disease patients'),(4357,'2017-09-14 05:01:00','2017-09-16 04:59:00',NULL,NULL,'pending','3001','{\"sequence\":[\"PI_WEEKLY\",\"PR_PhysFuncMob\",\"PR_Fatigue\",\"PR_PainInt\",\"PR_Anxiety\",\"CAT\"],\"parentactivity\":\"CA2\"}','2017-04-13 11:00:00',NULL,NULL,'Sickle Cell Weekly Survey','Weekly Survey To be completed for Sickle Cell disease patients'),(4358,'2017-09-21 05:01:00','2017-09-23 04:59:00',NULL,NULL,'pending','3001','{\"sequence\":[\"PI_WEEKLY\",\"PR_PhysFuncMob\",\"PR_Fatigue\",\"PR_PainInt\",\"PR_Anxiety\",\"CAT\"],\"parentactivity\":\"CA2\"}','2017-04-13 11:00:00',NULL,NULL,'Sickle Cell Weekly Survey','Weekly Survey To be completed for Sickle Cell disease patients'),(4359,'2017-09-28 05:01:00','2017-09-30 04:59:00',NULL,NULL,'pending','3001','{\"sequence\":[\"PI_WEEKLY\",\"PR_PhysFuncMob\",\"PR_Fatigue\",\"PR_PainInt\",\"PR_Anxiety\",\"CAT\"],\"parentactivity\":\"CA2\"}','2017-04-13 11:00:00',NULL,NULL,'Sickle Cell Weekly Survey','Weekly Survey To be completed for Sickle Cell disease patients'),(4360,'2017-10-05 05:01:00','2017-10-07 04:59:00',NULL,NULL,'pending','3001','{\"sequence\":[\"PI_WEEKLY\",\"PR_PhysFuncMob\",\"PR_Fatigue\",\"PR_PainInt\",\"PR_Anxiety\",\"CAT\"],\"parentactivity\":\"CA2\"}','2017-04-13 11:00:00',NULL,NULL,'Sickle Cell Weekly Survey','Weekly Survey To be completed for Sickle Cell disease patients'),(4361,'2017-10-12 05:01:00','2017-10-14 04:59:00',NULL,NULL,'pending','3001','{\"sequence\":[\"PI_WEEKLY\",\"PR_PhysFuncMob\",\"PR_Fatigue\",\"PR_PainInt\",\"PR_Anxiety\",\"CAT\"],\"parentactivity\":\"CA2\"}','2017-04-13 11:00:00',NULL,NULL,'Sickle Cell Weekly Survey','Weekly Survey To be completed for Sickle Cell disease patients'),(4362,'2017-10-19 05:01:00','2017-10-21 04:59:00',NULL,NULL,'pending','3001','{\"sequence\":[\"PI_WEEKLY\",\"PR_PhysFuncMob\",\"PR_Fatigue\",\"PR_PainInt\",\"PR_Anxiety\",\"CAT\"],\"parentactivity\":\"CA2\"}','2017-04-13 11:00:00',NULL,NULL,'Sickle Cell Weekly Survey','Weekly Survey To be completed for Sickle Cell disease patients'),(4363,'2017-10-26 05:01:00','2017-10-28 04:59:00',NULL,NULL,'pending','3001','{\"sequence\":[\"PI_WEEKLY\",\"PR_PhysFuncMob\",\"PR_Fatigue\",\"PR_PainInt\",\"PR_Anxiety\",\"CAT\"],\"parentactivity\":\"CA2\"}','2017-04-13 11:00:00',NULL,NULL,'Sickle Cell Weekly Survey','Weekly Survey To be completed for Sickle Cell disease patients'),(4364,'2017-11-02 05:01:00','2017-11-04 04:59:00',NULL,NULL,'pending','3001','{\"sequence\":[\"PI_WEEKLY\",\"PR_PhysFuncMob\",\"PR_Fatigue\",\"PR_PainInt\",\"PR_Anxiety\",\"CAT\"],\"parentactivity\":\"CA2\"}','2017-04-13 11:00:00',NULL,NULL,'Sickle Cell Weekly Survey','Weekly Survey To be completed for Sickle Cell disease patients'),(4365,'2017-11-09 05:01:00','2017-11-11 04:59:00',NULL,NULL,'pending','3001','{\"sequence\":[\"PI_WEEKLY\",\"PR_PhysFuncMob\",\"PR_Fatigue\",\"PR_PainInt\",\"PR_Anxiety\",\"CAT\"],\"parentactivity\":\"CA2\"}','2017-04-13 11:00:00',NULL,NULL,'Sickle Cell Weekly Survey','Weekly Survey To be completed for Sickle Cell disease patients'),(4366,'2017-11-16 05:01:00','2017-11-18 04:59:00',NULL,NULL,'pending','3001','{\"sequence\":[\"PI_WEEKLY\",\"PR_PhysFuncMob\",\"PR_Fatigue\",\"PR_PainInt\",\"PR_Anxiety\",\"CAT\"],\"parentactivity\":\"CA2\"}','2017-04-13 11:00:00',NULL,NULL,'Sickle Cell Weekly Survey','Weekly Survey To be completed for Sickle Cell disease patients'),(4367,'2017-11-23 05:01:00','2017-11-25 04:59:00',NULL,NULL,'pending','3001','{\"sequence\":[\"PI_WEEKLY\",\"PR_PhysFuncMob\",\"PR_Fatigue\",\"PR_PainInt\",\"PR_Anxiety\",\"CAT\"],\"parentactivity\":\"CA2\"}','2017-04-13 11:00:00',NULL,NULL,'Sickle Cell Weekly Survey','Weekly Survey To be completed for Sickle Cell disease patients'),(4368,'2017-11-30 05:01:00','2017-12-02 04:59:00',NULL,NULL,'pending','3001','{\"sequence\":[\"PI_WEEKLY\",\"PR_PhysFuncMob\",\"PR_Fatigue\",\"PR_PainInt\",\"PR_Anxiety\",\"CAT\"],\"parentactivity\":\"CA2\"}','2017-04-13 11:00:00',NULL,NULL,'Sickle Cell Weekly Survey','Weekly Survey To be completed for Sickle Cell disease patients'),(4369,'2017-12-07 05:01:00','2017-12-09 04:59:00',NULL,NULL,'pending','3001','{\"sequence\":[\"PI_WEEKLY\",\"PR_PhysFuncMob\",\"PR_Fatigue\",\"PR_PainInt\",\"PR_Anxiety\",\"CAT\"],\"parentactivity\":\"CA2\"}','2017-04-13 11:00:00',NULL,NULL,'Sickle Cell Weekly Survey','Weekly Survey To be completed for Sickle Cell disease patients'),(4370,'2017-12-14 05:01:00','2017-12-16 04:59:00',NULL,NULL,'pending','3001','{\"sequence\":[\"PI_WEEKLY\",\"PR_PhysFuncMob\",\"PR_Fatigue\",\"PR_PainInt\",\"PR_Anxiety\",\"CAT\"],\"parentactivity\":\"CA2\"}','2017-04-13 11:00:00',NULL,NULL,'Sickle Cell Weekly Survey','Weekly Survey To be completed for Sickle Cell disease patients'),(4371,'2017-12-21 05:01:00','2017-12-23 04:59:00',NULL,NULL,'pending','3001','{\"sequence\":[\"PI_WEEKLY\",\"PR_PhysFuncMob\",\"PR_Fatigue\",\"PR_PainInt\",\"PR_Anxiety\",\"CAT\"],\"parentactivity\":\"CA2\"}','2017-04-13 11:00:00',NULL,NULL,'Sickle Cell Weekly Survey','Weekly Survey To be completed for Sickle Cell disease patients'),(4372,'2017-12-28 05:01:00','2017-12-30 04:59:00',NULL,NULL,'pending','3001','{\"sequence\":[\"PI_WEEKLY\",\"PR_PhysFuncMob\",\"PR_Fatigue\",\"PR_PainInt\",\"PR_Anxiety\",\"CAT\"],\"parentactivity\":\"CA2\"}','2017-04-13 11:00:00',NULL,NULL,'Sickle Cell Weekly Survey','Weekly Survey To be completed for Sickle Cell disease patients'),(4373,'2018-01-04 05:01:00','2018-01-06 04:59:00',NULL,NULL,'pending','3001','{\"sequence\":[\"PI_WEEKLY\",\"PR_PhysFuncMob\",\"PR_Fatigue\",\"PR_PainInt\",\"PR_Anxiety\",\"CAT\"],\"parentactivity\":\"CA2\"}','2017-04-13 11:00:00',NULL,NULL,'Sickle Cell Weekly Survey','Weekly Survey To be completed for Sickle Cell disease patients'),(4374,'2017-04-13 05:01:00','2017-04-15 04:59:00',NULL,NULL,'expired','4001','{\"sequence\":[\"PI_WEEKLY\",\"PR_PhysFuncMob\",\"PR_Fatigue\",\"PR_PainInt\",\"PR_Anxiety\",\"CAT\"],\"parentactivity\":\"CA2\"}','2017-04-13 11:00:00',NULL,NULL,'Sickle Cell Weekly Survey','Weekly Survey To be completed for Sickle Cell disease patients'),(4375,'2017-04-20 05:01:00','2017-04-22 04:59:00',NULL,NULL,'expired','4001','{\"sequence\":[\"PI_WEEKLY\",\"PR_PhysFuncMob\",\"PR_Fatigue\",\"PR_PainInt\",\"PR_Anxiety\",\"CAT\"],\"parentactivity\":\"CA2\"}','2017-04-13 11:00:00',NULL,NULL,'Sickle Cell Weekly Survey','Weekly Survey To be completed for Sickle Cell disease patients'),(4376,'2017-04-27 05:01:00','2017-04-29 04:59:00',NULL,NULL,'expired','4001','{\"sequence\":[\"PI_WEEKLY\",\"PR_PhysFuncMob\",\"PR_Fatigue\",\"PR_PainInt\",\"PR_Anxiety\",\"CAT\"],\"parentactivity\":\"CA2\"}','2017-04-13 11:00:00',NULL,NULL,'Sickle Cell Weekly Survey','Weekly Survey To be completed for Sickle Cell disease patients'),(4377,'2017-05-04 05:01:00','2017-05-06 04:59:00',NULL,NULL,'expired','4001','{\"sequence\":[\"PI_WEEKLY\",\"PR_PhysFuncMob\",\"PR_Fatigue\",\"PR_PainInt\",\"PR_Anxiety\",\"CAT\"],\"parentactivity\":\"CA2\"}','2017-04-13 11:00:00',NULL,NULL,'Sickle Cell Weekly Survey','Weekly Survey To be completed for Sickle Cell disease patients'),(4378,'2017-05-11 05:01:00','2017-05-13 04:59:00',NULL,NULL,'expired','4001','{\"sequence\":[\"PI_WEEKLY\",\"PR_PhysFuncMob\",\"PR_Fatigue\",\"PR_PainInt\",\"PR_Anxiety\",\"CAT\"],\"parentactivity\":\"CA2\"}','2017-04-13 11:00:00',NULL,NULL,'Sickle Cell Weekly Survey','Weekly Survey To be completed for Sickle Cell disease patients'),(4379,'2017-05-18 05:01:00','2017-05-20 04:59:00',NULL,NULL,'expired','4001','{\"sequence\":[\"PI_WEEKLY\",\"PR_PhysFuncMob\",\"PR_Fatigue\",\"PR_PainInt\",\"PR_Anxiety\",\"CAT\"],\"parentactivity\":\"CA2\"}','2017-04-13 11:00:00',NULL,NULL,'Sickle Cell Weekly Survey','Weekly Survey To be completed for Sickle Cell disease patients'),(4380,'2017-05-25 05:01:00','2017-05-27 04:59:00',NULL,NULL,'pending','4001','{\"sequence\":[\"PI_WEEKLY\",\"PR_PhysFuncMob\",\"PR_Fatigue\",\"PR_PainInt\",\"PR_Anxiety\",\"CAT\"],\"parentactivity\":\"CA2\"}','2017-04-13 11:00:00',NULL,NULL,'Sickle Cell Weekly Survey','Weekly Survey To be completed for Sickle Cell disease patients'),(4381,'2017-06-01 05:01:00','2017-06-03 04:59:00',NULL,NULL,'pending','4001','{\"sequence\":[\"PI_WEEKLY\",\"PR_PhysFuncMob\",\"PR_Fatigue\",\"PR_PainInt\",\"PR_Anxiety\",\"CAT\"],\"parentactivity\":\"CA2\"}','2017-04-13 11:00:00',NULL,NULL,'Sickle Cell Weekly Survey','Weekly Survey To be completed for Sickle Cell disease patients'),(4382,'2017-06-08 05:01:00','2017-06-10 04:59:00',NULL,NULL,'pending','4001','{\"sequence\":[\"PI_WEEKLY\",\"PR_PhysFuncMob\",\"PR_Fatigue\",\"PR_PainInt\",\"PR_Anxiety\",\"CAT\"],\"parentactivity\":\"CA2\"}','2017-04-13 11:00:00',NULL,NULL,'Sickle Cell Weekly Survey','Weekly Survey To be completed for Sickle Cell disease patients'),(4383,'2017-06-15 05:01:00','2017-06-17 04:59:00',NULL,NULL,'pending','4001','{\"sequence\":[\"PI_WEEKLY\",\"PR_PhysFuncMob\",\"PR_Fatigue\",\"PR_PainInt\",\"PR_Anxiety\",\"CAT\"],\"parentactivity\":\"CA2\"}','2017-04-13 11:00:00',NULL,NULL,'Sickle Cell Weekly Survey','Weekly Survey To be completed for Sickle Cell disease patients'),(4384,'2017-06-22 05:01:00','2017-06-24 04:59:00',NULL,NULL,'pending','4001','{\"sequence\":[\"PI_WEEKLY\",\"PR_PhysFuncMob\",\"PR_Fatigue\",\"PR_PainInt\",\"PR_Anxiety\",\"CAT\"],\"parentactivity\":\"CA2\"}','2017-04-13 11:00:00',NULL,NULL,'Sickle Cell Weekly Survey','Weekly Survey To be completed for Sickle Cell disease patients'),(4385,'2017-06-29 05:01:00','2017-07-01 04:59:00',NULL,NULL,'pending','4001','{\"sequence\":[\"PI_WEEKLY\",\"PR_PhysFuncMob\",\"PR_Fatigue\",\"PR_PainInt\",\"PR_Anxiety\",\"CAT\"],\"parentactivity\":\"CA2\"}','2017-04-13 11:00:00',NULL,NULL,'Sickle Cell Weekly Survey','Weekly Survey To be completed for Sickle Cell disease patients'),(4386,'2017-07-06 05:01:00','2017-07-08 04:59:00',NULL,NULL,'pending','4001','{\"sequence\":[\"PI_WEEKLY\",\"PR_PhysFuncMob\",\"PR_Fatigue\",\"PR_PainInt\",\"PR_Anxiety\",\"CAT\"],\"parentactivity\":\"CA2\"}','2017-04-13 11:00:00',NULL,NULL,'Sickle Cell Weekly Survey','Weekly Survey To be completed for Sickle Cell disease patients'),(4387,'2017-07-13 05:01:00','2017-07-15 04:59:00',NULL,NULL,'pending','4001','{\"sequence\":[\"PI_WEEKLY\",\"PR_PhysFuncMob\",\"PR_Fatigue\",\"PR_PainInt\",\"PR_Anxiety\",\"CAT\"],\"parentactivity\":\"CA2\"}','2017-04-13 11:00:00',NULL,NULL,'Sickle Cell Weekly Survey','Weekly Survey To be completed for Sickle Cell disease patients'),(4388,'2017-07-20 05:01:00','2017-07-22 04:59:00',NULL,NULL,'pending','4001','{\"sequence\":[\"PI_WEEKLY\",\"PR_PhysFuncMob\",\"PR_Fatigue\",\"PR_PainInt\",\"PR_Anxiety\",\"CAT\"],\"parentactivity\":\"CA2\"}','2017-04-13 11:00:00',NULL,NULL,'Sickle Cell Weekly Survey','Weekly Survey To be completed for Sickle Cell disease patients'),(4389,'2017-07-27 05:01:00','2017-07-29 04:59:00',NULL,NULL,'pending','4001','{\"sequence\":[\"PI_WEEKLY\",\"PR_PhysFuncMob\",\"PR_Fatigue\",\"PR_PainInt\",\"PR_Anxiety\",\"CAT\"],\"parentactivity\":\"CA2\"}','2017-04-13 11:00:00',NULL,NULL,'Sickle Cell Weekly Survey','Weekly Survey To be completed for Sickle Cell disease patients'),(4390,'2017-08-03 05:01:00','2017-08-05 04:59:00',NULL,NULL,'pending','4001','{\"sequence\":[\"PI_WEEKLY\",\"PR_PhysFuncMob\",\"PR_Fatigue\",\"PR_PainInt\",\"PR_Anxiety\",\"CAT\"],\"parentactivity\":\"CA2\"}','2017-04-13 11:00:00',NULL,NULL,'Sickle Cell Weekly Survey','Weekly Survey To be completed for Sickle Cell disease patients'),(4391,'2017-08-10 05:01:00','2017-08-12 04:59:00',NULL,NULL,'pending','4001','{\"sequence\":[\"PI_WEEKLY\",\"PR_PhysFuncMob\",\"PR_Fatigue\",\"PR_PainInt\",\"PR_Anxiety\",\"CAT\"],\"parentactivity\":\"CA2\"}','2017-04-13 11:00:00',NULL,NULL,'Sickle Cell Weekly Survey','Weekly Survey To be completed for Sickle Cell disease patients'),(4392,'2017-08-17 05:01:00','2017-08-19 04:59:00',NULL,NULL,'pending','4001','{\"sequence\":[\"PI_WEEKLY\",\"PR_PhysFuncMob\",\"PR_Fatigue\",\"PR_PainInt\",\"PR_Anxiety\",\"CAT\"],\"parentactivity\":\"CA2\"}','2017-04-13 11:00:00',NULL,NULL,'Sickle Cell Weekly Survey','Weekly Survey To be completed for Sickle Cell disease patients'),(4393,'2017-08-24 05:01:00','2017-08-26 04:59:00',NULL,NULL,'pending','4001','{\"sequence\":[\"PI_WEEKLY\",\"PR_PhysFuncMob\",\"PR_Fatigue\",\"PR_PainInt\",\"PR_Anxiety\",\"CAT\"],\"parentactivity\":\"CA2\"}','2017-04-13 11:00:00',NULL,NULL,'Sickle Cell Weekly Survey','Weekly Survey To be completed for Sickle Cell disease patients'),(4394,'2017-08-31 05:01:00','2017-09-02 04:59:00',NULL,NULL,'pending','4001','{\"sequence\":[\"PI_WEEKLY\",\"PR_PhysFuncMob\",\"PR_Fatigue\",\"PR_PainInt\",\"PR_Anxiety\",\"CAT\"],\"parentactivity\":\"CA2\"}','2017-04-13 11:00:00',NULL,NULL,'Sickle Cell Weekly Survey','Weekly Survey To be completed for Sickle Cell disease patients'),(4395,'2017-09-07 05:01:00','2017-09-09 04:59:00',NULL,NULL,'pending','4001','{\"sequence\":[\"PI_WEEKLY\",\"PR_PhysFuncMob\",\"PR_Fatigue\",\"PR_PainInt\",\"PR_Anxiety\",\"CAT\"],\"parentactivity\":\"CA2\"}','2017-04-13 11:00:00',NULL,NULL,'Sickle Cell Weekly Survey','Weekly Survey To be completed for Sickle Cell disease patients'),(4396,'2017-09-14 05:01:00','2017-09-16 04:59:00',NULL,NULL,'pending','4001','{\"sequence\":[\"PI_WEEKLY\",\"PR_PhysFuncMob\",\"PR_Fatigue\",\"PR_PainInt\",\"PR_Anxiety\",\"CAT\"],\"parentactivity\":\"CA2\"}','2017-04-13 11:00:00',NULL,NULL,'Sickle Cell Weekly Survey','Weekly Survey To be completed for Sickle Cell disease patients'),(4397,'2017-09-21 05:01:00','2017-09-23 04:59:00',NULL,NULL,'pending','4001','{\"sequence\":[\"PI_WEEKLY\",\"PR_PhysFuncMob\",\"PR_Fatigue\",\"PR_PainInt\",\"PR_Anxiety\",\"CAT\"],\"parentactivity\":\"CA2\"}','2017-04-13 11:00:00',NULL,NULL,'Sickle Cell Weekly Survey','Weekly Survey To be completed for Sickle Cell disease patients'),(4398,'2017-09-28 05:01:00','2017-09-30 04:59:00',NULL,NULL,'pending','4001','{\"sequence\":[\"PI_WEEKLY\",\"PR_PhysFuncMob\",\"PR_Fatigue\",\"PR_PainInt\",\"PR_Anxiety\",\"CAT\"],\"parentactivity\":\"CA2\"}','2017-04-13 11:00:00',NULL,NULL,'Sickle Cell Weekly Survey','Weekly Survey To be completed for Sickle Cell disease patients'),(4399,'2017-10-05 05:01:00','2017-10-07 04:59:00',NULL,NULL,'pending','4001','{\"sequence\":[\"PI_WEEKLY\",\"PR_PhysFuncMob\",\"PR_Fatigue\",\"PR_PainInt\",\"PR_Anxiety\",\"CAT\"],\"parentactivity\":\"CA2\"}','2017-04-13 11:00:00',NULL,NULL,'Sickle Cell Weekly Survey','Weekly Survey To be completed for Sickle Cell disease patients'),(4400,'2017-10-12 05:01:00','2017-10-14 04:59:00',NULL,NULL,'pending','4001','{\"sequence\":[\"PI_WEEKLY\",\"PR_PhysFuncMob\",\"PR_Fatigue\",\"PR_PainInt\",\"PR_Anxiety\",\"CAT\"],\"parentactivity\":\"CA2\"}','2017-04-13 11:00:00',NULL,NULL,'Sickle Cell Weekly Survey','Weekly Survey To be completed for Sickle Cell disease patients'),(4401,'2017-10-19 05:01:00','2017-10-21 04:59:00',NULL,NULL,'pending','4001','{\"sequence\":[\"PI_WEEKLY\",\"PR_PhysFuncMob\",\"PR_Fatigue\",\"PR_PainInt\",\"PR_Anxiety\",\"CAT\"],\"parentactivity\":\"CA2\"}','2017-04-13 11:00:00',NULL,NULL,'Sickle Cell Weekly Survey','Weekly Survey To be completed for Sickle Cell disease patients'),(4402,'2017-10-26 05:01:00','2017-10-28 04:59:00',NULL,NULL,'pending','4001','{\"sequence\":[\"PI_WEEKLY\",\"PR_PhysFuncMob\",\"PR_Fatigue\",\"PR_PainInt\",\"PR_Anxiety\",\"CAT\"],\"parentactivity\":\"CA2\"}','2017-04-13 11:00:00',NULL,NULL,'Sickle Cell Weekly Survey','Weekly Survey To be completed for Sickle Cell disease patients'),(4403,'2017-11-02 05:01:00','2017-11-04 04:59:00',NULL,NULL,'pending','4001','{\"sequence\":[\"PI_WEEKLY\",\"PR_PhysFuncMob\",\"PR_Fatigue\",\"PR_PainInt\",\"PR_Anxiety\",\"CAT\"],\"parentactivity\":\"CA2\"}','2017-04-13 11:00:00',NULL,NULL,'Sickle Cell Weekly Survey','Weekly Survey To be completed for Sickle Cell disease patients'),(4404,'2017-11-09 05:01:00','2017-11-11 04:59:00',NULL,NULL,'pending','4001','{\"sequence\":[\"PI_WEEKLY\",\"PR_PhysFuncMob\",\"PR_Fatigue\",\"PR_PainInt\",\"PR_Anxiety\",\"CAT\"],\"parentactivity\":\"CA2\"}','2017-04-13 11:00:00',NULL,NULL,'Sickle Cell Weekly Survey','Weekly Survey To be completed for Sickle Cell disease patients'),(4405,'2017-11-16 05:01:00','2017-11-18 04:59:00',NULL,NULL,'pending','4001','{\"sequence\":[\"PI_WEEKLY\",\"PR_PhysFuncMob\",\"PR_Fatigue\",\"PR_PainInt\",\"PR_Anxiety\",\"CAT\"],\"parentactivity\":\"CA2\"}','2017-04-13 11:00:00',NULL,NULL,'Sickle Cell Weekly Survey','Weekly Survey To be completed for Sickle Cell disease patients'),(4406,'2017-11-23 05:01:00','2017-11-25 04:59:00',NULL,NULL,'pending','4001','{\"sequence\":[\"PI_WEEKLY\",\"PR_PhysFuncMob\",\"PR_Fatigue\",\"PR_PainInt\",\"PR_Anxiety\",\"CAT\"],\"parentactivity\":\"CA2\"}','2017-04-13 11:00:00',NULL,NULL,'Sickle Cell Weekly Survey','Weekly Survey To be completed for Sickle Cell disease patients'),(4407,'2017-11-30 05:01:00','2017-12-02 04:59:00',NULL,NULL,'pending','4001','{\"sequence\":[\"PI_WEEKLY\",\"PR_PhysFuncMob\",\"PR_Fatigue\",\"PR_PainInt\",\"PR_Anxiety\",\"CAT\"],\"parentactivity\":\"CA2\"}','2017-04-13 11:00:00',NULL,NULL,'Sickle Cell Weekly Survey','Weekly Survey To be completed for Sickle Cell disease patients'),(4408,'2017-12-07 05:01:00','2017-12-09 04:59:00',NULL,NULL,'pending','4001','{\"sequence\":[\"PI_WEEKLY\",\"PR_PhysFuncMob\",\"PR_Fatigue\",\"PR_PainInt\",\"PR_Anxiety\",\"CAT\"],\"parentactivity\":\"CA2\"}','2017-04-13 11:00:00',NULL,NULL,'Sickle Cell Weekly Survey','Weekly Survey To be completed for Sickle Cell disease patients'),(4409,'2017-12-14 05:01:00','2017-12-16 04:59:00',NULL,NULL,'pending','4001','{\"sequence\":[\"PI_WEEKLY\",\"PR_PhysFuncMob\",\"PR_Fatigue\",\"PR_PainInt\",\"PR_Anxiety\",\"CAT\"],\"parentactivity\":\"CA2\"}','2017-04-13 11:00:00',NULL,NULL,'Sickle Cell Weekly Survey','Weekly Survey To be completed for Sickle Cell disease patients'),(4410,'2017-12-21 05:01:00','2017-12-23 04:59:00',NULL,NULL,'pending','4001','{\"sequence\":[\"PI_WEEKLY\",\"PR_PhysFuncMob\",\"PR_Fatigue\",\"PR_PainInt\",\"PR_Anxiety\",\"CAT\"],\"parentactivity\":\"CA2\"}','2017-04-13 11:00:00',NULL,NULL,'Sickle Cell Weekly Survey','Weekly Survey To be completed for Sickle Cell disease patients'),(4411,'2017-12-28 05:01:00','2017-12-30 04:59:00',NULL,NULL,'pending','4001','{\"sequence\":[\"PI_WEEKLY\",\"PR_PhysFuncMob\",\"PR_Fatigue\",\"PR_PainInt\",\"PR_Anxiety\",\"CAT\"],\"parentactivity\":\"CA2\"}','2017-04-13 11:00:00',NULL,NULL,'Sickle Cell Weekly Survey','Weekly Survey To be completed for Sickle Cell disease patients'),(4412,'2018-01-04 05:01:00','2018-01-06 04:59:00',NULL,NULL,'pending','4001','{\"sequence\":[\"PI_WEEKLY\",\"PR_PhysFuncMob\",\"PR_Fatigue\",\"PR_PainInt\",\"PR_Anxiety\",\"CAT\"],\"parentactivity\":\"CA2\"}','2017-04-13 11:00:00',NULL,NULL,'Sickle Cell Weekly Survey','Weekly Survey To be completed for Sickle Cell disease patients'),(4581,'2017-04-28 22:38:46','2017-04-29 04:59:00','2017-04-28 23:12:18','2017-04-28 23:12:18','completed','2001','{\"sequence\":[\"PI_DAILY\",\"MA\"],\"parentactivity\":\"CA3\"}','2017-04-28 22:37:46',NULL,NULL,'Sickle Cell Daily Survey','Daily Survey To be completed for Sickle Cell disease patients'),(4582,'2017-04-28 23:13:32','2017-04-29 04:59:00','2017-04-28 23:14:48','2017-04-28 23:14:48','completed','2001','{\"sequence\":[\"PI_DAILY\",\"MA\"],\"parentactivity\":\"CA3\"}','2017-04-28 23:12:32',NULL,NULL,'Sickle Cell Daily Survey','Daily Survey To be completed for Sickle Cell disease patients'),(4583,'2017-04-28 23:18:47','2017-04-29 04:59:00',NULL,NULL,'expired','2001','{\"sequence\":[\"PI_DAILY\",\"MA\"],\"parentactivity\":\"CA3\"}','2017-04-28 23:17:47',NULL,NULL,'Sickle Cell Daily Survey','Daily Survey To be completed for Sickle Cell disease patients');
/*!40000 ALTER TABLE `activity_instance` ENABLE KEYS */;
UNLOCK TABLES;

--
-- Table structure for table `apptoapiversion`
--

DROP TABLE IF EXISTS `apptoapiversion`;
/*!40101 SET @saved_cs_client     = @@character_set_client */;
/*!40101 SET character_set_client = utf8 */;
CREATE TABLE `apptoapiversion` (
  `appversion` varchar(50) NOT NULL,
  `apiversion` varchar(50) DEFAULT NULL,
  PRIMARY KEY (`appversion`)
) ENGINE=InnoDB DEFAULT CHARSET=utf8;
/*!40101 SET character_set_client = @saved_cs_client */;

--
-- Dumping data for table `apptoapiversion`
--

LOCK TABLES `apptoapiversion` WRITE;
/*!40000 ALTER TABLE `apptoapiversion` DISABLE KEYS */;
INSERT INTO `apptoapiversion` VALUES ('1.2.1-10-3.0-iOS','v31'),('1.2.2-4-3.0-iOS','v311'),('2-1.1.11072016-2-3.0-Android','v31'),('2-1.1.11072016-2-3.0-ios','v31'),('3-1.1.12182016-3-3.0-Android','v31'),('4-1.1.01302017-4-3.0-Android','v311');
/*!40000 ALTER TABLE `apptoapiversion` ENABLE KEYS */;
UNLOCK TABLES;

--
-- Table structure for table `badge_powerups`
--

DROP TABLE IF EXISTS `badge_powerups`;
/*!40101 SET @saved_cs_client     = @@character_set_client */;
/*!40101 SET character_set_client = utf8 */;
CREATE TABLE `badge_powerups` (
  `Id` int(11) NOT NULL AUTO_INCREMENT,
  `BadgeIdFK` int(11) NOT NULL,
  `PowerupIdFK` int(11) NOT NULL,
  `PowerupCount` int(11) NOT NULL,
  PRIMARY KEY (`Id`),
  KEY `BadgeIdFK2_idx` (`BadgeIdFK`),
  KEY `PowerupIDFK1_idx` (`PowerupIdFK`),
  CONSTRAINT `BadgeIdFK2` FOREIGN KEY (`BadgeIdFK`) REFERENCES `badges` (`Id`) ON DELETE NO ACTION ON UPDATE NO ACTION,
  CONSTRAINT `PowerupIDFK1` FOREIGN KEY (`PowerupIdFK`) REFERENCES `powerups` (`Id`) ON DELETE NO ACTION ON UPDATE NO ACTION
) ENGINE=InnoDB AUTO_INCREMENT=7 DEFAULT CHARSET=utf8;
/*!40101 SET character_set_client = @saved_cs_client */;

--
-- Dumping data for table `badge_powerups`
--

LOCK TABLES `badge_powerups` WRITE;
/*!40000 ALTER TABLE `badge_powerups` DISABLE KEYS */;
INSERT INTO `badge_powerups` VALUES (1,1,1,1),(2,2,1,3),(3,3,1,5),(4,4,1,1),(5,5,1,3),(6,6,1,5);
/*!40000 ALTER TABLE `badge_powerups` ENABLE KEYS */;
UNLOCK TABLES;

--
-- Table structure for table `badges`
--

DROP TABLE IF EXISTS `badges`;
/*!40101 SET @saved_cs_client     = @@character_set_client */;
/*!40101 SET character_set_client = utf8 */;
CREATE TABLE `badges` (
  `Id` int(11) NOT NULL AUTO_INCREMENT,
  `Name` varchar(255) NOT NULL,
  `Description` varchar(255) DEFAULT NULL,
  `Type` varchar(45) NOT NULL,
  PRIMARY KEY (`Id`)
) ENGINE=InnoDB AUTO_INCREMENT=7 DEFAULT CHARSET=utf8;
/*!40101 SET character_set_client = @saved_cs_client */;

--
-- Dumping data for table `badges`
--

LOCK TABLES `badges` WRITE;
/*!40000 ALTER TABLE `badges` DISABLE KEYS */;
INSERT INTO `badges` VALUES (1,'Weekly Badge','This badge means you have completed a Weekly Survey, way to go!','weekly1'),(2,'3 Weekly Badge','This badge means you have completed 3 Weekly Surveys in a row, great job!','weekly3'),(3,'5 Weekly Badge','This badge means you have completed 5 Weekly Surveys in a row, AWESOME!!!','weekly5'),(4,'Daily Badge','This badge means you have completed a Daily Survey, keep it up!','daily1'),(5,'3 Daily Badge','This badge means you have completed 3 Daily Surveys in a row, excellent!','daily3'),(6,'5 Daily Badge','This badge means you have completed 5 Daily Surveys in a row, fantastic!!!','daily5');
/*!40000 ALTER TABLE `badges` ENABLE KEYS */;
UNLOCK TABLES;

--
-- Table structure for table `cat_mapping`
--

DROP TABLE IF EXISTS `cat_mapping`;
/*!40101 SET @saved_cs_client     = @@character_set_client */;
/*!40101 SET character_set_client = utf8 */;
CREATE TABLE `cat_mapping` (
  `QuestionIdFK` int(11) NOT NULL,
  `NestedQuestionIdFK` int(11) NOT NULL,
  `NextQuestionIdFK` int(11) NOT NULL,
  KEY `QuestionIdFK_idx` (`QuestionIdFK`),
  KEY `NestedQuestionIdFK_idx` (`NestedQuestionIdFK`),
  KEY `NextQuestionIdFK3_idx` (`NextQuestionIdFK`),
  CONSTRAINT `NestedQuestionIdFK2` FOREIGN KEY (`NestedQuestionIdFK`) REFERENCES `questions` (`QuestionId`) ON DELETE NO ACTION ON UPDATE NO ACTION,
  CONSTRAINT `QuestionIdFK1` FOREIGN KEY (`QuestionIdFK`) REFERENCES `questions` (`QuestionId`) ON DELETE NO ACTION ON UPDATE NO ACTION
) ENGINE=InnoDB DEFAULT CHARSET=utf8;
/*!40101 SET character_set_client = @saved_cs_client */;

--
-- Dumping data for table `cat_mapping`
--

LOCK TABLES `cat_mapping` WRITE;
/*!40000 ALTER TABLE `cat_mapping` DISABLE KEYS */;
INSERT INTO `cat_mapping` VALUES (77,78,79),(79,80,81),(94,95,96),(96,97,98),(99,100,101),(101,102,103);
/*!40000 ALTER TABLE `cat_mapping` ENABLE KEYS */;
UNLOCK TABLES;

--
-- Table structure for table `games`
--

DROP TABLE IF EXISTS `games`;
/*!40101 SET @saved_cs_client     = @@character_set_client */;
/*!40101 SET character_set_client = utf8 */;
CREATE TABLE `games` (
  `Id` int(11) NOT NULL AUTO_INCREMENT,
  `Name` varchar(255) NOT NULL,
  `Description` varchar(255) DEFAULT NULL,
  PRIMARY KEY (`Id`)
) ENGINE=InnoDB AUTO_INCREMENT=4 DEFAULT CHARSET=utf8;
/*!40101 SET character_set_client = @saved_cs_client */;

--
-- Dumping data for table `games`
--

LOCK TABLES `games` WRITE;
/*!40000 ALTER TABLE `games` DISABLE KEYS */;
INSERT INTO `games` VALUES (1,'Pappu Pakia','Flappy Bird Game'),(2,'Squirts','Squirts Game'),(3,'Parity','Parity Game');
/*!40000 ALTER TABLE `games` ENABLE KEYS */;
UNLOCK TABLES;

--
-- Table structure for table `join_activity`
--

DROP TABLE IF EXISTS `join_activity`;
/*!40101 SET @saved_cs_client     = @@character_set_client */;
/*!40101 SET character_set_client = utf8 */;
CREATE TABLE `join_activity` (
  `ParentActivityId` char(36) NOT NULL,
  `ChildActivityId` char(36) NOT NULL,
  `Ordering` int(11) NOT NULL,
  `canonicalOrder` varchar(45) NOT NULL,
  PRIMARY KEY (`ParentActivityId`,`ChildActivityId`),
  KEY `join_activity_ibfk_2` (`ChildActivityId`),
  CONSTRAINT `join_activity_ibfk_1` FOREIGN KEY (`ParentActivityId`) REFERENCES `activity` (`ActivityId`) ON DELETE CASCADE ON UPDATE CASCADE,
  CONSTRAINT `join_activity_ibfk_2` FOREIGN KEY (`ChildActivityId`) REFERENCES `activity` (`ActivityId`)
) ENGINE=InnoDB DEFAULT CHARSET=utf8;
/*!40101 SET character_set_client = @saved_cs_client */;

--
-- Dumping data for table `join_activity`
--

LOCK TABLES `join_activity` WRITE;
/*!40000 ALTER TABLE `join_activity` DISABLE KEYS */;
INSERT INTO `join_activity` VALUES ('CA2','CAT',3,'INTERLEAVE_ORDER'),('CA2','PI_WEEKLY',1,'INTERLEAVE_ORDER'),('CA2','PR_24SQ',2,'INTERLEAVE_ORDER'),('CA2_WITHOUT_PI','CAT',2,'INTERLEAVE_ORDER'),('CA2_WITHOUT_PI','PR_24SQ',1,'INTERLEAVE_ORDER'),('CA3','MA',2,'INTERLEAVE_ORDER'),('CA3','PI_DAILY',1,'INTERLEAVE_ORDER'),('CA3_WITHOUT_PI','MA',2,'INTERLEAVE_ORDER'),('CA4','PR_2SQ',2,'INTERLEAVE_ORDER'),('PR_24SQ','PR_Anxiety',1,'RANDOM'),('PR_24SQ','PR_Fatigue',1,'RANDOM'),('PR_24SQ','PR_PainInt',1,'RANDOM'),('PR_24SQ','PR_PhysFuncMob',1,'RANDOM'),('PR_2SQ','PR_Anxiety',1,'RANDOM'),('PR_2SQ','PR_PainInt',1,'RANDOM');
/*!40000 ALTER TABLE `join_activity` ENABLE KEYS */;
UNLOCK TABLES;

--
-- Table structure for table `logs`
--

DROP TABLE IF EXISTS `logs`;
/*!40101 SET @saved_cs_client     = @@character_set_client */;
/*!40101 SET character_set_client = utf8 */;
CREATE TABLE `logs` (
  `id` int(11) NOT NULL AUTO_INCREMENT,
  `log_date` date NOT NULL,
  `log_location` varchar(255) NOT NULL,
  `log_type` varchar(10) NOT NULL,
  `log_message` varchar(1000) NOT NULL,
  PRIMARY KEY (`id`)
) ENGINE=InnoDB AUTO_INCREMENT=10 DEFAULT CHARSET=utf8;
/*!40101 SET character_set_client = @saved_cs_client */;

--
-- Dumping data for table `logs`
--

LOCK TABLES `logs` WRITE;
/*!40000 ALTER TABLE `logs` DISABLE KEYS */;
INSERT INTO `logs` VALUES (1,'2016-08-03','PromisService.java:80','INFO','The PIN is invalid'),(2,'2016-08-03','PromisService.java:101','INFO','Survey instance is not active'),(3,'2016-08-03','PromisService.java:109','INFO','Survey instance has expired'),(4,'2016-08-03','PromisService.java:109','INFO','Survey instance has expired'),(5,'2016-08-03','PromisService.java:109','INFO','Survey instance has expired'),(6,'2016-08-03','PromisService.java:109','INFO','Survey instance has expired'),(7,'2016-08-03','PromisService.java:94','INFO','The Activity Instance ID is not for the given Patient Pin.'),(8,'2016-08-03','PromisService.java:109','INFO','Survey instance has expired'),(9,'2016-08-03','PromisService.java:116','INFO','Survey instance has been completed');
/*!40000 ALTER TABLE `logs` ENABLE KEYS */;
UNLOCK TABLES;

--
-- Table structure for table `medication_information`
--

DROP TABLE IF EXISTS `medication_information`;
/*!40101 SET @saved_cs_client     = @@character_set_client */;
/*!40101 SET character_set_client = utf8 */;
CREATE TABLE `medication_information` (
  `PatientPINFK` varchar(5) NOT NULL,
  `MedicationName` varchar(45) NOT NULL,
  `defaultDosage` int(2) DEFAULT NULL,
  `prescribedDosage` int(2) DEFAULT NULL,
  `noOfTablets` int(2) DEFAULT NULL,
  `units` varchar(45) DEFAULT NULL,
  PRIMARY KEY (`PatientPINFK`,`MedicationName`),
  CONSTRAINT `PatientPINFK` FOREIGN KEY (`PatientPINFK`) REFERENCES `patients` (`PatientPin`) ON DELETE NO ACTION ON UPDATE NO ACTION
) ENGINE=InnoDB DEFAULT CHARSET=utf8;
/*!40101 SET character_set_client = @saved_cs_client */;

--
-- Dumping data for table `medication_information`
--

LOCK TABLES `medication_information` WRITE;
/*!40000 ALTER TABLE `medication_information` DISABLE KEYS */;
INSERT INTO `medication_information` VALUES ('2001','Dilaudid ',100,200,2,'mg'),('2001','Oxycodone ',5,5,3,'mg'),('2001','Tramadol ',2,50,1,'mg'),('2001','Tylenol with codeine',1,1,4,'mg'),('3001','Dilaudid ',100,200,2,'mg'),('3001','Ibuprofen ',200,200,3,'mg'),('3001','Naprosyn ',125,250,2,'mg'),('3001','Oxycodone ',5,5,3,'mg'),('3001','Percocet ',1,1,3,'mg'),('3001','Tramadol ',2,50,1,'mg'),('3001','Tylenol with codeine',1,1,4,'mg'),('4001','Dilaudid ',100,200,2,'mg'),('4001','Oxycodone ',5,5,3,'mg'),('4001','Tramadol ',2,50,1,'mg'),('4001','Tylenol with codeine',1,1,4,'mg');
/*!40000 ALTER TABLE `medication_information` ENABLE KEYS */;
UNLOCK TABLES;

--
-- Table structure for table `patient_activity_quality`
--

DROP TABLE IF EXISTS `patient_activity_quality`;
/*!40101 SET @saved_cs_client     = @@character_set_client */;
/*!40101 SET character_set_client = utf8 */;
CREATE TABLE `patient_activity_quality` (
  `Id` int(11) NOT NULL AUTO_INCREMENT,
  `PatientPinFK` varchar(5) NOT NULL,
  `ActivityInstanceIdFK` int(11) NOT NULL,
  `QualityFlag` varchar(45) DEFAULT NULL,
  `Algorithm` varchar(45) DEFAULT NULL,
  `CreatedAt` datetime NOT NULL,
  PRIMARY KEY (`Id`),
  KEY `PatientPinFK9_idx` (`PatientPinFK`),
  KEY `ActivityInstanceIdFK9_idx` (`ActivityInstanceIdFK`),
  CONSTRAINT `ActivityInstanceIdFK9` FOREIGN KEY (`ActivityInstanceIdFK`) REFERENCES `activity_instance` (`ActivityInstanceId`) ON DELETE NO ACTION ON UPDATE NO ACTION,
  CONSTRAINT `PatientPinFK9` FOREIGN KEY (`PatientPinFK`) REFERENCES `patients` (`PatientPin`) ON DELETE NO ACTION ON UPDATE NO ACTION
) ENGINE=InnoDB DEFAULT CHARSET=utf8;
/*!40101 SET character_set_client = @saved_cs_client */;

--
-- Dumping data for table `patient_activity_quality`
--

LOCK TABLES `patient_activity_quality` WRITE;
/*!40000 ALTER TABLE `patient_activity_quality` DISABLE KEYS */;
/*!40000 ALTER TABLE `patient_activity_quality` ENABLE KEYS */;
UNLOCK TABLES;

--
-- Table structure for table `patient_badges`
--

DROP TABLE IF EXISTS `patient_badges`;
/*!40101 SET @saved_cs_client     = @@character_set_client */;
/*!40101 SET character_set_client = utf8 */;
CREATE TABLE `patient_badges` (
  `Id` int(11) NOT NULL AUTO_INCREMENT,
  `PatientPinFK` varchar(5) NOT NULL,
  `BadgeIdFK` int(11) NOT NULL,
  `ActivityInstanceIdFK` int(11) NOT NULL,
  `Used` tinyint(1) NOT NULL,
  `CreatedAt` datetime NOT NULL,
  `UpdatedAt` datetime NOT NULL,
  PRIMARY KEY (`Id`),
  KEY `PatientPinFK7_idx` (`PatientPinFK`),
  KEY `BadgIdFK1_idx` (`BadgeIdFK`),
  KEY `ActivityInstanceIdFK2_idx` (`ActivityInstanceIdFK`),
  CONSTRAINT `ActivityInstanceIdFK2` FOREIGN KEY (`ActivityInstanceIdFK`) REFERENCES `activity_instance` (`ActivityInstanceId`) ON DELETE NO ACTION ON UPDATE NO ACTION,
  CONSTRAINT `BadgIdFK1` FOREIGN KEY (`BadgeIdFK`) REFERENCES `badges` (`Id`) ON DELETE NO ACTION ON UPDATE NO ACTION,
  CONSTRAINT `PatientPinFK7` FOREIGN KEY (`PatientPinFK`) REFERENCES `patients` (`PatientPin`) ON DELETE NO ACTION ON UPDATE NO ACTION
) ENGINE=InnoDB AUTO_INCREMENT=220 DEFAULT CHARSET=utf8;
/*!40101 SET character_set_client = @saved_cs_client */;

--
-- Dumping data for table `patient_badges`
--

LOCK TABLES `patient_badges` WRITE;
/*!40000 ALTER TABLE `patient_badges` DISABLE KEYS */;
INSERT INTO `patient_badges` VALUES (1,'2001',4,1480,1,'2016-12-16 07:12:33','2016-12-16 07:12:46'),(2,'2001',1,1479,0,'2016-12-16 07:14:48','2016-12-16 07:14:48'),(3,'4001',1,1485,1,'2016-12-16 07:20:38','2017-02-08 04:57:33'),(4,'2001',4,1490,0,'2016-12-16 07:24:32','2016-12-16 07:24:32'),(5,'4001',4,1488,0,'2016-12-16 07:55:58','2016-12-16 07:55:58'),(6,'4001',4,1487,1,'2016-12-16 07:56:35','2017-02-08 04:57:43'),(7,'4001',1,1486,1,'2016-12-16 07:57:20','2017-02-08 04:57:07'),(21,'4001',1,2075,1,'2017-01-19 22:04:06','2017-02-08 04:57:03'),(173,'2001',4,3400,0,'2017-04-28 22:31:20','2017-04-28 22:31:20'),(174,'2001',4,4581,0,'2017-04-28 23:12:18','2017-04-28 23:12:18'),(175,'2001',5,4582,0,'2017-04-28 23:14:48','2017-04-28 23:14:48');
/*!40000 ALTER TABLE `patient_badges` ENABLE KEYS */;
UNLOCK TABLES;

--
-- Table structure for table `patient_game_play`
--

DROP TABLE IF EXISTS `patient_game_play`;
/*!40101 SET @saved_cs_client     = @@character_set_client */;
/*!40101 SET character_set_client = utf8 */;
CREATE TABLE `patient_game_play` (
  `Id` int(11) NOT NULL AUTO_INCREMENT,
  `PatientPinFK` varchar(5) NOT NULL,
  `GameIdFK` int(11) NOT NULL,
  `StartTime` datetime DEFAULT NULL,
  `EndTime` datetime DEFAULT NULL,
  `CreatedAt` datetime NOT NULL,
  `UpdatedAt` datetime NOT NULL,
  PRIMARY KEY (`Id`),
  KEY `PatientPinFK_idx` (`PatientPinFK`),
  KEY `PatientPinFK6_idx` (`PatientPinFK`),
  KEY `GameIdFK1_idx` (`GameIdFK`),
  CONSTRAINT `GameIdFK1` FOREIGN KEY (`GameIdFK`) REFERENCES `games` (`Id`) ON DELETE NO ACTION ON UPDATE NO ACTION,
  CONSTRAINT `PatientPinFK_6` FOREIGN KEY (`PatientPinFK`) REFERENCES `patients` (`PatientPin`) ON DELETE CASCADE ON UPDATE CASCADE
) ENGINE=InnoDB AUTO_INCREMENT=45 DEFAULT CHARSET=utf8;
/*!40101 SET character_set_client = @saved_cs_client */;

--
-- Dumping data for table `patient_game_play`
--

LOCK TABLES `patient_game_play` WRITE;
/*!40000 ALTER TABLE `patient_game_play` DISABLE KEYS */;
INSERT INTO `patient_game_play` VALUES (1,'2001',2,'2016-12-16 07:12:52','2016-12-16 07:13:25','2016-12-16 07:12:53','2016-12-16 07:13:27'),(34,'4001',2,'2017-02-08 04:26:14','2017-02-08 04:29:56','2017-02-08 04:26:12','2017-02-08 04:29:55'),(35,'4001',2,'2017-02-08 04:57:53','2017-02-08 04:59:52','2017-02-08 04:57:52','2017-02-08 04:59:51');
/*!40000 ALTER TABLE `patient_game_play` ENABLE KEYS */;
UNLOCK TABLES;

--
-- Table structure for table `patient_powerups`
--

DROP TABLE IF EXISTS `patient_powerups`;
/*!40101 SET @saved_cs_client     = @@character_set_client */;
/*!40101 SET character_set_client = utf8 */;
CREATE TABLE `patient_powerups` (
  `Id` int(11) NOT NULL AUTO_INCREMENT,
  `PatientPinFK` varchar(5) NOT NULL,
  `PowerupIdFK` int(11) NOT NULL,
  `Count` int(11) NOT NULL,
  `CreatedAt` datetime NOT NULL,
  `UpdatedAt` datetime NOT NULL,
  PRIMARY KEY (`Id`),
  KEY `PatientPinFK8_idx` (`PatientPinFK`),
  KEY `PowerupIdFK2_idx` (`PowerupIdFK`),
  CONSTRAINT `PatientPinFK8` FOREIGN KEY (`PatientPinFK`) REFERENCES `patients` (`PatientPin`) ON DELETE NO ACTION ON UPDATE NO ACTION,
  CONSTRAINT `PowerupIdFK2` FOREIGN KEY (`PowerupIdFK`) REFERENCES `powerups` (`Id`) ON DELETE NO ACTION ON UPDATE NO ACTION
) ENGINE=InnoDB AUTO_INCREMENT=13 DEFAULT CHARSET=utf8;
/*!40101 SET character_set_client = @saved_cs_client */;

--
-- Dumping data for table `patient_powerups`
--

LOCK TABLES `patient_powerups` WRITE;
/*!40000 ALTER TABLE `patient_powerups` DISABLE KEYS */;
INSERT INTO `patient_powerups` VALUES (1,'2001',1,0,'2016-12-16 07:12:46','2016-12-16 07:12:57'),(4,'4001',1,0,'2017-02-08 04:57:03','2017-02-08 04:59:33');
/*!40000 ALTER TABLE `patient_powerups` ENABLE KEYS */;
UNLOCK TABLES;

--
-- Table structure for table `patients`
--

DROP TABLE IF EXISTS `patients`;
/*!40101 SET @saved_cs_client     = @@character_set_client */;
/*!40101 SET character_set_client = utf8 */;
CREATE TABLE `patients` (
  `PatientPin` varchar(5) NOT NULL,
  `DeviceType` varchar(256) DEFAULT NULL,
  `DeviceVersion` varchar(256) DEFAULT NULL,
  `DateStarted` datetime NOT NULL,
  `DateCompleted` datetime NOT NULL,
  `StageIdFK` char(36) NOT NULL,
  `ParentPinFK` varchar(5) DEFAULT NULL,
  `type` enum('child','adult','parent_proxy') DEFAULT NULL,
  `HydroxyureaPrescribed` varchar(256) DEFAULT NULL,
  `EnhancedContent` tinyint(1) DEFAULT '0',
  PRIMARY KEY (`PatientPin`),
  KEY `ChildPinFK` (`ParentPinFK`),
  KEY `patients_stagefk` (`StageIdFK`),
  CONSTRAINT `patients_ibfk_1` FOREIGN KEY (`ParentPinFK`) REFERENCES `patients` (`PatientPin`) ON DELETE CASCADE ON UPDATE CASCADE,
  CONSTRAINT `patients_stagefk` FOREIGN KEY (`StageIdFK`) REFERENCES `stage` (`StageId`) ON UPDATE CASCADE
) ENGINE=InnoDB DEFAULT CHARSET=utf8;
/*!40101 SET character_set_client = @saved_cs_client */;

--
-- Dumping data for table `patients`
--

LOCK TABLES `patients` WRITE;
/*!40000 ALTER TABLE `patients` DISABLE KEYS */;
INSERT INTO `patients` VALUES ('2001','NULL',NULL,'2016-08-23 07:00:00','2016-08-31 21:12:26','1',NULL,'adult','1',1),('3001','NULL',NULL,'2016-09-23 07:00:00','2016-09-14 07:00:00','1',NULL,'parent_proxy','0',0),('4001','NULL',NULL,'2016-09-23 07:00:00','2016-09-14 07:00:00','1','3001','child','1',1);
/*!40000 ALTER TABLE `patients` ENABLE KEYS */;
UNLOCK TABLES;

--
-- Table structure for table `powerups`
--

DROP TABLE IF EXISTS `powerups`;
/*!40101 SET @saved_cs_client     = @@character_set_client */;
/*!40101 SET character_set_client = utf8 */;
CREATE TABLE `powerups` (
  `Id` int(11) NOT NULL AUTO_INCREMENT,
  `Name` varchar(255) NOT NULL,
  `Description` varchar(255) DEFAULT NULL,
  PRIMARY KEY (`Id`)
) ENGINE=InnoDB AUTO_INCREMENT=2 DEFAULT CHARSET=utf8;
/*!40101 SET character_set_client = @saved_cs_client */;

--
-- Dumping data for table `powerups`
--

LOCK TABLES `powerups` WRITE;
/*!40000 ALTER TABLE `powerups` DISABLE KEYS */;
INSERT INTO `powerups` VALUES (1,'P1','Powerup One');
/*!40000 ALTER TABLE `powerups` ENABLE KEYS */;
UNLOCK TABLES;

--
-- Table structure for table `question_options`
--

DROP TABLE IF EXISTS `question_options`;
/*!40101 SET @saved_cs_client     = @@character_set_client */;
/*!40101 SET character_set_client = utf8 */;
CREATE TABLE `question_options` (
  `QuestionOptionId` int(11) NOT NULL,
  `OptionText` varchar(255) NOT NULL,
  `OptionOrder` int(6) NOT NULL,
  `CreatedAt` datetime NOT NULL,
  `UpdatedAt` datetime NOT NULL,
  `DeletedAt` datetime DEFAULT NULL,
  `QuestionOptionType` int(6) NOT NULL,
  `likertScale` int(11) DEFAULT NULL,
  PRIMARY KEY (`QuestionOptionId`)
) ENGINE=InnoDB DEFAULT CHARSET=utf8;
/*!40101 SET character_set_client = @saved_cs_client */;

--
-- Dumping data for table `question_options`
--

LOCK TABLES `question_options` WRITE;
/*!40000 ALTER TABLE `question_options` DISABLE KEYS */;
INSERT INTO `question_options` VALUES (1,'Never',1,'2016-06-09 14:44:09','2016-06-09 14:44:09',NULL,1,0),(2,'Almost Never',2,'2016-06-09 14:44:09','2016-06-09 14:44:09',NULL,1,1),(3,'Sometimes',3,'2016-06-09 14:44:09','2016-06-09 14:44:09',NULL,1,2),(4,'Often',4,'2016-06-09 14:44:09','2016-06-09 14:44:09',NULL,1,3),(5,'Almost Always',5,'2016-06-09 14:44:09','2016-06-09 14:44:09',NULL,1,4),(6,'With No Trouble',1,'2016-06-09 14:44:09','2016-06-09 14:44:09',NULL,2,4),(7,'With A Little Trouble',2,'2016-06-09 14:44:09','2016-06-09 14:44:09',NULL,2,3),(8,'With Some Trouble',3,'2016-06-09 14:44:09','2016-06-09 14:44:09',NULL,2,2),(9,'With A Lot Of Trouble',4,'2016-06-09 14:44:09','2016-06-09 14:44:09',NULL,2,1),(10,'Not Able To Do',5,'2016-06-09 14:44:09','2016-06-09 14:44:09',NULL,2,0),(11,'1',1,'2016-06-09 14:44:09','2016-06-09 14:44:09',NULL,7,NULL),(12,'2',2,'2016-06-09 14:44:09','2016-06-09 14:44:09',NULL,7,NULL),(13,'3',3,'2016-06-09 14:44:09','2016-06-09 14:44:09',NULL,7,NULL),(14,'4',4,'2016-06-09 14:44:09','2016-06-09 14:44:09',NULL,7,NULL),(15,'5',5,'2016-06-09 14:44:09','2016-06-09 14:44:09',NULL,7,NULL),(16,'6',6,'2016-06-09 14:44:09','2016-06-09 14:44:09',NULL,7,NULL),(17,'7',7,'2016-06-09 14:44:09','2016-06-09 14:44:09',NULL,7,NULL),(18,'8',8,'2016-06-09 14:44:09','2016-06-09 14:44:09',NULL,7,NULL),(19,'9',9,'2016-06-09 14:44:09','2016-06-09 14:44:09',NULL,7,NULL),(20,'10',10,'2016-06-09 14:44:09','2016-06-09 14:44:09',NULL,7,NULL),(21,'front head',11,'2016-06-09 14:44:09','2016-06-09 14:44:09',NULL,7,NULL),(22,'back head',12,'2016-06-09 14:44:09','2016-06-09 14:44:09',NULL,7,NULL),(23,'front left leg',13,'2016-06-09 14:44:09','2016-06-09 14:44:09',NULL,7,NULL),(24,'back left leg',14,'2016-06-09 14:44:09','2016-06-09 14:44:09',NULL,7,NULL),(25,'front right leg',15,'2016-06-09 14:44:09','2016-06-09 14:44:09',NULL,7,NULL),(26,'back right leg',16,'2016-06-09 14:44:09','2016-06-09 14:44:09',NULL,7,NULL),(27,'front chest',17,'2016-06-09 14:44:09','2016-06-09 14:44:09',NULL,7,NULL),(28,'front abdominal',18,'2016-06-09 14:44:09','2016-06-09 14:44:09',NULL,7,NULL),(29,'back',19,'2016-06-09 14:44:09','2016-06-09 14:44:09',NULL,7,NULL),(30,'lower back',20,'2016-06-09 14:44:09','2016-06-09 14:44:09',NULL,7,NULL),(31,'front left arm',21,'2016-06-09 14:44:09','2016-06-09 14:44:09',NULL,7,NULL),(32,'back left arm',22,'2016-06-09 14:44:09','2016-06-09 14:44:09',NULL,7,NULL),(33,'front right arm',23,'2016-06-09 14:44:09','2016-06-09 14:44:09',NULL,7,NULL),(34,'back right arm',24,'2016-06-09 14:44:09','2016-06-09 14:44:09',NULL,7,NULL),(35,'No Pain',25,'2016-06-09 14:44:09','2016-06-09 14:44:09',NULL,7,NULL),(36,'0',26,'2016-06-09 14:44:09','2016-06-09 14:44:09',NULL,7,NULL),(37,'1 to 2',1,'2016-07-29 14:44:09','2016-07-29 14:44:09',NULL,10,NULL),(38,'3 or more',2,'2016-07-29 14:44:09','2016-07-29 14:44:09',NULL,10,NULL),(39,'4 to 5',3,'2016-07-29 14:44:09','2016-07-29 14:44:09',NULL,10,NULL),(40,'6 to 7',4,'2016-07-29 14:44:09','2016-07-29 14:44:09',NULL,10,NULL),(41,'8 to 9',5,'2016-07-29 14:44:09','2016-07-29 14:44:09',NULL,10,NULL),(42,'10',6,'2016-07-29 14:44:09','2016-07-29 14:44:09',NULL,10,NULL),(43,'Not at all',1,'2016-07-29 14:44:09','2016-07-29 14:44:09',NULL,4,1),(44,'A little bit',2,'2016-07-29 14:44:09','2016-07-29 14:44:09',NULL,4,2),(45,'Somewhat',3,'2016-07-29 14:44:09','2016-07-29 14:44:09',NULL,4,3),(46,'Quite a bit',4,'2016-07-29 14:44:09','2016-07-29 14:44:09',NULL,4,4),(47,'Very much',5,'2016-07-29 14:44:09','2016-07-29 14:44:09',NULL,4,5),(48,'Not at all',1,'2016-07-29 14:44:09','2016-07-29 14:44:09',NULL,5,5),(49,'Very little',2,'2016-07-29 14:44:09','2016-07-29 14:44:09',NULL,5,4),(50,'Somewhat',3,'2016-07-29 14:44:09','2016-07-29 14:44:09',NULL,5,3),(51,'Quite a lot',4,'2016-07-29 14:44:09','2016-07-29 14:44:09',NULL,5,2),(52,'Cannot do',5,'2016-07-29 14:44:09','2016-07-29 14:44:09',NULL,5,1),(53,'Without any difficulty',1,'2016-07-29 14:44:09','2016-07-29 14:44:09',NULL,6,4),(54,'With a little difficulty',2,'2016-07-29 14:44:09','2016-07-29 14:44:09',NULL,6,3),(55,'With some difficulty',3,'2016-07-29 14:44:09','2016-07-29 14:44:09',NULL,6,2),(56,'With much difficulty',4,'2016-07-29 14:44:09','2016-07-29 14:44:09',NULL,6,1),(57,'Unable to do',5,'2016-07-29 14:44:09','2016-07-29 14:44:09',NULL,6,0),(58,'Never',1,'2016-07-29 14:44:09','2016-07-29 14:44:09',NULL,3,1),(59,'Rarely',2,'2016-07-29 14:44:09','2016-07-29 14:44:09',NULL,3,2),(60,'Sometimes',3,'2016-07-29 14:44:09','2016-07-29 14:44:09',NULL,3,3),(61,'Often',4,'2016-07-29 14:44:09','2016-07-29 14:44:09',NULL,3,4),(62,'Always',5,'2016-07-29 14:44:09','2016-07-29 14:44:09',NULL,3,5),(63,'Pain',1,'2016-07-29 14:44:09','2016-07-29 14:44:09',NULL,9,NULL),(64,'Fever',2,'2016-07-29 14:44:09','2016-07-29 14:44:09',NULL,9,NULL),(65,'Fatigue',3,'2016-07-29 14:44:09','2016-07-29 14:44:09',NULL,9,NULL),(66,'Anxiety',4,'2016-07-29 14:44:09','2016-07-29 14:44:09',NULL,9,NULL),(67,'Other',5,'2016-07-29 14:44:09','2016-07-29 14:44:09',NULL,9,NULL),(68,'0',1,'2016-07-29 14:44:09','2016-07-29 14:44:09',NULL,8,NULL),(69,'1',2,'2016-07-29 14:44:09','2016-07-29 14:44:09',NULL,8,NULL),(70,'2',3,'2016-07-29 14:44:09','2016-07-29 14:44:09',NULL,8,NULL),(71,'3',4,'2016-07-29 14:44:09','2016-07-29 14:44:09',NULL,8,NULL),(72,'4',5,'2016-07-29 14:44:09','2016-07-29 14:44:09',NULL,8,NULL),(73,'5',6,'2016-07-29 14:44:09','2016-07-29 14:44:09',NULL,8,NULL),(74,'Yes',1,'2016-08-29 15:52:09','2016-08-29 15:52:09',NULL,11,NULL),(75,'No',2,'2016-08-29 15:52:09','2016-08-29 15:52:09',NULL,11,NULL),(76,'Oxycodone ',1,'2016-08-31 15:52:09','2016-08-31 15:52:09',NULL,-1,NULL),(77,'Tramadol ',2,'2016-08-31 15:52:09','2016-08-31 15:52:09',NULL,-1,NULL),(78,'Dilaudid ',3,'2016-08-31 15:52:09','2016-08-31 15:52:09',NULL,-1,NULL),(79,'Tylenol with codeine',4,'2016-08-31 15:52:09','2016-08-31 15:52:09',NULL,-1,NULL),(80,'Percocet ',5,'2016-08-31 15:52:09','2016-08-31 15:52:09',NULL,-1,NULL),(81,'Ibuprofen ',6,'2016-08-31 15:52:09','2016-08-31 15:52:09',NULL,-1,NULL),(82,'Naprosyn ',7,'2016-08-31 15:52:09','2016-08-31 15:52:09',NULL,-1,NULL),(83,'Shoulder Griddle, left',1,'2016-08-31 15:52:09','2016-08-31 15:52:09',NULL,12,NULL),(84,'Shoulder Griddle, right',2,'2016-08-31 15:52:09','2016-08-31 15:52:09',NULL,12,NULL),(85,'Upper arm, left',3,'2016-08-31 15:52:09','2016-08-31 15:52:09',NULL,12,NULL),(86,'Upper arm, right',4,'2016-08-31 15:52:09','2016-08-31 15:52:09',NULL,12,NULL),(87,'Lower arm, left',5,'2016-08-31 15:52:09','2016-08-31 15:52:09',NULL,12,NULL),(88,'Lower arm, right',6,'2016-08-31 15:52:09','2016-08-31 15:52:09',NULL,12,NULL),(89,'Hip (buttock) left',7,'2016-08-31 15:52:09','2016-08-31 15:52:09',NULL,12,NULL),(90,'Hip (buttock) right',8,'2016-08-31 15:52:09','2016-08-31 15:52:09',NULL,12,NULL),(91,'Upper leg, left',9,'2016-08-31 15:52:09','2016-08-31 15:52:09',NULL,12,NULL),(92,'Upper leg, right',10,'2016-08-31 15:52:09','2016-08-31 15:52:09',NULL,12,NULL),(93,'Lower leg, left',11,'2016-08-31 15:52:09','2016-08-31 15:52:09',NULL,13,NULL),(94,'Lower leg, right',12,'2016-08-31 15:52:09','2016-08-31 15:52:09',NULL,13,NULL),(95,'Jaw left',13,'2016-08-31 15:52:09','2016-08-31 15:52:09',NULL,13,NULL),(96,'Jaw right',14,'2016-08-31 15:52:09','2016-08-31 15:52:09',NULL,13,NULL),(97,'Chest',15,'2016-08-31 15:52:09','2016-08-31 15:52:09',NULL,13,NULL),(98,'Abdomen',16,'2016-08-31 15:52:09','2016-08-31 15:52:09',NULL,13,NULL),(99,'Neck',17,'2016-08-31 15:52:09','2016-08-31 15:52:09',NULL,13,NULL),(100,'Upper back',18,'2016-08-31 15:52:09','2016-08-31 15:52:09',NULL,13,NULL),(101,'Lower back',19,'2016-08-31 15:52:09','2016-08-31 15:52:09',NULL,13,NULL),(102,'None of these',11,'2016-08-31 15:52:09','2016-08-31 15:52:09',NULL,12,NULL),(103,'None of these',11,'2016-08-31 15:52:09','2016-08-31 15:52:09',NULL,13,NULL);
/*!40000 ALTER TABLE `question_options` ENABLE KEYS */;
UNLOCK TABLES;

--
-- Table structure for table `question_result`
--

DROP TABLE IF EXISTS `question_result`;
/*!40101 SET @saved_cs_client     = @@character_set_client */;
/*!40101 SET character_set_client = utf8 */;
CREATE TABLE `question_result` (
  `id` int(11) NOT NULL AUTO_INCREMENT,
  `createdAt` datetime NOT NULL,
  `updatedAt` datetime NOT NULL,
  `questionIdFk` int(11) NOT NULL,
  `questionOptionIdFk` int(11) NOT NULL,
  `ActivityInstanceIdFk` int(11) NOT NULL,
  `Value` varchar(256) DEFAULT NULL,
  `dosage` varchar(32) DEFAULT NULL,
  PRIMARY KEY (`id`),
  KEY `questionIdFk_idx` (`questionIdFk`),
  KEY `questionOptionIdFk_idx` (`questionOptionIdFk`),
  KEY `ActivityInstanceIdFk_idx` (`ActivityInstanceIdFk`),
  CONSTRAINT `ActivityInstanceIdFk` FOREIGN KEY (`ActivityInstanceIdFk`) REFERENCES `activity_instance` (`ActivityInstanceId`) ON DELETE NO ACTION ON UPDATE NO ACTION,
  CONSTRAINT `questionIdFk` FOREIGN KEY (`questionIdFk`) REFERENCES `questions` (`QuestionId`) ON DELETE NO ACTION ON UPDATE NO ACTION,
  CONSTRAINT `questionOptionIdFk` FOREIGN KEY (`questionOptionIdFk`) REFERENCES `question_options` (`QuestionOptionId`) ON DELETE NO ACTION ON UPDATE NO ACTION
) ENGINE=InnoDB AUTO_INCREMENT=8314 DEFAULT CHARSET=utf8;
/*!40101 SET character_set_client = @saved_cs_client */;

--
-- Dumping data for table `question_result`
--

LOCK TABLES `question_result` WRITE;
/*!40000 ALTER TABLE `question_result` DISABLE KEYS */;
INSERT INTO `question_result` VALUES (1015,'2016-12-16 07:12:33','2016-12-16 07:12:33',74,35,1480,'',''),(1016,'2016-12-16 07:12:33','2016-12-16 07:12:33',74,36,1480,'',''),(1017,'2016-12-16 07:12:33','2016-12-16 07:12:33',82,67,1480,'vvng',''),(1018,'2016-12-16 07:12:33','2016-12-16 07:12:33',82,76,1480,'','2'),(1019,'2016-12-16 07:12:33','2016-12-16 07:12:33',82,77,1480,'','2'),(1020,'2016-12-16 07:12:33','2016-12-16 07:12:33',82,78,1480,'','0'),(1021,'2016-12-16 07:12:33','2016-12-16 07:12:33',82,79,1480,'','1'),(1022,'2016-12-16 07:12:33','2016-12-16 07:12:33',83,37,1480,'',''),(1023,'2016-12-16 07:12:33','2016-12-16 07:12:33',84,75,1480,'',''),(1024,'2016-12-16 07:14:48','2016-12-16 07:14:48',37,46,1479,'',''),(1025,'2016-12-16 07:14:48','2016-12-16 07:14:48',38,46,1479,'',''),(1026,'2016-12-16 07:14:48','2016-12-16 07:14:48',39,46,1479,'',''),(1027,'2016-12-16 07:14:48','2016-12-16 07:14:48',40,46,1479,'',''),(1028,'2016-12-16 07:14:48','2016-12-16 07:14:48',41,46,1479,'',''),(1029,'2016-12-16 07:14:48','2016-12-16 07:14:48',42,46,1479,'',''),(1030,'2016-12-16 07:14:48','2016-12-16 07:14:48',32,51,1479,'',''),(1031,'2016-12-16 07:14:48','2016-12-16 07:14:48',33,51,1479,'',''),(1032,'2016-12-16 07:14:48','2016-12-16 07:14:48',34,52,1479,'',''),(1033,'2016-12-16 07:14:48','2016-12-16 07:14:48',35,52,1479,'',''),(1034,'2016-12-16 07:14:48','2016-12-16 07:14:48',36,56,1479,'',''),(1035,'2016-12-16 07:14:48','2016-12-16 07:14:48',31,52,1479,'',''),(1036,'2016-12-16 07:14:48','2016-12-16 07:14:48',25,46,1479,'',''),(1037,'2016-12-16 07:14:48','2016-12-16 07:14:48',26,46,1479,'',''),(1038,'2016-12-16 07:14:48','2016-12-16 07:14:48',27,46,1479,'',''),(1039,'2016-12-16 07:14:48','2016-12-16 07:14:48',28,46,1479,'',''),(1040,'2016-12-16 07:14:48','2016-12-16 07:14:48',29,46,1479,'',''),(1041,'2016-12-16 07:14:48','2016-12-16 07:14:48',30,46,1479,'',''),(1042,'2016-12-16 07:14:48','2016-12-16 07:14:48',48,61,1479,'',''),(1043,'2016-12-16 07:14:48','2016-12-16 07:14:48',43,61,1479,'',''),(1044,'2016-12-16 07:14:48','2016-12-16 07:14:48',44,61,1479,'',''),(1045,'2016-12-16 07:14:48','2016-12-16 07:14:48',45,61,1479,'',''),(1046,'2016-12-16 07:14:48','2016-12-16 07:14:48',46,61,1479,'',''),(1047,'2016-12-16 07:14:48','2016-12-16 07:14:48',47,61,1479,'',''),(1048,'2016-12-16 07:14:48','2016-12-16 07:14:48',80,64,1479,'',''),(1049,'2016-12-16 07:14:48','2016-12-16 07:14:48',80,65,1479,'',''),(1050,'2016-12-16 07:14:48','2016-12-16 07:14:48',80,66,1479,'',''),(1051,'2016-12-16 07:14:48','2016-12-16 07:14:48',81,71,1479,'',''),(1052,'2016-12-16 07:14:48','2016-12-16 07:14:48',77,72,1479,'',''),(1053,'2016-12-16 07:14:48','2016-12-16 07:14:48',78,64,1479,'',''),(1054,'2016-12-16 07:14:48','2016-12-16 07:14:48',78,65,1479,'',''),(1055,'2016-12-16 07:14:48','2016-12-16 07:14:48',78,66,1479,'',''),(1056,'2016-12-16 07:14:48','2016-12-16 07:14:48',79,71,1479,'',''),(1057,'2016-12-16 07:14:48','2016-12-16 07:14:48',92,86,1479,'',''),(1058,'2016-12-16 07:14:48','2016-12-16 07:14:48',92,88,1479,'',''),(1059,'2016-12-16 07:14:48','2016-12-16 07:14:48',92,91,1479,'',''),(1060,'2016-12-16 07:14:48','2016-12-16 07:14:48',93,96,1479,'',''),(1061,'2016-12-16 07:14:48','2016-12-16 07:14:48',93,98,1479,'',''),(1062,'2016-12-16 07:20:38','2016-12-16 07:20:38',16,4,1485,'',''),(1063,'2016-12-16 07:20:38','2016-12-16 07:20:38',17,3,1485,'',''),(1064,'2016-12-16 07:20:38','2016-12-16 07:20:38',18,4,1485,'',''),(1065,'2016-12-16 07:20:38','2016-12-16 07:20:38',13,4,1485,'',''),(1066,'2016-12-16 07:20:38','2016-12-16 07:20:38',14,3,1485,'',''),(1067,'2016-12-16 07:20:38','2016-12-16 07:20:38',15,3,1485,'',''),(1068,'2016-12-16 07:20:38','2016-12-16 07:20:38',7,7,1485,'',''),(1069,'2016-12-16 07:20:38','2016-12-16 07:20:38',8,9,1485,'',''),(1070,'2016-12-16 07:20:38','2016-12-16 07:20:38',9,9,1485,'',''),(1071,'2016-12-16 07:20:38','2016-12-16 07:20:38',10,9,1485,'',''),(1072,'2016-12-16 07:20:38','2016-12-16 07:20:38',11,8,1485,'',''),(1073,'2016-12-16 07:20:38','2016-12-16 07:20:38',12,9,1485,'',''),(1074,'2016-12-16 07:20:38','2016-12-16 07:20:38',1,4,1485,'',''),(1075,'2016-12-16 07:20:38','2016-12-16 07:20:38',2,4,1485,'',''),(1076,'2016-12-16 07:20:38','2016-12-16 07:20:38',3,4,1485,'',''),(1077,'2016-12-16 07:20:38','2016-12-16 07:20:38',4,4,1485,'',''),(1078,'2016-12-16 07:20:38','2016-12-16 07:20:38',5,3,1485,'',''),(1079,'2016-12-16 07:20:38','2016-12-16 07:20:38',6,3,1485,'',''),(1080,'2016-12-16 07:20:38','2016-12-16 07:20:38',19,4,1485,'',''),(1081,'2016-12-16 07:20:38','2016-12-16 07:20:38',20,4,1485,'',''),(1082,'2016-12-16 07:20:38','2016-12-16 07:20:38',21,3,1485,'',''),(1083,'2016-12-16 07:20:38','2016-12-16 07:20:38',22,3,1485,'',''),(1084,'2016-12-16 07:20:38','2016-12-16 07:20:38',23,2,1485,'',''),(1085,'2016-12-16 07:20:38','2016-12-16 07:20:38',24,3,1485,'',''),(1086,'2016-12-16 07:20:38','2016-12-16 07:20:38',96,70,1485,'',''),(1087,'2016-12-16 07:20:38','2016-12-16 07:20:38',97,65,1485,'',''),(1088,'2016-12-16 07:20:38','2016-12-16 07:20:38',98,71,1485,'',''),(1089,'2016-12-16 07:20:38','2016-12-16 07:20:38',94,71,1485,'',''),(1090,'2016-12-16 07:20:38','2016-12-16 07:20:38',95,66,1485,'',''),(1091,'2016-12-16 07:20:38','2016-12-16 07:20:38',92,83,1485,'',''),(1092,'2016-12-16 07:20:38','2016-12-16 07:20:38',92,87,1485,'',''),(1093,'2016-12-16 07:20:38','2016-12-16 07:20:38',93,98,1485,'',''),(1094,'2016-12-16 07:24:32','2016-12-16 07:24:32',74,35,1490,'',''),(1095,'2016-12-16 07:24:32','2016-12-16 07:24:32',74,36,1490,'',''),(1096,'2016-12-16 07:24:32','2016-12-16 07:24:32',82,76,1490,'','4'),(1097,'2016-12-16 07:24:32','2016-12-16 07:24:32',82,77,1490,'','2'),(1098,'2016-12-16 07:24:32','2016-12-16 07:24:32',82,78,1490,'','3'),(1099,'2016-12-16 07:24:32','2016-12-16 07:24:32',82,79,1490,'','4*'),(1100,'2016-12-16 07:24:32','2016-12-16 07:24:32',83,37,1490,'',''),(1101,'2016-12-16 07:24:32','2016-12-16 07:24:32',84,75,1490,'',''),(1155,'2016-12-16 07:55:58','2016-12-16 07:55:58',74,35,1488,'',''),(1156,'2016-12-16 07:55:58','2016-12-16 07:55:58',74,36,1488,'',''),(1157,'2016-12-16 07:55:58','2016-12-16 07:55:58',89,37,1488,'',''),(1158,'2016-12-16 07:55:58','2016-12-16 07:55:58',90,75,1488,'',''),(1159,'2016-12-16 07:55:58','2016-12-16 07:55:58',76,76,1488,'','3*'),(1160,'2016-12-16 07:55:58','2016-12-16 07:55:58',76,77,1488,'','2'),(1161,'2016-12-16 07:55:58','2016-12-16 07:55:58',76,78,1488,'','4'),(1162,'2016-12-16 07:55:58','2016-12-16 07:55:58',76,79,1488,'','5'),(1163,'2016-12-16 07:56:35','2016-12-16 07:56:35',74,28,1487,'',''),(1164,'2016-12-16 07:56:35','2016-12-16 07:56:35',74,17,1487,'',''),(1165,'2016-12-16 07:56:35','2016-12-16 07:56:35',89,37,1487,'',''),(1166,'2016-12-16 07:56:35','2016-12-16 07:56:35',90,75,1487,'',''),(1167,'2016-12-16 07:56:35','2016-12-16 07:56:35',76,76,1487,'','2'),(1168,'2016-12-16 07:56:35','2016-12-16 07:56:35',76,77,1487,'','3 or more'),(1169,'2016-12-16 07:56:35','2016-12-16 07:56:35',76,78,1487,'','5'),(1170,'2016-12-16 07:56:35','2016-12-16 07:56:35',76,79,1487,'','5'),(1171,'2016-12-16 07:57:20','2016-12-16 07:57:20',16,2,1486,'',''),(1172,'2016-12-16 07:57:20','2016-12-16 07:57:20',17,2,1486,'',''),(1173,'2016-12-16 07:57:20','2016-12-16 07:57:20',18,4,1486,'',''),(1174,'2016-12-16 07:57:20','2016-12-16 07:57:20',13,3,1486,'',''),(1175,'2016-12-16 07:57:20','2016-12-16 07:57:20',14,2,1486,'',''),(1176,'2016-12-16 07:57:20','2016-12-16 07:57:20',15,3,1486,'',''),(1177,'2016-12-16 07:57:20','2016-12-16 07:57:20',7,7,1486,'',''),(1178,'2016-12-16 07:57:20','2016-12-16 07:57:20',8,8,1486,'',''),(1179,'2016-12-16 07:57:20','2016-12-16 07:57:20',9,10,1486,'',''),(1180,'2016-12-16 07:57:20','2016-12-16 07:57:20',10,7,1486,'',''),(1181,'2016-12-16 07:57:20','2016-12-16 07:57:20',11,9,1486,'',''),(1182,'2016-12-16 07:57:20','2016-12-16 07:57:20',12,8,1486,'',''),(1183,'2016-12-16 07:57:20','2016-12-16 07:57:20',1,3,1486,'',''),(1184,'2016-12-16 07:57:20','2016-12-16 07:57:20',2,2,1486,'',''),(1185,'2016-12-16 07:57:20','2016-12-16 07:57:20',3,3,1486,'',''),(1186,'2016-12-16 07:57:20','2016-12-16 07:57:20',4,4,1486,'',''),(1187,'2016-12-16 07:57:20','2016-12-16 07:57:20',5,2,1486,'',''),(1188,'2016-12-16 07:57:20','2016-12-16 07:57:20',6,2,1486,'',''),(1189,'2016-12-16 07:57:20','2016-12-16 07:57:20',19,3,1486,'',''),(1190,'2016-12-16 07:57:20','2016-12-16 07:57:20',20,3,1486,'',''),(1191,'2016-12-16 07:57:20','2016-12-16 07:57:20',21,4,1486,'',''),(1192,'2016-12-16 07:57:20','2016-12-16 07:57:20',22,3,1486,'',''),(1193,'2016-12-16 07:57:20','2016-12-16 07:57:20',23,2,1486,'',''),(1194,'2016-12-16 07:57:20','2016-12-16 07:57:20',24,4,1486,'',''),(1195,'2016-12-16 07:57:20','2016-12-16 07:57:20',96,70,1486,'',''),(1196,'2016-12-16 07:57:20','2016-12-16 07:57:20',97,65,1486,'',''),(1197,'2016-12-16 07:57:20','2016-12-16 07:57:20',97,66,1486,'',''),(1198,'2016-12-16 07:57:20','2016-12-16 07:57:20',98,70,1486,'',''),(1199,'2016-12-16 07:57:20','2016-12-16 07:57:20',94,71,1486,'',''),(1200,'2016-12-16 07:57:20','2016-12-16 07:57:20',95,64,1486,'',''),(1201,'2016-12-16 07:57:20','2016-12-16 07:57:20',95,65,1486,'',''),(1202,'2016-12-16 07:57:20','2016-12-16 07:57:20',92,83,1486,'',''),(1203,'2016-12-16 07:57:20','2016-12-16 07:57:20',92,85,1486,'',''),(1204,'2016-12-16 07:57:20','2016-12-16 07:57:20',92,88,1486,'',''),(1205,'2016-12-16 07:57:20','2016-12-16 07:57:20',93,94,1486,'',''),(1206,'2016-12-16 07:57:20','2016-12-16 07:57:20',93,97,1486,'',''),(2466,'2017-01-19 18:09:45','2017-01-19 18:09:45',74,35,2074,'',''),(2467,'2017-01-19 18:09:45','2017-01-19 18:09:45',74,36,2074,'',''),(2468,'2017-01-19 18:09:45','2017-01-19 18:09:45',89,38,2074,'',''),(2469,'2017-01-19 18:09:45','2017-01-19 18:09:45',90,75,2074,'',''),(2470,'2017-01-19 18:09:45','2017-01-19 18:09:45',76,76,2074,'','3*'),(2471,'2017-01-19 18:09:45','2017-01-19 18:09:45',76,77,2074,'','1*'),(2472,'2017-01-19 18:09:45','2017-01-19 18:09:45',76,78,2074,'','2*'),(2473,'2017-01-19 18:09:45','2017-01-19 18:09:45',76,79,2074,'','4*'),(2479,'2017-01-19 22:04:06','2017-01-19 22:04:06',16,5,2075,'',''),(2480,'2017-01-19 22:04:06','2017-01-19 22:04:06',17,5,2075,'',''),(2481,'2017-01-19 22:04:06','2017-01-19 22:04:06',18,5,2075,'',''),(2482,'2017-01-19 22:04:06','2017-01-19 22:04:06',13,4,2075,'',''),(2483,'2017-01-19 22:04:06','2017-01-19 22:04:06',14,5,2075,'',''),(2484,'2017-01-19 22:04:06','2017-01-19 22:04:06',15,5,2075,'',''),(2485,'2017-01-19 22:04:06','2017-01-19 22:04:06',7,10,2075,'',''),(2486,'2017-01-19 22:04:06','2017-01-19 22:04:06',8,10,2075,'',''),(2487,'2017-01-19 22:04:06','2017-01-19 22:04:06',9,10,2075,'',''),(2488,'2017-01-19 22:04:06','2017-01-19 22:04:06',10,10,2075,'',''),(2489,'2017-01-19 22:04:06','2017-01-19 22:04:06',11,10,2075,'',''),(2490,'2017-01-19 22:04:06','2017-01-19 22:04:06',12,10,2075,'',''),(2491,'2017-01-19 22:04:06','2017-01-19 22:04:06',1,5,2075,'',''),(2492,'2017-01-19 22:04:06','2017-01-19 22:04:06',2,5,2075,'',''),(2493,'2017-01-19 22:04:06','2017-01-19 22:04:06',3,5,2075,'',''),(2494,'2017-01-19 22:04:06','2017-01-19 22:04:06',4,5,2075,'',''),(2495,'2017-01-19 22:04:06','2017-01-19 22:04:06',5,5,2075,'',''),(2496,'2017-01-19 22:04:06','2017-01-19 22:04:06',6,5,2075,'',''),(2497,'2017-01-19 22:04:06','2017-01-19 22:04:06',19,5,2075,'',''),(2498,'2017-01-19 22:04:06','2017-01-19 22:04:06',20,5,2075,'',''),(2499,'2017-01-19 22:04:06','2017-01-19 22:04:06',21,5,2075,'',''),(2500,'2017-01-19 22:04:06','2017-01-19 22:04:06',22,5,2075,'',''),(2501,'2017-01-19 22:04:06','2017-01-19 22:04:06',23,5,2075,'',''),(2502,'2017-01-19 22:04:06','2017-01-19 22:04:06',24,5,2075,'',''),(2503,'2017-01-19 22:04:06','2017-01-19 22:04:06',96,68,2075,'',''),(2504,'2017-01-19 22:04:06','2017-01-19 22:04:06',98,68,2075,'',''),(2505,'2017-01-19 22:04:06','2017-01-19 22:04:06',94,68,2075,'',''),(2506,'2017-01-19 22:04:06','2017-01-19 22:04:06',92,91,2075,'',''),(2507,'2017-01-19 22:04:06','2017-01-19 22:04:06',93,103,2075,'',''),(7009,'2017-04-28 22:31:20','2017-04-28 22:31:20',74,31,3400,'',''),(7010,'2017-04-28 22:31:20','2017-04-28 22:31:20',74,15,3400,'',''),(7011,'2017-04-28 22:31:20','2017-04-28 22:31:20',82,76,3400,'','2'),(7012,'2017-04-28 22:31:20','2017-04-28 22:31:20',82,77,3400,'','2'),(7013,'2017-04-28 22:31:20','2017-04-28 22:31:20',82,78,3400,'','2*'),(7014,'2017-04-28 22:31:20','2017-04-28 22:31:20',82,79,3400,'','4*'),(7015,'2017-04-28 22:31:20','2017-04-28 22:31:20',83,38,3400,'',''),(7016,'2017-04-28 22:31:20','2017-04-28 22:31:20',84,75,3400,'',''),(7017,'2017-04-28 23:12:18','2017-04-28 23:12:18',74,31,4581,'',''),(7018,'2017-04-28 23:12:18','2017-04-28 23:12:18',74,16,4581,'',''),(7019,'2017-04-28 23:12:18','2017-04-28 23:12:18',82,76,4581,'','2'),(7020,'2017-04-28 23:12:18','2017-04-28 23:12:18',82,77,4581,'','2'),(7021,'2017-04-28 23:12:18','2017-04-28 23:12:18',82,78,4581,'','2*'),(7022,'2017-04-28 23:12:18','2017-04-28 23:12:18',82,79,4581,'','3'),(7023,'2017-04-28 23:12:18','2017-04-28 23:12:18',83,39,4581,'',''),(7024,'2017-04-28 23:12:18','2017-04-28 23:12:18',84,74,4581,'',''),(7025,'2017-04-28 23:14:48','2017-04-28 23:14:48',74,31,4582,'',''),(7026,'2017-04-28 23:14:48','2017-04-28 23:14:48',74,18,4582,'',''),(7027,'2017-04-28 23:14:48','2017-04-28 23:14:48',82,76,4582,'','1'),(7028,'2017-04-28 23:14:48','2017-04-28 23:14:48',82,77,4582,'','2'),(7029,'2017-04-28 23:14:48','2017-04-28 23:14:48',82,78,4582,'','1'),(7030,'2017-04-28 23:14:48','2017-04-28 23:14:48',82,79,4582,'','2'),(7031,'2017-04-28 23:14:48','2017-04-28 23:14:48',83,38,4582,'',''),(7032,'2017-04-28 23:14:48','2017-04-28 23:14:48',84,74,4582,'','');
/*!40000 ALTER TABLE `question_result` ENABLE KEYS */;
UNLOCK TABLES;

--
-- Table structure for table `questions`
--

DROP TABLE IF EXISTS `questions`;
/*!40101 SET @saved_cs_client     = @@character_set_client */;
/*!40101 SET character_set_client = utf8 */;
CREATE TABLE `questions` (
  `QuestionId` int(11) NOT NULL,
  `QuestionText` varchar(256) NOT NULL,
  `QuestionType` varchar(256) NOT NULL,
  `QuestionOptionType` varchar(255) DEFAULT '1',
  `SurveyBlockIdFk` varchar(45) NOT NULL,
  `ShortForm` varchar(45) NOT NULL,
  PRIMARY KEY (`QuestionId`)
) ENGINE=InnoDB DEFAULT CHARSET=utf8;
/*!40101 SET character_set_client = @saved_cs_client */;

--
-- Dumping data for table `questions`
--

LOCK TABLES `questions` WRITE;
/*!40000 ALTER TABLE `questions` DISABLE KEYS */;
INSERT INTO `questions` VALUES (1,'In the past 7 days, I had trouble sleeping when I had pain.','likert5','1','PR_PainInt_Chld','ped_v10.PI.SF8a.1'),(2,'In the past 7 days, I had trouble doing schoolwork when I had pain.','likert5','1','PR_PainInt_Chld','ped_v10.PI.SF8a.2'),(3,'In the past 7 days, It was hard for me to pay attention when I had pain.','likert5','1','PR_PainInt_Chld','ped_v10.PI.SF8a.3'),(4,'In the past 7 days, It was hard for me to run when I had pain.','likert5','1','PR_PainInt_Chld','ped_v10.PI.SF8a.4'),(5,'In the past 7 days, It was hard for me to walk one block when I had pain.','likert5','1','PR_PainInt_Chld','ped_v10.PI.SF8a.5'),(6,'In the past 7 days, It was hard to have fun when I had pain.','likert5','1','PR_PainInt_Chld','ped_v10.PI.SF8a.6'),(7,'In the past 7 days, I could do sports and exercise that other kids my age could do. ','likert5','2','PR_PhyFuncMob_Chld','ped_v10.PFM.SF8a.1'),(8,'In the past 7 days, I could get up from the floor.','likert5','2','PR_PhyFuncMob_Chld','ped_v10.PFM.SF8a.2'),(9,'In the past 7 days, I could keep up when I played with other kids.','likert5','2','PR_PhyFuncMob_Chld','ped_v10.PFM.SF8a.3'),(10,'In the past 7 days, I could stand by myself.','likert5','2','PR_PhyFuncMob_Chld','ped_v10.PFM.SF8a.4'),(11,'In the past 7 days, I could walk up stairs without holding on to anything.','likert5','2','PR_PhyFuncMob_Chld','ped_v10.PFM.SF8a.5'),(12,'In the past 7 days, I have been physically able to do the activities I enjoy most.','likert5','2','PR_PhyFuncMob_Chld','ped_v10.PFM.SF8a.6'),(13,'In the past 7 days, being tired made it hard for me to play or go out with my friends as much as I\'d like.','likert5','1','PR_Fatigue_Chld','ped_v10.Fat.SF10a.1'),(14,'In the past 7 days, being tired made it hard for me to keep up with my schoolwork.','likert5','1','PR_Fatigue_Chld','ped_v10.Fat.SF10a.2'),(15,'In the past 7 days, I had trouble starting things because I was too tired.','likert5','1','PR_Fatigue_Chld','ped_v10.Fat.SF10a.3'),(16,'In the past 7 days, I was so tired it was hard for me to pay attention.','likert5','1','PR_Fatigue_Chld','ped_v10.Fat.SF10a.4'),(17,'In the past 7 days, I was too tired to do sports or exercise.','likert5','1','PR_Fatigue_Chld','ped_v10.Fat.SF10a.5'),(18,'In the past 7 days, I was too tired to do things outside.','likert5','1','PR_Fatigue_Chld','ped_v10.Fat.SF10a.6'),(19,'In the past 7 days, I felt nervous.','likert5','1','PR_Anxiety_Chld','ped_v10.Anx.SF8a.1'),(20,'In the past 7 days, I felt worried.','likert5','1','PR_Anxiety_Chld','ped_v10.Anx.SF8a.2'),(21,'In the past 7 days, I felt like something awful might happen.','likert5','1','PR_Anxiety_Chld','ped_v10.Anx.SF8a.3'),(22,'In the past 7 days, I was afraid that I would make mistakes.','likert5','1','PR_Anxiety_Chld','ped_v10.Anx.SF8a.4'),(23,'In the past 7 days, I worried about what could happen to me.','likert5','1','PR_Anxiety_Chld','ped_v10.Anx.SF8a.5'),(24,'In the past 7 days, I worried when I went to bed at night.','likert5','1','PR_Anxiety_Chld','ped_v10.Anx.SF8a.6'),(25,'In the past 7 days, how much did pain interfere with your day to day activities?','likert5','4','PR_PainInt_Adlt','adult_v10.PI.SF6a.1'),(26,'In the past 7 days, how much did pain interfere with work around the home?','likert5','4','PR_PainInt_Adlt','adult_v10.PI.SF6a.2'),(27,'In the past 7 days, how much did pain interfere with your ability to participate in social activities?','likert5','4','PR_PainInt_Adlt','adult_v10.PI.SF6a.3'),(28,'In the past 7 days, how much did pain interfere with your household chores?','likert5','4','PR_PainInt_Adlt','adult_v10.PI.SF6a.4'),(29,'In the past 7 days, how much did pain interfere with the things you usually do for fun?','likert5','4','PR_PainInt_Adlt','adult_v10.PI.SF6a.5'),(30,'In the past 7 days, how much did pain interfere with your enjoyment of social activities? ','likert5','4','PR_PainInt_Adlt','adult_v10.PI.SF6a.6'),(31,'Does your health now limit you in doing vigorous activities, such as running, lifting heavy objects, participating in strenuous sports?','likert5','5','PR_PhyFuncMob_Adlt','adult_v10.PFM.SF10a.1'),(32,'Does your health now limit you in walking more than a mile?','likert5','5','PR_PhyFuncMob_Adlt','adult_v10.PFM.SF10a.2'),(33,'Does your health now limit you in climbing one flight of stairs?','likert5','5','PR_PhyFuncMob_Adlt','adult_v10.PFM.SF10a.3'),(34,'Does your health now limit you in lifting or carrying groceries?','likert5','5','PR_PhyFuncMob_Adlt','adult_v10.PFM.SF10a.4'),(35,'Does your health now limit you in bending, kneeling, or stooping?','likert5','5','PR_PhyFuncMob_Adlt','adult_v10.PFM.SF10a.5'),(36,'Are you able to dress yourself, including tying shoelaces and doing buttons?','likert5','6','PR_PhyFuncMob_Adlt','adult_v10.PFM.SF10a.6'),(37,'During the past 7 days, I feel fatigued.','likert5','4','PR_Fatigue_Adlt','adult_v10.Fat.SF6a.1'),(38,'During the past 7 days, I have trouble starting things because I am tired.','likert5','4','PR_Fatigue_Adlt','adult_v10.Fat.SF6a.2'),(39,'In the past 7 days, how run-down did you feel on average?','likert5','4','PR_Fatigue_Adlt','adult_v10.Fat.SF6a.3'),(40,'In the past 7 days, how fatigued were you on average?','likert5','4','PR_Fatigue_Adlt','adult_v10.Fat.SF6a.4'),(41,'In the past 7 days, how much were you bothered by your fatigue on average?','likert5','4','PR_Fatigue_Adlt','adult_v10.Fat.SF6a.5'),(42,'In the past 7 days, to what degree did your fatigue interfere with your physical functioning?','likert5','4','PR_Fatigue_Adlt','adult_v10.Fat.SF6a.6'),(43,'In the past 7 days, I felt fearful.','likert5','3','PR_Anxiety_Adlt','adult_v10.Anx.SF6a.1'),(44,'In the past 7 days, I found it hard to focus on anything other than my anxiety.','likert5','3','PR_Anxiety_Adlt','adult_v10.Anx.SF6a.2'),(45,'In the past 7 days, my worries overwhelmed me.  ','likert5','3','PR_Anxiety_Adlt','adult_v10.Anx.SF6a.3'),(46,'In the past 7 days, I felt uneasy.','likert5','3','PR_Anxiety_Adlt','adult_v10.Anx.SF6a.4'),(47,'In the past 7 days, I felt nervous.','likert5','3','PR_Anxiety_Adlt','adult_v10.Anx.SF6a.5'),(48,'In the past 7 days, I felt like I needed help for my anxiety.','likert5','3','PR_Anxiety_Adlt','adult_v10.Anx.SF6a.6'),(49,'In the past 7 days, my child had trouble sleeping when he/she had pain.','likert5','1','PR_PainInt_PR','parent_v10.PI.SF8.1'),(50,'In the past 7 days, my child had trouble doing schoolwork when he/she had pain.','likert5','1','PR_PainInt_PR','parent_v10.PI.SF8.2'),(51,'In the past 7 days, it was hard for my child to pay attention when he/she had pain. ','likert5','1','PR_PainInt_PR','parent_v10.PI.SF8.3'),(52,'In the past 7 days, it was hard for my child to run when he/she had pain.','likert5','1','PR_PainInt_PR','parent_v10.PI.SF8.4'),(53,'In the past 7 days, it was hard for my child to walk one block when he/she had pain.','likert5','1','PR_PainInt_PR','parent_v10.PI.SF8.5'),(54,'In the past 7 days, it was hard for my child to have fun when he/she had pain.','likert5','1','PR_PainInt_PR','parent_v10.PI.SF8.6'),(55,'In the past 7 days, my child could do sports and exercise that other kids his/her age could do.','likert5','2','PR_PhyFuncMob_PR','parent_v10.PFM.SF8.1'),(56,'In the past 7 days, my child could get up from the floor.','likert5','2','PR_PhyFuncMob_PR','parent_v10.PFM.SF8.2'),(57,'In the past 7 days, my child could keep up when he/she played with other kids.','likert5','2','PR_PhyFuncMob_PR','parent_v10.PFM.SF8.3'),(58,'In the past 7 days, my child could stand up without help.','likert5','2','PR_PhyFuncMob_PR','parent_v10.PFM.SF8.4'),(59,'In the past 7 days, my child could walk up stairs without holding on to anything','likert5','2','PR_PhyFuncMob_PR','parent_v10.PFM.SF8.5'),(60,'In the past 7 days, my child has been physically able to do the activities he/she enjoys most.','likert5','2','PR_PhyFuncMob_PR','parent_v10.PFM.SF8.6'),(61,'In the past 7 days, being tired made it hard for my child to play or go out with friends as much as he/she would like.','likert5','1','PR_Fatigue_PR','parent_v10.Fat.SF10.1'),(62,'In the past 7 days, being tired made it hard for my child to keep up with schoolwork.','likert5','1','PR_Fatigue_PR','parent_v10.Fat.SF10.2'),(63,'In the past 7 days, my child had trouble starting things because he/she was too tired.','likert5','1','PR_Fatigue_PR','parent_v10.Fat.SF10.3'),(64,'In the past 7 days, my child was so tired it was hard for him/her to pay attention.','likert5','1','PR_Fatigue_PR','parent_v10.Fat.SF10.4'),(65,'In the past 7 days, my child was too tired to do sports or exercise.','likert5','1','PR_Fatigue_PR','parent_v10.Fat.SF10.5'),(66,'In the past 7 days, my child was too tired to do things outside.','likert5','1','PR_Fatigue_PR','parent_v10.Fat.SF10.6'),(67,'In the past 7 days, my child felt nervous.','likert5','1','PR_Anxiety_PR','parent_v10.Anx.SF8b.1'),(68,'In the past 7 days, my child felt worried.','likert5','1','PR_Anxiety_PR','parent_v10.Anx.SF8b.2'),(69,'In the past 7 days, my child felt like something awful might happen.','likert5','1','PR_Anxiety_PR','parent_v10.Anx.SF8b.3'),(70,'In the past 7 days, my child worried when he/she was at home.','likert5','1','PR_Anxiety_PR','parent_v10.Anx.SF8b.4'),(71,'In the past 7 days, my child worried about what could happen to him/her.','likert5','1','PR_Anxiety_PR','parent_v10.Anx.SF8b.5'),(72,'In the past 7 days, my child worried when he/she went to bed at night.','likert5','1','PR_Anxiety_PR','parent_v10.Anx.SF8b.6'),(73,'In the last 24 hours, how much generalized pain did you have?','generalizedpain','-1','bodyPain_delete',''),(74,' In the last 24 hours, which part of the body did you feel the most pain?','bodyPain','7','bodyPain_daily',''),(75,'In the last 24 hours, how many tablets of pain medication did your child take?','MCMADW','-1','PR_MA_PR',''),(76,'In the last 24 hours, how many tablets of your pain medication did you take?','MCMADW','-1','PR_MA_Chld',''),(77,'Over the last 7 days, I missed ____  school days.','MCSA','8','CAT_Adlt',''),(78,'I missed school because of','MCMA','9','CAT_Adlt',''),(79,'I left school early ____ times.','MCSA','8','CAT_Adlt',''),(80,'I left school early because of ','MCMA','9','CAT_Adlt',''),(81,'I needed to go to the emergency room for pain _____ times','MCSA','8','CAT_Adlt',''),(82,'In the last 24 hours, how many tablets of your pain medication did you take?','MCMADW','-1','PR_MA_Adlt',''),(83,'In the last 24 hours, how many doses of hydroxyurea did you take?','MCSA','10','PR_MA_Adlt',''),(84,'In the last 24 hours,did you take your prescribed medication (except hydroxyurea)?','MCSA','11','PR_MA_Adlt',''),(85,'In the last 24 hours,did you take your prescribed medication ?','MCSA','11','PR_MA_Adlt',''),(86,'In the last 24 hours, how many doses of hydroxyurea did your child take?','MCSA','10','PR_MA_PR',''),(87,'In the last 24 hours,did your child take the prescribed medication (except hydroxyurea)?','MCSA','11','PR_MA_PR',''),(88,'In the last 24 hours,did your child take the prescribed medication ?','MCSA','11','PR_MA_PR',''),(89,'In the last 24 hours, how many doses of hydroxyurea did you take?','MCSA','10','PR_MA_Chld',''),(90,'In the last 24 hours,did your child take the prescribed medication (except hydroxyurea)?','MCSA','11','PR_MA_Chld',''),(91,'In the last 24 hours,did your child take the prescribed medication ?','MCSA','11','PR_MA_Chld',''),(92,'In the last week, in which parts of the body did you feel pain ? (Part 1/2)','MCMA','12','bodyPain_weekly',' '),(93,'In the last week, in which parts of the body did you feel pain ? (Part 2/2)','MCMA','13','bodyPain_weekly',' '),(94,'Over the last 7 days, I missed ____  school days.','MCSA','8','CAT_Chld',''),(95,'I missed school because of','MCMA','9','CAT_Chld',''),(96,'I left school early ____ times.','MCSA','8','CAT_Chld',''),(97,'I left school early because of ','MCMA','9','CAT_Chld',''),(98,'I needed to go to the emergency room for pain _____ times','MCSA','8','CAT_Chld',''),(99,'Over the last 7 days, Your child missed ____  school days.','MCSA','8','CAT_PR',''),(100,'Your child missed school because of','MCMA','9','CAT_PR',''),(101,'Your child left school early ____ times.','MCSA','8','CAT_PR',''),(102,'Your child  left school early because of ','MCMA','9','CAT_PR',''),(103,'Your child needed to go to the emergency room for pain _____ times','MCSA','8','CAT_PR','');
/*!40000 ALTER TABLE `questions` ENABLE KEYS */;
UNLOCK TABLES;

--
-- Table structure for table `stage`
--

DROP TABLE IF EXISTS `stage`;
/*!40101 SET @saved_cs_client     = @@character_set_client */;
/*!40101 SET character_set_client = utf8 */;
CREATE TABLE `stage` (
  `StageId` char(36) NOT NULL,
  `Name` varchar(255) NOT NULL,
  `CreatedAt` datetime NOT NULL,
  `UpdatedAt` datetime NOT NULL,
  `DeletedAt` datetime DEFAULT NULL,
  `TrialId` char(36) NOT NULL,
  PRIMARY KEY (`StageId`,`TrialId`),
  KEY `stage_ibfk_1` (`TrialId`),
  CONSTRAINT `stage_ibfk_1` FOREIGN KEY (`TrialId`) REFERENCES `trial` (`TrialId`) ON DELETE CASCADE ON UPDATE CASCADE
) ENGINE=InnoDB DEFAULT CHARSET=utf8;
/*!40101 SET character_set_client = @saved_cs_client */;

--
-- Dumping data for table `stage`
--

LOCK TABLES `stage` WRITE;
/*!40000 ALTER TABLE `stage` DISABLE KEYS */;
INSERT INTO `stage` VALUES ('1','sickle cell weekly','2016-05-18 21:15:56','2016-05-18 21:15:56',NULL,'2');
/*!40000 ALTER TABLE `stage` ENABLE KEYS */;
UNLOCK TABLES;

--
-- Table structure for table `survey_block`
--

DROP TABLE IF EXISTS `survey_block`;
/*!40101 SET @saved_cs_client     = @@character_set_client */;
/*!40101 SET character_set_client = utf8 */;
CREATE TABLE `survey_block` (
  `SurveyBlockId` char(36) NOT NULL,
  `SurveyBlockName` varchar(256) NOT NULL,
  `ActivityIdFk` varchar(256) DEFAULT NULL,
  `type` varchar(256) NOT NULL,
  PRIMARY KEY (`SurveyBlockId`),
  KEY `ActivityIdFk` (`ActivityIdFk`(255))
) ENGINE=InnoDB DEFAULT CHARSET=utf8;
/*!40101 SET character_set_client = @saved_cs_client */;

--
-- Dumping data for table `survey_block`
--

LOCK TABLES `survey_block` WRITE;
/*!40000 ALTER TABLE `survey_block` DISABLE KEYS */;
INSERT INTO `survey_block` VALUES ('CAT_Adlt','Computer Adaptive Testing','CAT','Adult'),('CAT_Chld','Computer Adaptive Testing','CAT','Child'),('CAT_PR','Computer Adaptive Testing','CAT','parent_proxy'),('PR_Anxiety_Adlt','Anxiety','PR_Anxiety','Adult'),('PR_Anxiety_Chld','Anxiety','PR_Anxiety','Child'),('PR_Anxiety_PR','Anxiety','PR_Anxiety','parent_proxy'),('PR_Fatigue_Adlt','Fatigue','PR_Fatigue','Adult'),('PR_Fatigue_Chld','Fatigue','PR_Fatigue','Child'),('PR_Fatigue_PR','Fatigue','PR_Fatigue','parent_proxy'),('PR_MA_Adlt','Medical Adherence','MA','Adult'),('PR_MA_Chld','Medical Adherance','MA','Child'),('PR_MA_PR','Medical Adherance','MA','parent_proxy'),('PR_PainInt_Adlt','Pain Interference','PR_PainInt','Adult'),('PR_PainInt_Chld','Pain Interference','PR_PainInt','Child'),('PR_PainInt_PR','Pain Interference','PR_PainInt','parent_proxy'),('PR_PhyFuncMob_Adlt','Physical Function','PR_PhysFuncMob','Adult'),('PR_PhyFuncMob_Chld','Physical Function','PR_PhysFuncMob','Child'),('PR_PhyFuncMob_PR','Physical Function','PR_PhysFuncMob','parent_proxy');
/*!40000 ALTER TABLE `survey_block` ENABLE KEYS */;
UNLOCK TABLES;

--
-- Table structure for table `trial`
--

DROP TABLE IF EXISTS `trial`;
/*!40101 SET @saved_cs_client     = @@character_set_client */;
/*!40101 SET character_set_client = utf8 */;
CREATE TABLE `trial` (
  `TrialId` char(36) NOT NULL,
  `Name` varchar(255) NOT NULL,
  `Description` varchar(255) DEFAULT NULL,
  `IRBID` varchar(255) NOT NULL,
  `IRBStart` datetime NOT NULL,
  `IRBEnd` datetime NOT NULL,
  `TargetCount` int(11) NOT NULL,
  `PatientPinCounter` int(11) NOT NULL DEFAULT '0',
  `CreatedAt` datetime NOT NULL,
  `UpdatedAt` datetime DEFAULT NULL,
  `DeletedAt` datetime DEFAULT NULL,
  `Duration` int(11) DEFAULT NULL,
  PRIMARY KEY (`TrialId`)
) ENGINE=InnoDB DEFAULT CHARSET=utf8;
/*!40101 SET character_set_client = @saved_cs_client */;

--
-- Dumping data for table `trial`
--

LOCK TABLES `trial` WRITE;
/*!40000 ALTER TABLE `trial` DISABLE KEYS */;
INSERT INTO `trial` VALUES ('2','Sickle Cell','Weekly Survey for Sickle Cell Disease pain','scd01','2015-11-09 09:29:38','2016-12-25 09:29:38',100,16,'2016-05-18 21:15:56','2016-05-31 21:12:26',NULL,6);
/*!40000 ALTER TABLE `trial` ENABLE KEYS */;
UNLOCK TABLES;

--
-- Table structure for table `ui_logger`
--

DROP TABLE IF EXISTS `ui_logger`;
/*!40101 SET @saved_cs_client     = @@character_set_client */;
/*!40101 SET character_set_client = utf8 */;
CREATE TABLE `ui_logger` (
  `Id` int(11) NOT NULL AUTO_INCREMENT,
  `CreatedAt` datetime DEFAULT NULL,
  `PatientPinFK` varchar(5) NOT NULL,
  `EventName` varchar(255) NOT NULL,
  `MetaData` varchar(255) DEFAULT NULL,
  `EventTime` datetime DEFAULT NULL,
  PRIMARY KEY (`Id`),
  KEY `PatientPinFK` (`PatientPinFK`),
  CONSTRAINT `ui_logger_fk_1` FOREIGN KEY (`PatientPinFK`) REFERENCES `patients` (`PatientPin`) ON UPDATE CASCADE
) ENGINE=InnoDB AUTO_INCREMENT=3160167 DEFAULT CHARSET=utf8;
/*!40101 SET character_set_client = @saved_cs_client */;

--
-- Dumping data for table `ui_logger`
--

LOCK TABLES `ui_logger` WRITE;
/*!40000 ALTER TABLE `ui_logger` DISABLE KEYS */;
INSERT INTO `ui_logger` VALUES (2864743,'2017-02-08 02:38:57','4001','appOnStart','{\"deviceType\":\"Android\",\"osVersion\":\"6.0.1\",\"nativeVersionCode\":3,\"nativeVersionName\":\"1.1.01302017-4\"}','2017-02-08 01:28:15'),(2864744,'2017-02-08 02:38:57','4001','appOnResume','{\"deviceType\":\"Android\",\"osVersion\":\"6.0.1\",\"nativeVersionCode\":3,\"nativeVersionName\":\"1.1.01302017-4\"}','2017-02-08 01:28:15'),(2864757,'2017-02-08 03:02:57','4001','scheduledactivity_call','{}','2017-02-08 00:47:56'),(2864758,'2017-02-08 03:02:57','4001','scheduledactivity_call','{}','2017-02-08 00:48:48'),(2864759,'2017-02-08 03:02:57','4001','scheduledactivity_call','{}','2017-02-08 00:49:14'),(2864760,'2017-02-08 03:02:57','4001','scheduledactivity_call','{}','2017-02-08 00:49:40'),(2864761,'2017-02-08 03:02:57','4001','scheduledactivity_call_success','{\"activityCount\":0,\"message\":\"You don\'t have any activities due at this time. Please check again later.\"}','2017-02-08 00:49:41'),(2864762,'2017-02-08 03:02:57','4001','scheduledactivity_call','{}','2017-02-08 00:49:45'),(2864763,'2017-02-08 03:02:57','4001','scheduledactivity_call_success','{\"activityCount\":0,\"message\":\"You don\'t have any activities due at this time. Please check again later.\"}','2017-02-08 00:49:46'),(2864764,'2017-02-08 03:02:57','4001','scheduledactivity_call','{}','2017-02-08 01:28:00'),(2864765,'2017-02-08 03:02:57','4001','scheduledactivity_call_success','{\"activityCount\":0,\"message\":\"You don\'t have any activities due at this time. Please check again later.\"}','2017-02-08 01:28:00'),(2864766,'2017-02-08 03:02:57','4001','scheduledactivity_call','{}','2017-02-08 01:28:16'),(2864767,'2017-02-08 03:02:57','4001','scheduledactivity_call_success','{\"activityCount\":0,\"message\":\"You don\'t have any activities due at this time. Please check again later.\"}','2017-02-08 01:28:16'),(2864793,'2017-02-08 04:31:37','4001','appOnStart','{\"deviceType\":\"Android\",\"osVersion\":\"6.0.1\",\"nativeVersionCode\":3,\"nativeVersionName\":\"1.1.12182016-3\"}','2017-02-08 03:31:10'),(2864794,'2017-02-08 04:31:37','4001','appOnResume','{\"deviceType\":\"Android\",\"osVersion\":\"6.0.1\",\"nativeVersionCode\":3,\"nativeVersionName\":\"1.1.12182016-3\"}','2017-02-08 03:31:10'),(2864795,'2017-02-08 04:31:37','4001','appOnPause','{\"deviceType\":\"Android\",\"osVersion\":\"6.0.1\",\"nativeVersionCode\":3,\"nativeVersionName\":\"1.1.12182016-3\"}','2017-02-08 03:31:16'),(2864796,'2017-02-08 04:31:37','4001','appOnStop','{\"deviceType\":\"Android\",\"osVersion\":\"6.0.1\",\"nativeVersionCode\":3,\"nativeVersionName\":\"1.1.12182016-3\"}','2017-02-08 03:31:16'),(3103948,'2017-04-28 22:15:12','4001','appOnStart','{\"deviceType\":\"Android\",\"osVersion\":\"7.1.2\",\"nativeVersionCode\":4,\"nativeVersionName\":\"1.1.01302017-4\"}','2017-04-28 19:14:30'),(3103949,'2017-04-28 22:15:12','4001','appOnResume','{\"deviceType\":\"Android\",\"osVersion\":\"7.1.2\",\"nativeVersionCode\":4,\"nativeVersionName\":\"1.1.01302017-4\"}','2017-04-28 19:14:30'),(3103950,'2017-04-28 22:15:12','2001','appOnPause','{\"deviceType\":\"Android\",\"osVersion\":\"7.1.2\",\"nativeVersionCode\":4,\"nativeVersionName\":\"1.1.01302017-4\"}','2017-04-28 19:15:09'),(3103951,'2017-04-28 22:15:12','2001','appOnStop','{\"deviceType\":\"Android\",\"osVersion\":\"7.1.2\",\"nativeVersionCode\":4,\"nativeVersionName\":\"1.1.01302017-4\"}','2017-04-28 19:15:09'),(3103952,'2017-04-28 22:15:12','2001','appOnDestroy','{\"deviceType\":\"Android\",\"osVersion\":\"7.1.2\",\"nativeVersionCode\":4,\"nativeVersionName\":\"1.1.01302017-4\"}','2017-04-28 19:15:11'),(3104185,'2017-04-29 02:45:24','2001','appOnStart','{\"deviceType\":\"Android\",\"osVersion\":\"7.1.2\",\"nativeVersionCode\":4,\"nativeVersionName\":\"1.1.01302017-4\"}','2017-04-28 22:31:30'),(3104186,'2017-04-29 02:45:24','2001','appOnResume','{\"deviceType\":\"Android\",\"osVersion\":\"7.1.2\",\"nativeVersionCode\":4,\"nativeVersionName\":\"1.1.01302017-4\"}','2017-04-28 22:31:30'),(3104187,'2017-04-29 02:45:24','3001','appOnPause','{\"deviceType\":\"Android\",\"osVersion\":\"7.1.2\",\"nativeVersionCode\":4,\"nativeVersionName\":\"1.1.01302017-4\"}','2017-04-28 22:32:12'),(3104188,'2017-04-29 02:45:24','3001','appOnStop','{\"deviceType\":\"Android\",\"osVersion\":\"7.1.2\",\"nativeVersionCode\":4,\"nativeVersionName\":\"1.1.01302017-4\"}','2017-04-28 22:32:12'),(3104189,'2017-04-29 02:45:24','3001','appOnRestart','{\"deviceType\":\"Android\",\"osVersion\":\"7.1.2\",\"nativeVersionCode\":4,\"nativeVersionName\":\"1.1.01302017-4\"}','2017-04-28 22:36:18'),(3104190,'2017-04-29 02:45:24','3001','appOnStart','{\"deviceType\":\"Android\",\"osVersion\":\"7.1.2\",\"nativeVersionCode\":4,\"nativeVersionName\":\"1.1.01302017-4\"}','2017-04-28 22:36:18'),(3104191,'2017-04-29 02:45:24','3001','appOnResume','{\"deviceType\":\"Android\",\"osVersion\":\"7.1.2\",\"nativeVersionCode\":4,\"nativeVersionName\":\"1.1.01302017-4\"}','2017-04-28 22:36:18'),(3104192,'2017-04-29 02:45:24','2001','appOnPause','{\"deviceType\":\"Android\",\"osVersion\":\"7.1.2\",\"nativeVersionCode\":4,\"nativeVersionName\":\"1.1.01302017-4\"}','2017-04-28 22:38:46'),(3104193,'2017-04-29 02:45:24','2001','appOnStop','{\"deviceType\":\"Android\",\"osVersion\":\"7.1.2\",\"nativeVersionCode\":4,\"nativeVersionName\":\"1.1.01302017-4\"}','2017-04-28 22:38:46'),(3104194,'2017-04-29 02:45:24','2001','appOnRestart','{\"deviceType\":\"Android\",\"osVersion\":\"7.1.2\",\"nativeVersionCode\":4,\"nativeVersionName\":\"1.1.01302017-4\"}','2017-04-28 22:39:16'),(3104195,'2017-04-29 02:45:24','2001','appOnStart','{\"deviceType\":\"Android\",\"osVersion\":\"7.1.2\",\"nativeVersionCode\":4,\"nativeVersionName\":\"1.1.01302017-4\"}','2017-04-28 22:39:16'),(3104196,'2017-04-29 02:45:24','2001','appOnResume','{\"deviceType\":\"Android\",\"osVersion\":\"7.1.2\",\"nativeVersionCode\":4,\"nativeVersionName\":\"1.1.01302017-4\"}','2017-04-28 22:39:16'),(3104197,'2017-04-29 02:45:24','2001','appOnPause','{\"deviceType\":\"Android\",\"osVersion\":\"7.1.2\",\"nativeVersionCode\":4,\"nativeVersionName\":\"1.1.01302017-4\"}','2017-04-28 22:41:01'),(3104198,'2017-04-29 02:45:24','2001','appOnStop','{\"deviceType\":\"Android\",\"osVersion\":\"7.1.2\",\"nativeVersionCode\":4,\"nativeVersionName\":\"1.1.01302017-4\"}','2017-04-28 22:41:02'),(3104199,'2017-04-29 02:45:24','2001','appOnRestart','{\"deviceType\":\"Android\",\"osVersion\":\"7.1.2\",\"nativeVersionCode\":4,\"nativeVersionName\":\"1.1.01302017-4\"}','2017-04-28 22:41:06'),(3104200,'2017-04-29 02:45:24','2001','appOnStart','{\"deviceType\":\"Android\",\"osVersion\":\"7.1.2\",\"nativeVersionCode\":4,\"nativeVersionName\":\"1.1.01302017-4\"}','2017-04-28 22:41:06'),(3104201,'2017-04-29 02:45:24','2001','appOnResume','{\"deviceType\":\"Android\",\"osVersion\":\"7.1.2\",\"nativeVersionCode\":4,\"nativeVersionName\":\"1.1.01302017-4\"}','2017-04-28 22:41:06'),(3104202,'2017-04-29 02:45:24','2001','appOnPause','{\"deviceType\":\"Android\",\"osVersion\":\"7.1.2\",\"nativeVersionCode\":4,\"nativeVersionName\":\"1.1.01302017-4\"}','2017-04-28 22:43:07'),(3104203,'2017-04-29 02:45:24','2001','appOnStop','{\"deviceType\":\"Android\",\"osVersion\":\"7.1.2\",\"nativeVersionCode\":4,\"nativeVersionName\":\"1.1.01302017-4\"}','2017-04-28 22:43:07'),(3104204,'2017-04-29 02:45:24','2001','appOnRestart','{\"deviceType\":\"Android\",\"osVersion\":\"7.1.2\",\"nativeVersionCode\":4,\"nativeVersionName\":\"1.1.01302017-4\"}','2017-04-28 23:14:54'),(3104205,'2017-04-29 02:45:24','2001','appOnStart','{\"deviceType\":\"Android\",\"osVersion\":\"7.1.2\",\"nativeVersionCode\":4,\"nativeVersionName\":\"1.1.01302017-4\"}','2017-04-28 23:14:54'),(3104206,'2017-04-29 02:45:24','2001','appOnResume','{\"deviceType\":\"Android\",\"osVersion\":\"7.1.2\",\"nativeVersionCode\":4,\"nativeVersionName\":\"1.1.01302017-4\"}','2017-04-28 23:14:54'),(3104207,'2017-04-29 02:45:24','2001','appOnPause','{\"deviceType\":\"Android\",\"osVersion\":\"7.1.2\",\"nativeVersionCode\":4,\"nativeVersionName\":\"1.1.01302017-4\"}','2017-04-28 23:16:55'),(3104208,'2017-04-29 02:45:24','2001','appOnStop','{\"deviceType\":\"Android\",\"osVersion\":\"7.1.2\",\"nativeVersionCode\":4,\"nativeVersionName\":\"1.1.01302017-4\"}','2017-04-28 23:16:55'),(3104209,'2017-04-29 02:45:24','2001','appOnRestart','{\"deviceType\":\"Android\",\"osVersion\":\"7.1.2\",\"nativeVersionCode\":4,\"nativeVersionName\":\"1.1.01302017-4\"}','2017-04-28 23:24:18'),(3104210,'2017-04-29 02:45:24','2001','appOnStart','{\"deviceType\":\"Android\",\"osVersion\":\"7.1.2\",\"nativeVersionCode\":4,\"nativeVersionName\":\"1.1.01302017-4\"}','2017-04-28 23:24:18'),(3104211,'2017-04-29 02:45:24','2001','appOnResume','{\"deviceType\":\"Android\",\"osVersion\":\"7.1.2\",\"nativeVersionCode\":4,\"nativeVersionName\":\"1.1.01302017-4\"}','2017-04-28 23:24:18'),(3104212,'2017-04-29 02:45:24','2001','appOnPause','{\"deviceType\":\"Android\",\"osVersion\":\"7.1.2\",\"nativeVersionCode\":4,\"nativeVersionName\":\"1.1.01302017-4\"}','2017-04-28 23:26:26'),(3104213,'2017-04-29 02:45:24','2001','appOnStop','{\"deviceType\":\"Android\",\"osVersion\":\"7.1.2\",\"nativeVersionCode\":4,\"nativeVersionName\":\"1.1.01302017-4\"}','2017-04-28 23:26:26'),(3104214,'2017-04-29 02:45:24','2001','appOnRestart','{\"deviceType\":\"Android\",\"osVersion\":\"7.1.2\",\"nativeVersionCode\":4,\"nativeVersionName\":\"1.1.01302017-4\"}','2017-04-28 23:51:12'),(3104215,'2017-04-29 02:45:24','2001','appOnStart','{\"deviceType\":\"Android\",\"osVersion\":\"7.1.2\",\"nativeVersionCode\":4,\"nativeVersionName\":\"1.1.01302017-4\"}','2017-04-28 23:51:12'),(3104216,'2017-04-29 02:45:24','2001','appOnResume','{\"deviceType\":\"Android\",\"osVersion\":\"7.1.2\",\"nativeVersionCode\":4,\"nativeVersionName\":\"1.1.01302017-4\"}','2017-04-28 23:51:12'),(3104217,'2017-04-29 02:45:24','2001','appOnPause','{\"deviceType\":\"Android\",\"osVersion\":\"7.1.2\",\"nativeVersionCode\":4,\"nativeVersionName\":\"1.1.01302017-4\"}','2017-04-28 23:53:39'),(3104218,'2017-04-29 02:45:24','2001','appOnStop','{\"deviceType\":\"Android\",\"osVersion\":\"7.1.2\",\"nativeVersionCode\":4,\"nativeVersionName\":\"1.1.01302017-4\"}','2017-04-28 23:53:39'),(3104219,'2017-04-29 02:45:24','2001','appOnRestart','{\"deviceType\":\"Android\",\"osVersion\":\"7.1.2\",\"nativeVersionCode\":4,\"nativeVersionName\":\"1.1.01302017-4\"}','2017-04-29 00:44:56'),(3104220,'2017-04-29 02:45:24','2001','appOnStart','{\"deviceType\":\"Android\",\"osVersion\":\"7.1.2\",\"nativeVersionCode\":4,\"nativeVersionName\":\"1.1.01302017-4\"}','2017-04-29 00:44:56'),(3104221,'2017-04-29 02:45:24','2001','appOnResume','{\"deviceType\":\"Android\",\"osVersion\":\"7.1.2\",\"nativeVersionCode\":4,\"nativeVersionName\":\"1.1.01302017-4\"}','2017-04-29 00:44:56'),(3104222,'2017-04-29 02:45:24','2001','appOnPause','{\"deviceType\":\"Android\",\"osVersion\":\"7.1.2\",\"nativeVersionCode\":4,\"nativeVersionName\":\"1.1.01302017-4\"}','2017-04-29 00:44:57'),(3104223,'2017-04-29 02:45:24','2001','appOnStop','{\"deviceType\":\"Android\",\"osVersion\":\"7.1.2\",\"nativeVersionCode\":4,\"nativeVersionName\":\"1.1.01302017-4\"}','2017-04-29 00:44:57'),(3104224,'2017-04-29 02:45:24','2001','appOnDestroy','{\"deviceType\":\"Android\",\"osVersion\":\"7.1.2\",\"nativeVersionCode\":4,\"nativeVersionName\":\"1.1.01302017-4\"}','2017-04-29 00:44:59'),(3104394,'2017-04-29 05:47:17','3001','appOnPause','{\"deviceType\":\"Android\",\"osVersion\":\"7.0\",\"nativeVersionCode\":4,\"nativeVersionName\":\"1.1.01302017-4\"}','2017-04-28 22:40:51'),(3104395,'2017-04-29 05:47:17','3001','appOnStop','{\"deviceType\":\"Android\",\"osVersion\":\"7.0\",\"nativeVersionCode\":4,\"nativeVersionName\":\"1.1.01302017-4\"}','2017-04-28 22:40:51'),(3104396,'2017-04-29 05:47:17','3001','appOnRestart','{\"deviceType\":\"Android\",\"osVersion\":\"7.0\",\"nativeVersionCode\":4,\"nativeVersionName\":\"1.1.01302017-4\"}','2017-04-29 00:01:12'),(3104397,'2017-04-29 05:47:17','3001','appOnStart','{\"deviceType\":\"Android\",\"osVersion\":\"7.0\",\"nativeVersionCode\":4,\"nativeVersionName\":\"1.1.01302017-4\"}','2017-04-29 00:01:12'),(3104398,'2017-04-29 05:47:17','3001','appOnResume','{\"deviceType\":\"Android\",\"osVersion\":\"7.0\",\"nativeVersionCode\":4,\"nativeVersionName\":\"1.1.01302017-4\"}','2017-04-29 00:01:12'),(3104399,'2017-04-29 05:47:17','3001','appOnPause','{\"deviceType\":\"Android\",\"osVersion\":\"7.0\",\"nativeVersionCode\":4,\"nativeVersionName\":\"1.1.01302017-4\"}','2017-04-29 00:01:16'),(3104400,'2017-04-29 05:47:17','3001','appOnStop','{\"deviceType\":\"Android\",\"osVersion\":\"7.0\",\"nativeVersionCode\":4,\"nativeVersionName\":\"1.1.01302017-4\"}','2017-04-29 00:01:21'),(3104401,'2017-04-29 05:47:17','3001','appOnRestart','{\"deviceType\":\"Android\",\"osVersion\":\"7.0\",\"nativeVersionCode\":4,\"nativeVersionName\":\"1.1.01302017-4\"}','2017-04-29 00:01:29'),(3104402,'2017-04-29 05:47:17','3001','appOnStart','{\"deviceType\":\"Android\",\"osVersion\":\"7.0\",\"nativeVersionCode\":4,\"nativeVersionName\":\"1.1.01302017-4\"}','2017-04-29 00:01:30'),(3104403,'2017-04-29 05:47:17','3001','appOnResume','{\"deviceType\":\"Android\",\"osVersion\":\"7.0\",\"nativeVersionCode\":4,\"nativeVersionName\":\"1.1.01302017-4\"}','2017-04-29 00:01:30'),(3104404,'2017-04-29 05:47:17','3001','appOnPause','{\"deviceType\":\"Android\",\"osVersion\":\"7.0\",\"nativeVersionCode\":4,\"nativeVersionName\":\"1.1.01302017-4\"}','2017-04-29 00:01:37'),(3104405,'2017-04-29 05:47:17','3001','appOnStop','{\"deviceType\":\"Android\",\"osVersion\":\"7.0\",\"nativeVersionCode\":4,\"nativeVersionName\":\"1.1.01302017-4\"}','2017-04-29 00:01:37'),(3104406,'2017-04-29 05:47:17','3001','appOnRestart','{\"deviceType\":\"Android\",\"osVersion\":\"7.0\",\"nativeVersionCode\":4,\"nativeVersionName\":\"1.1.01302017-4\"}','2017-04-29 00:44:59'),(3104407,'2017-04-29 05:47:17','3001','appOnStart','{\"deviceType\":\"Android\",\"osVersion\":\"7.0\",\"nativeVersionCode\":4,\"nativeVersionName\":\"1.1.01302017-4\"}','2017-04-29 00:44:59'),(3104408,'2017-04-29 05:47:17','3001','appOnResume','{\"deviceType\":\"Android\",\"osVersion\":\"7.0\",\"nativeVersionCode\":4,\"nativeVersionName\":\"1.1.01302017-4\"}','2017-04-29 00:45:00'),(3104409,'2017-04-29 05:47:17','3001','appOnPause','{\"deviceType\":\"Android\",\"osVersion\":\"7.0\",\"nativeVersionCode\":4,\"nativeVersionName\":\"1.1.01302017-4\"}','2017-04-29 00:45:01'),(3104410,'2017-04-29 05:47:17','3001','appOnStop','{\"deviceType\":\"Android\",\"osVersion\":\"7.0\",\"nativeVersionCode\":4,\"nativeVersionName\":\"1.1.01302017-4\"}','2017-04-29 00:45:01'),(3104414,'2017-04-29 06:46:07','2001','notificationIssued','{\"type\":\"inProgress\"}','2017-04-29 02:45:24'),(3104421,'2017-04-29 08:45:16','2001','notificationIssued','{\"type\":\"pending\"}','2017-04-29 06:46:06');
/*!40000 ALTER TABLE `ui_logger` ENABLE KEYS */;
UNLOCK TABLES;

--
-- Table structure for table `user`
--

DROP TABLE IF EXISTS `user`;
/*!40101 SET @saved_cs_client     = @@character_set_client */;
/*!40101 SET character_set_client = utf8 */;
CREATE TABLE `user` (
  `id` int(11) NOT NULL AUTO_INCREMENT,
  `username` varchar(255) NOT NULL,
  `role` enum('admin','clinician') NOT NULL,
  `passwordHash` varchar(255) NOT NULL,
  `createdAt` datetime NOT NULL,
  `updatedAt` datetime NOT NULL,
  `deletedAt` datetime DEFAULT NULL,
  PRIMARY KEY (`id`),
  UNIQUE KEY `username` (`username`),
  UNIQUE KEY `user_username_unique` (`username`)
) ENGINE=InnoDB AUTO_INCREMENT=2 DEFAULT CHARSET=utf8;
/*!40101 SET character_set_client = @saved_cs_client */;

--
-- Dumping data for table `user`
--

LOCK TABLES `user` WRITE;
/*!40000 ALTER TABLE `user` DISABLE KEYS */;
INSERT INTO `user` VALUES (1,'clinician','admin','$2a$10$GT7AKJ.v3hvwRxyEFce8VuJq5nw9AocrMlJxVfskJzx0E2kibmdq2','2017-05-23 23:28:09','2017-05-23 23:28:09',NULL);
/*!40000 ALTER TABLE `user` ENABLE KEYS */;
UNLOCK TABLES;
/*!40103 SET TIME_ZONE=@OLD_TIME_ZONE */;

/*!40101 SET SQL_MODE=@OLD_SQL_MODE */;
/*!40014 SET FOREIGN_KEY_CHECKS=@OLD_FOREIGN_KEY_CHECKS */;
/*!40014 SET UNIQUE_CHECKS=@OLD_UNIQUE_CHECKS */;
/*!40101 SET CHARACTER_SET_CLIENT=@OLD_CHARACTER_SET_CLIENT */;
/*!40101 SET CHARACTER_SET_RESULTS=@OLD_CHARACTER_SET_RESULTS */;
/*!40101 SET COLLATION_CONNECTION=@OLD_COLLATION_CONNECTION */;
/*!40111 SET SQL_NOTES=@OLD_SQL_NOTES */;

-- Dump completed on 2017-05-26 14:50:07
